ISO3,Year,Month,Total,Domestic,International,Total_OS,Passengers,Date,Region,Holiday_Count,Holiday_Names,Holiday_Season,Quarter,Month_Name,Hemisphere
ALB,2010,1,,,,117.35,117.35,2010-01-01,Other,2.0,"New Year's Day, New Year's Day (Day 2)",Winter_Holidays,Q1,January,Northern
ALB,2010,2,,,,86.535,86.535,2010-02-01,Other,1.0,Valentine's Day,Regular,Q1,February,Northern
ALB,2010,3,,,,103.795,103.795,2010-03-01,Other,3.0,"Mothers' Day, Summer Day, Nevruz Day",Spring_Holidays,Q1,March,Northern
ALB,2010,4,,,,102.038,102.038,2010-04-01,Other,8.0,"Good Friday, Good Friday (Orthodox), Easter Saturday (Orthodox)",Spring_Holidays,Q2,April,Northern
ALB,2010,5,,,,109.037,109.037,2010-05-01,Other,1.0,International Worker?s Day,Regular,Q2,May,Northern
ALB,2010,6,,,,126.159,126.159,2010-06-01,Other,1.0,Fathers' Day,Regular,Q2,June,Northern
ALB,2010,7,,,,181.095,181.095,2010-07-01,Other,0.0,None,Regular,Q3,July,Northern
ALB,2010,8,,,,226.824,226.824,2010-08-01,Other,0.0,None,Regular,Q3,August,Northern
ALB,2010,9,,,,148.392,148.392,2010-09-01,Other,2.0,"Mother Teresa Beatification Day, Eid al-Fitr",Regular,Q3,September,Northern
ALB,2010,10,,,,110.346,110.346,2010-10-01,Other,1.0,Halloween,Regular,Q4,October,Northern
ALB,2010,11,,,,93.342,93.342,2010-11-01,Other,3.0,"Feast of the Sacrifice, Flag and Independence Day, Liberation Day",Regular,Q4,November,Northern
ALB,2010,12,,,,131.909,131.909,2010-12-01,Other,4.0,"Christmas Eve, New Year's Eve, National Youth Day",Winter_Holidays,Q4,December,Northern
ALB,2011,1,,,,135.743,135.743,2011-01-01,Other,2.0,"New Year's Day, New Year's Day (Day 2)",Winter_Holidays,Q1,January,Northern
ALB,2011,2,,,,101.417,101.417,2011-02-01,Other,1.0,Valentine's Day,Regular,Q1,February,Northern
ALB,2011,3,,,,128.551,128.551,2011-03-01,Other,3.0,"Mothers' Day, Summer Day, Nevruz Day",Spring_Holidays,Q1,March,Northern
ALB,2011,4,,,,141.269,141.269,2011-04-01,Other,8.0,"Good Friday, Good Friday (Orthodox), Easter Saturday (Orthodox)",Spring_Holidays,Q2,April,Northern
ALB,2011,5,,,,136.785,136.785,2011-05-01,Other,1.0,International Worker?s Day,Regular,Q2,May,Northern
ALB,2011,6,,,,150.219,150.219,2011-06-01,Other,1.0,Fathers' Day,Regular,Q2,June,Northern
ALB,2011,7,,,,199.495,199.495,2011-07-01,Other,0.0,None,Regular,Q3,July,Northern
ALB,2011,8,,,,234.296,234.296,2011-08-01,Other,1.0,Eid al-Fitr,Summer_Holidays,Q3,August,Northern
ALB,2011,9,,,,174.046,174.046,2011-09-01,Other,1.0,Mother Teresa Beatification Day,Regular,Q3,September,Northern
ALB,2011,10,,,,142.567,142.567,2011-10-01,Other,1.0,Halloween,Regular,Q4,October,Northern
ALB,2011,11,,,,124.214,124.214,2011-11-01,Other,3.0,"Feast of the Sacrifice, Flag and Independence Day, Liberation Day",Regular,Q4,November,Northern
ALB,2011,12,,,,148.471,148.471,2011-12-01,Other,4.0,"Christmas Eve, New Year's Eve, National Youth Day",Winter_Holidays,Q4,December,Northern
ALB,2012,1,,,,144.599,144.599,2012-01-01,Other,2.0,"New Year's Day, New Year's Day (Day 2)",Winter_Holidays,Q1,January,Northern
ALB,2012,2,,,,97.871,97.871,2012-02-01,Other,1.0,Valentine's Day,Regular,Q1,February,Northern
ALB,2012,3,,,,118.722,118.722,2012-03-01,Other,3.0,"Mothers' Day, Summer Day, Nevruz Day",Spring_Holidays,Q1,March,Northern
ALB,2012,4,,,,127.083,127.083,2012-04-01,Other,8.0,"Good Friday, Holy Saturday, Easter Monday",Spring_Holidays,Q2,April,Northern
ALB,2012,5,,,,122.242,122.242,2012-05-01,Other,1.0,International Worker?s Day,Regular,Q2,May,Northern
ALB,2012,6,,,,137.492,137.492,2012-06-01,Other,1.0,Fathers' Day,Regular,Q2,June,Northern
ALB,2012,7,,,,174.767,174.767,2012-07-01,Other,0.0,None,Regular,Q3,July,Northern
ALB,2012,8,,,,200.973,200.973,2012-08-01,Other,1.0,Eid al-Fitr,Summer_Holidays,Q3,August,Northern
ALB,2012,9,,,,153.348,153.348,2012-09-01,Other,1.0,Mother Teresa Beatification Day,Regular,Q3,September,Northern
ALB,2012,10,,,,130.603,130.603,2012-10-01,Other,2.0,"Halloween, Feast of the Sacrifice",Regular,Q4,October,Northern
ALB,2012,11,,,,121.274,121.274,2012-11-01,Other,2.0,"Flag and Independence Day, Liberation Day",Regular,Q4,November,Northern
ALB,2012,12,,,,136.357,136.357,2012-12-01,Other,5.0,"Christmas Eve, New Year's Eve, National Youth Day",Winter_Holidays,Q4,December,Northern
ALB,2013,1,,,,126.844,126.844,2013-01-01,Other,2.0,"New Year's Day, New Year's Day (Day 2)",Winter_Holidays,Q1,January,Northern
ALB,2013,2,,,,101.829,101.829,2013-02-01,Other,1.0,Valentine's Day,Regular,Q1,February,Northern
ALB,2013,3,,,,128.941,128.941,2013-03-01,Other,6.0,"Mothers' Day, Good Friday, Holy Saturday",Spring_Holidays,Q1,March,Northern
ALB,2013,4,,,,125.627,125.627,2013-04-01,Other,1.0,Easter Monday,Spring_Holidays,Q2,April,Northern
ALB,2013,5,,,,133.094,133.094,2013-05-01,Other,5.0,"Good Friday (Orthodox), Easter Saturday (Orthodox), Easter Monday (Orthodox)",Regular,Q2,May,Northern
ALB,2013,6,,,,150.111,150.111,2013-06-01,Other,1.0,Fathers' Day,Regular,Q2,June,Northern
ALB,2013,7,,,,190.259,190.259,2013-07-01,Other,0.0,None,Regular,Q3,July,Northern
ALB,2013,8,,,,216.834,216.834,2013-08-01,Other,1.0,Eid al-Fitr,Summer_Holidays,Q3,August,Northern
ALB,2013,9,,,,172.452,172.452,2013-09-01,Other,1.0,Mother Teresa Beatification Day,Regular,Q3,September,Northern
ALB,2013,10,,,,147.855,147.855,2013-10-01,Other,2.0,"Halloween, Feast of the Sacrifice",Regular,Q4,October,Northern
ALB,2013,11,,,,120.15,120.15,2013-11-01,Other,2.0,"Flag and Independence Day, Liberation Day",Regular,Q4,November,Northern
ALB,2013,12,,,,143.346,143.346,2013-12-01,Other,5.0,"Christmas Eve, New Year's Eve, National Youth Day",Winter_Holidays,Q4,December,Northern
ALB,2014,1,,,,143.816,143.816,2014-01-01,Other,2.0,"New Year's Day, New Year's Day (Day 2)",Winter_Holidays,Q1,January,Northern
ALB,2014,2,,,,109.584,109.584,2014-02-01,Other,1.0,Valentine's Day,Regular,Q1,February,Northern
ALB,2014,3,,,,132.521,132.521,2014-03-01,Other,3.0,"Mothers' Day, Summer Day, Nevruz Day",Spring_Holidays,Q1,March,Northern
ALB,2014,4,,,,137.687,137.687,2014-04-01,Other,8.0,"Good Friday, Good Friday (Orthodox), Easter Saturday (Orthodox)",Spring_Holidays,Q2,April,Northern
ALB,2014,5,,,,141.343,141.343,2014-05-01,Other,1.0,International Worker?s Day,Regular,Q2,May,Northern
ALB,2014,6,,,,153.692,153.692,2014-06-01,Other,1.0,Fathers' Day,Regular,Q2,June,Northern
ALB,2014,7,,,,186.278,186.278,2014-07-01,Other,1.0,Eid al-Fitr,Summer_Holidays,Q3,July,Northern
ALB,2014,8,,,,212.567,212.567,2014-08-01,Other,0.0,None,Regular,Q3,August,Northern
ALB,2014,9,,,,173.358,173.358,2014-09-01,Other,1.0,Mother Teresa Beatification Day,Regular,Q3,September,Northern
ALB,2014,10,,,,150.81,150.81,2014-10-01,Other,2.0,"Halloween, Feast of the Sacrifice",Regular,Q4,October,Northern
ALB,2014,11,,,,127.68,127.68,2014-11-01,Other,2.0,"Flag and Independence Day, Liberation Day",Regular,Q4,November,Northern
ALB,2014,12,,,,140.969,140.969,2014-12-01,Other,4.0,"Christmas Eve, New Year's Eve, National Youth Day",Winter_Holidays,Q4,December,Northern
ALB,2015,1,,,,135.863,135.863,2015-01-01,Other,2.0,"New Year's Day, New Year's Day (Day 2)",Winter_Holidays,Q1,January,Northern
ALB,2015,2,,,,111.018,111.018,2015-02-01,Other,1.0,Valentine's Day,Regular,Q1,February,Northern
ALB,2015,3,,,,138.878,138.878,2015-03-01,Other,3.0,"Mothers' Day, Summer Day, Nevruz Day",Spring_Holidays,Q1,March,Northern
ALB,2015,4,,,,150.029,150.029,2015-04-01,Other,8.0,"Good Friday, Holy Saturday, Easter Monday",Spring_Holidays,Q2,April,Northern
ALB,2015,5,,,,157.779,157.779,2015-05-01,Other,1.0,International Worker?s Day,Regular,Q2,May,Northern
ALB,2015,6,,,,173.449,173.449,2015-06-01,Other,1.0,Fathers' Day,Regular,Q2,June,Northern
ALB,2015,7,,,,213.546,213.546,2015-07-01,Other,1.0,Eid al-Fitr,Summer_Holidays,Q3,July,Northern
ALB,2015,8,,,,237.808,237.808,2015-08-01,Other,0.0,None,Regular,Q3,August,Northern
ALB,2015,9,,,,193.7,193.7,2015-09-01,Other,2.0,"Mother Teresa Beatification Day, Feast of the Sacrifice",Regular,Q3,September,Northern
ALB,2015,10,,,,167.372,167.372,2015-10-01,Other,1.0,Halloween,Regular,Q4,October,Northern
ALB,2015,11,,,,140.165,140.165,2015-11-01,Other,2.0,"Flag and Independence Day, Liberation Day",Regular,Q4,November,Northern
ALB,2015,12,,,,157.437,157.437,2015-12-01,Other,4.0,"Christmas Eve, New Year's Eve, National Youth Day",Winter_Holidays,Q4,December,Northern
ALB,2016,1,,,,149.063,149.063,2016-01-01,Other,2.0,"New Year's Day, New Year's Day (Day 2)",Winter_Holidays,Q1,January,Northern
ALB,2016,2,,,,127.095,127.095,2016-02-01,Other,1.0,Valentine's Day,Regular,Q1,February,Northern
ALB,2016,3,,,,147.463,147.463,2016-03-01,Other,7.0,"Mothers' Day, Good Friday, Holy Saturday",Spring_Holidays,Q1,March,Northern
ALB,2016,4,,,,148.33,148.33,2016-04-01,Other,2.0,"Good Friday (Orthodox), Easter Saturday (Orthodox)",Spring_Holidays,Q2,April,Northern
ALB,2016,5,,,,162.017,162.017,2016-05-01,Other,3.0,"Easter Monday (Orthodox), Easter Sunday (Orthodox), International Worker?s Day",Regular,Q2,May,Northern
ALB,2016,6,,,,181.574,181.574,2016-06-01,Other,1.0,Fathers' Day,Regular,Q2,June,Northern
ALB,2016,7,,,,223.442,223.442,2016-07-01,Other,1.0,Eid al-Fitr,Summer_Holidays,Q3,July,Northern
ALB,2016,8,,,,258.959,258.959,2016-08-01,Other,0.0,None,Regular,Q3,August,Northern
ALB,2016,9,,,,214.726,214.726,2016-09-01,Other,2.0,"Mother Teresa Beatification Day, Feast of the Sacrifice",Regular,Q3,September,Northern
ALB,2016,10,,,,200.303,200.303,2016-10-01,Other,1.0,Halloween,Regular,Q4,October,Northern
ALB,2016,11,,,,175.763,175.763,2016-11-01,Other,2.0,"Flag and Independence Day, Liberation Day",Regular,Q4,November,Northern
ALB,2016,12,,,,206.365,206.365,2016-12-01,Other,4.0,"Christmas Eve, New Year's Eve, National Youth Day",Winter_Holidays,Q4,December,Northern
ALB,2017,1,,,,191.759,191.759,2017-01-01,Other,2.0,"New Year's Day, New Year's Day (Day 2)",Winter_Holidays,Q1,January,Northern
ALB,2017,2,,,,140.368,140.368,2017-02-01,Other,1.0,Valentine's Day,Regular,Q1,February,Northern
ALB,2017,3,,,,175.914,175.914,2017-03-01,Other,3.0,"Mothers' Day, Summer Day, Nevruz Day",Spring_Holidays,Q1,March,Northern
ALB,2017,4,,,,189.763,189.763,2017-04-01,Other,8.0,"Good Friday, Good Friday (Orthodox), Easter Saturday (Orthodox)",Spring_Holidays,Q2,April,Northern
ALB,2017,5,,,,192.938,192.938,2017-05-01,Other,1.0,International Worker?s Day,Regular,Q2,May,Northern
ALB,2017,6,,,,229.584,229.584,2017-06-01,Other,2.0,"Fathers' Day, Eid al-Fitr",Regular,Q2,June,Northern
ALB,2017,7,,,,293.064,293.064,2017-07-01,Other,0.0,None,Regular,Q3,July,Northern
ALB,2017,8,,,,328.317,328.317,2017-08-01,Other,0.0,None,Regular,Q3,August,Northern
ALB,2017,9,,,,267.104,267.104,2017-09-01,Other,2.0,"Feast of the Sacrifice, Mother Teresa Beatification Day",Regular,Q3,September,Northern
ALB,2017,10,,,,216.022,216.022,2017-10-01,Other,1.0,Halloween,Regular,Q4,October,Northern
ALB,2017,11,,,,186.164,186.164,2017-11-01,Other,2.0,"Flag and Independence Day, Liberation Day",Regular,Q4,November,Northern
ALB,2017,12,,,,219.341,219.341,2017-12-01,Other,4.0,"Christmas Eve, New Year's Eve, National Youth Day",Winter_Holidays,Q4,December,Northern
ARE,2014,1,,,,8769.155,8769.155,2014-01-01,Other,1.0,Mouloud (The Prophet's Birthday),Winter_Holidays,Q1,January,Northern
ARE,2014,2,,,,7778.523,7778.523,2014-02-01,Other,0.0,None,Regular,Q1,February,Northern
ARE,2014,3,,,,8629.734,8629.734,2014-03-01,Other,0.0,None,Regular,Q1,March,Northern
ARE,2014,4,,,,8541.271,8541.271,2014-04-01,Other,0.0,None,Regular,Q2,April,Northern
ARE,2014,5,,,,7647.589,7647.589,2014-05-01,Other,1.0,Leilat al-Meiraj (The Prophet's Ascension),Regular,Q2,May,Northern
ARE,2014,6,,,,7648.147,7648.147,2014-06-01,Other,0.0,None,Regular,Q2,June,Northern
ARE,2014,7,,,,7653.026,7653.026,2014-07-01,Other,2.0,"Eid al-Fitr, Eid al-Fitr Holiday 1",Summer_Holidays,Q3,July,Northern
ARE,2014,8,,,,9409.965,9409.965,2014-08-01,Other,0.0,None,Regular,Q3,August,Northern
ARE,2014,9,,,,8411.89,8411.89,2014-09-01,Other,1.0,Hajj season begins,Regular,Q3,September,Northern
ARE,2014,10,,,,8440.697,8440.697,2014-10-01,Other,5.0,"Arafat (Hajj) Day, Eid al-Adha (Feast of Sacrifice), Eid al-Adha Holiday 1",Regular,Q4,October,Northern
ARE,2014,11,,,,7797.602,7797.602,2014-11-01,Other,0.0,None,Regular,Q4,November,Northern
ARE,2014,12,,,,9129.764,9129.764,2014-12-01,Other,6.0,"National Day Holiday (Public Sector), New Year's Eve, National Day",Winter_Holidays,Q4,December,Northern
ARE,2015,1,,,,9619.214,9619.214,2015-01-01,Other,1.0,Mouloud (The Prophet's Birthday),Winter_Holidays,Q1,January,Northern
ARE,2015,2,,,,8420.037,8420.037,2015-02-01,Other,0.0,None,Regular,Q1,February,Northern
ARE,2015,3,,,,9481.487,9481.487,2015-03-01,Other,0.0,None,Regular,Q1,March,Northern
ARE,2015,4,,,,9190.248,9190.248,2015-04-01,Other,0.0,None,Regular,Q2,April,Northern
ARE,2015,5,,,,8955.788,8955.788,2015-05-01,Other,1.0,Leilat al-Meiraj (The Prophet's Ascension),Regular,Q2,May,Northern
ARE,2015,6,,,,8538.044,8538.044,2015-06-01,Other,0.0,None,Regular,Q2,June,Northern
ARE,2015,7,,,,9620.921,9620.921,2015-07-01,Other,6.0,"Eid al-Fitr Holiday 1, Eid al-Fitr, Eid al-Fitr Holiday 2",Summer_Holidays,Q3,July,Northern
ARE,2015,8,,,,10465.962,10465.962,2015-08-01,Other,0.0,None,Regular,Q3,August,Northern
ARE,2015,9,,,,9324.008,9324.008,2015-09-01,Other,5.0,"Hajj season begins, Arafat (Hajj) Day, Eid al-Adha (Feast of Sacrifice)",Regular,Q3,September,Northern
ARE,2015,10,,,,9031.53,9031.53,2015-10-01,Other,3.0,"Al-Hijra (Islamic New Year), Al-Hijra Public Sector Holiday (Islamic New Year)",Regular,Q4,October,Northern
ARE,2015,11,,,,8613.162,8613.162,2015-11-01,Other,1.0,Commemoration Day,Regular,Q4,November,Northern
ARE,2015,12,,,,10081.008,10081.008,2015-12-01,Other,7.0,"National Day Holiday (Public Sector), New Year's Eve, National Day",Winter_Holidays,Q4,December,Northern
ARE,2016,1,,,,10411.417,10411.417,2016-01-01,Other,0.0,None,Regular,Q1,January,Northern
ARE,2016,2,,,,9078.376,9078.376,2016-02-01,Other,0.0,None,Regular,Q1,February,Northern
ARE,2016,3,,,,10190.089,10190.089,2016-03-01,Other,0.0,None,Regular,Q1,March,Northern
ARE,2016,4,,,,9854.315,9854.315,2016-04-01,Other,0.0,None,Regular,Q2,April,Northern
ARE,2016,5,,,,9628.362,9628.362,2016-05-01,Other,1.0,Leilat al-Meiraj (The Prophet's Ascension),Regular,Q2,May,Northern
ARE,2016,6,,,,8540.116,8540.116,2016-06-01,Other,1.0,Ramadan Start,Regular,Q2,June,Northern
ARE,2016,7,,,,10843.967,10843.967,2016-07-01,Other,2.0,"Eid al-Fitr, Eid al-Fitr Holiday 2",Summer_Holidays,Q3,July,Northern
ARE,2016,8,,,,11075.807,11075.807,2016-08-01,Other,0.0,None,Regular,Q3,August,Northern
ARE,2016,9,,,,10195.658,10195.658,2016-09-01,Other,7.0,"Hajj season begins, Arafat (Hajj) Day, Eid al-Adha (Feast of Sacrifice)",Regular,Q3,September,Northern
ARE,2016,10,,,,9197.659,9197.659,2016-10-01,Other,1.0,Al-Hijra (Islamic New Year),Regular,Q4,October,Northern
ARE,2016,11,,,,9324.073,9324.073,2016-11-01,Other,0.0,None,Regular,Q4,November,Northern
ARE,2016,12,,,,10843.978,10843.978,2016-12-01,Other,4.0,"New Year's Eve, Commemoration Day, National Day",Winter_Holidays,Q4,December,Northern
ARE,2017,1,,,,11216.156,11216.156,2017-01-01,Other,0.0,None,Regular,Q1,January,Northern
ARE,2017,2,,,,9686.152,9686.152,2017-02-01,Other,0.0,None,Regular,Q1,February,Northern
ARE,2017,3,,,,10488.111,10488.111,2017-03-01,Other,0.0,None,Regular,Q1,March,Northern
ARE,2017,4,,,,10660.273,10660.273,2017-04-01,Other,1.0,Leilat al-Meiraj (The Prophet's Ascension),Spring_Holidays,Q2,April,Northern
ARE,2017,5,,,,9741.994,9741.994,2017-05-01,Other,1.0,Ramadan Start,Regular,Q2,May,Northern
ARE,2017,6,,,,8683.602,8683.602,2017-06-01,Other,3.0,"Eid al-Fitr, Eid al-Fitr Holiday 1, Eid al-Fitr Holiday 2",Regular,Q2,June,Northern
ARE,2017,7,,,,11242.519,11242.519,2017-07-01,Other,0.0,None,Regular,Q3,July,Northern
ARE,2017,8,,,,11502.817,11502.817,2017-08-01,Other,2.0,"Hajj season begins, Arafat (Hajj) Day",Summer_Holidays,Q3,August,Northern
ARE,2017,9,,,,10055.124,10055.124,2017-09-01,Other,4.0,"Eid al-Adha (Feast of Sacrifice), Eid al-Adha Holiday 1, Eid al-Adha Holiday 2",Regular,Q3,September,Northern
ARE,2017,10,,,,9438.491,9438.491,2017-10-01,Other,0.0,None,Regular,Q4,October,Northern
ARE,2017,11,,,,7857.422,7857.422,2017-11-01,Other,2.0,"Commemoration Day, Mouloud (The Prophet's Birthday)",Regular,Q4,November,Northern
ARE,2017,12,,,,8835.494,8835.494,2017-12-01,Other,2.0,"New Year's Eve, National Day",Winter_Holidays,Q4,December,Northern
ARG,2017,1,,,,3386.517,3386.517,2017-01-01,Latin America,1.0,New Year's Day,Winter_Holidays,Q1,January,Southern
ARG,2017,2,,,,3065.808,3065.808,2017-02-01,Latin America,2.0,"Carnival / Shrove Monday, Carnival / Shrove Tuesday",Regular,Q1,February,Southern
ARG,2017,3,,,,3129.119,3129.119,2017-03-01,Latin America,1.0,Memorial Day,Spring_Holidays,Q1,March,Southern
ARG,2017,4,,,,2797.697,2797.697,2017-04-01,Latin America,10.0,"Passover Eve, First day of Passover, Second Day of Passover",Spring_Holidays,Q2,April,Southern
ARG,2017,5,,,,2768.468,2768.468,2017-05-01,Latin America,2.0,"Labor Day / May Day, National Day/May 1810 Revolution",Regular,Q2,May,Southern
ARG,2017,6,,,,2573.685,2573.685,2017-06-01,Latin America,2.0,"Commemoration of General Don Mart?n Miguel de G?emes, Flag Day",Regular,Q2,June,Southern
ARM,2011,1,,,,108.9950397,108.9950397,2011-01-01,Other,8.0,"New Year's Day, New Year's Day (Day 2), New Year's Day (Day 3)",Winter_Holidays,Q1,January,Northern
ARM,2011,3,,,,97.306,97.306,2011-03-01,Other,2.0,"Feast of Saint Vartan, International Women's Day",Spring_Holidays,Q1,March,Northern
ARM,2011,4,,,,112.474,112.474,2011-04-01,Other,6.0,"Motherhood and Beauty Day, Good Friday, Holy Saturday",Spring_Holidays,Q2,April,Northern
ARM,2011,5,,,,122.956,122.956,2011-05-01,Other,4.0,"Yerkrapah Day, Labour Day/May Day, Victory and Peace Day",Regular,Q2,May,Northern
ARM,2011,6,,,,143.098,143.098,2011-06-01,Other,2.0,"Children's Day, Fathers' Day",Regular,Q2,June,Northern
ARM,2011,7,,,,182.039,182.039,2011-07-01,Other,2.0,"Constitution Day, Vardavar",Summer_Holidays,Q3,July,Northern
ARM,2011,8,,,,198.969,198.969,2011-08-01,Other,0.0,None,Regular,Q3,August,Northern
ARM,2011,9,,,,155.375,155.375,2011-09-01,Other,2.0,"Knowledge and Literature Day, Independence Day",Regular,Q3,September,Northern
ARM,2011,10,,,,141.707,141.707,2011-10-01,Other,2.0,"Translators' Day, Halloween",Regular,Q4,October,Northern
ARM,2011,11,,,,123.086,123.086,2011-11-01,Other,0.0,None,Regular,Q4,November,Northern
ARM,2011,12,,,,126.143,126.143,2011-12-01,Other,2.0,"Spitak Remembrance Day, New Year's Eve",Winter_Holidays,Q4,December,Northern
ARM,2012,1,,,,109.867,109.867,2012-01-01,Other,8.0,"New Year's Day, New Year's Day (Day 2), New Year's Day (Day 3)",Winter_Holidays,Q1,January,Northern
ARM,2012,2,,,,91.013,91.013,2012-02-01,Other,2.0,"Valentine's Day, Feast of Saint Vartan",Regular,Q1,February,Northern
ARM,2012,3,,,,102.01,102.01,2012-03-01,Other,1.0,International Women's Day,Spring_Holidays,Q1,March,Northern
ARM,2012,4,,,,126.595,126.595,2012-04-01,Other,6.0,"Good Friday, Holy Saturday, Motherhood and Beauty Day",Spring_Holidays,Q2,April,Northern
ARM,2012,5,,,,133.009,133.009,2012-05-01,Other,4.0,"Yerkrapah Day, Labour Day/May Day, Victory and Peace Day",Regular,Q2,May,Northern
ARM,2012,6,,,,153.839,153.839,2012-06-01,Other,2.0,"Children's Day, Fathers' Day",Regular,Q2,June,Northern
ARM,2012,7,,,,186.649,186.649,2012-07-01,Other,2.0,"Constitution Day, Vardavar",Summer_Holidays,Q3,July,Northern
ARM,2012,8,,,,205.444,205.444,2012-08-01,Other,0.0,None,Regular,Q3,August,Northern
ARM,2012,9,,,,162.852,162.852,2012-09-01,Other,2.0,"Knowledge and Literature Day, Independence Day",Regular,Q3,September,Northern
ARM,2012,10,,,,150.588,150.588,2012-10-01,Other,2.0,"Translators' Day, Halloween",Regular,Q4,October,Northern
ARM,2012,11,,,,129.786,129.786,2012-11-01,Other,0.0,None,Regular,Q4,November,Northern
ARM,2012,12,,,,136.383,136.383,2012-12-01,Other,2.0,"Spitak Remembrance Day, New Year's Eve",Winter_Holidays,Q4,December,Northern
ARM,2013,1,,,,112.382,112.382,2013-01-01,Other,8.0,"New Year's Day, New Year's Day (Day 2), New Year's Day (Day 3)",Winter_Holidays,Q1,January,Northern
ARM,2013,2,,,,91.17,91.17,2013-02-01,Other,2.0,"Feast of Saint Vartan, Valentine's Day",Regular,Q1,February,Northern
ARM,2013,3,,,,102.915,102.915,2013-03-01,Other,4.0,"Good Friday, Holy Saturday, Easter Sunday",Spring_Holidays,Q1,March,Northern
ARM,2013,4,,,,116.846,116.846,2013-04-01,Other,3.0,"Easter Monday, Motherhood and Beauty Day, Genocide Remembrance Day",Spring_Holidays,Q2,April,Northern
ARM,2013,5,,,,125.114,125.114,2013-05-01,Other,4.0,"Yerkrapah Day, Labour Day/May Day, Victory and Peace Day",Regular,Q2,May,Northern
ARM,2013,6,,,,145.066,145.066,2013-06-01,Other,2.0,"Children's Day, Fathers' Day",Regular,Q2,June,Northern
ARM,2013,7,,,,179.581,179.581,2013-07-01,Other,2.0,"Constitution Day, Vardavar",Summer_Holidays,Q3,July,Northern
ARM,2013,8,,,,197.731,197.731,2013-08-01,Other,0.0,None,Regular,Q3,August,Northern
ARM,2013,9,,,,169.613,169.613,2013-09-01,Other,2.0,"Knowledge and Literature Day, Independence Day",Regular,Q3,September,Northern
ARM,2013,10,,,,162.383,162.383,2013-10-01,Other,2.0,"Translators' Day, Halloween",Regular,Q4,October,Northern
ARM,2013,11,,,,135.59,135.59,2013-11-01,Other,0.0,None,Regular,Q4,November,Northern
ARM,2013,12,,,,153.319,153.319,2013-12-01,Other,2.0,"Spitak Remembrance Day, New Year's Eve",Winter_Holidays,Q4,December,Northern
ARM,2014,1,,,,128.986,128.986,2014-01-01,Other,9.0,"New Year's Day, New Year's Day (Day 2), New Year's Day (Day 3)",Winter_Holidays,Q1,January,Northern
ARM,2014,2,,,,100.356,100.356,2014-02-01,Other,3.0,"Valentine's Day, Feast of Saint Vartan, Special Working Day",Regular,Q1,February,Northern
ARM,2014,3,,,,121.958,121.958,2014-03-01,Other,1.0,International Women's Day,Spring_Holidays,Q1,March,Northern
ARM,2014,4,,,,136.73,136.73,2014-04-01,Other,7.0,"Motherhood and Beauty Day, Good Friday, Holy Saturday",Spring_Holidays,Q2,April,Northern
ARM,2014,5,,,,171.431,171.431,2014-05-01,Other,6.0,"Yerkrapah Day, Labour Day/May Day, Labour Day/May Day holiday",Regular,Q2,May,Northern
ARM,2014,6,,,,208.408,208.408,2014-06-01,Other,2.0,"Children's Day, Fathers' Day",Regular,Q2,June,Northern
ARM,2014,7,,,,242.098,242.098,2014-07-01,Other,3.0,"Constitution Day, Vardavar, Vardavar holiday",Summer_Holidays,Q3,July,Northern
ARM,2014,8,,,,265.54,265.54,2014-08-01,Other,2.0,"Extra holiday, Special Working Day",Summer_Holidays,Q3,August,Northern
ARM,2014,9,,,,197.602,197.602,2014-09-01,Other,4.0,"Knowledge and Literature Day, Extra holiday, Independence Day",Regular,Q3,September,Northern
ARM,2014,10,,,,179.602,179.602,2014-10-01,Other,2.0,"Translators' Day, Halloween",Regular,Q4,October,Northern
ARM,2014,11,,,,144.096,144.096,2014-11-01,Other,0.0,None,Regular,Q4,November,Northern
ARM,2014,12,,,,148.251,148.251,2014-12-01,Other,2.0,"Spitak Remembrance Day, New Year's Eve",Winter_Holidays,Q4,December,Northern
ARM,2015,1,,,,131.916,131.916,2015-01-01,Other,8.0,"New Year's Day, New Year's Day (Day 2), New Year's Day (Day 3)",Winter_Holidays,Q1,January,Northern
ARM,2015,2,,,,99.275,99.275,2015-02-01,Other,2.0,"Feast of Saint Vartan, Valentine's Day",Regular,Q1,February,Northern
ARM,2015,3,,,,117.288,117.288,2015-03-01,Other,1.0,International Women's Day,Spring_Holidays,Q1,March,Northern
ARM,2015,4,,,,144.4,144.4,2015-04-01,Other,6.0,"Good Friday, Holy Saturday, Easter Sunday",Spring_Holidays,Q2,April,Northern
ARM,2015,5,,,,158.292,158.292,2015-05-01,Other,4.0,"Yerkrapah Day, Labour Day/May Day, Victory and Peace Day",Regular,Q2,May,Northern
ARM,2015,6,,,,176.791,176.791,2015-06-01,Other,2.0,"Children's Day, Fathers' Day",Regular,Q2,June,Northern
ARM,2015,7,,,,212.999,212.999,2015-07-01,Other,4.0,"Constitution Day, Vardavar, Vardavar additional non-working day",Summer_Holidays,Q3,July,Northern
ARM,2015,8,,,,227.607,227.607,2015-08-01,Other,0.0,None,Regular,Q3,August,Northern
ARM,2015,9,,,,171.659,171.659,2015-09-01,Other,2.0,"Knowledge and Literature Day, Independence Day",Regular,Q3,September,Northern
ARM,2015,10,,,,155.611,155.611,2015-10-01,Other,2.0,"Translators' Day, Halloween",Regular,Q4,October,Northern
ARM,2015,11,,,,130.707,130.707,2015-11-01,Other,0.0,None,Regular,Q4,November,Northern
ARM,2015,12,,,,153.122,153.122,2015-12-01,Other,2.0,"Spitak Remembrance Day, New Year's Eve",Winter_Holidays,Q4,December,Northern
ARM,2016,1,,,,137.303,137.303,2016-01-01,Other,8.0,"New Year's Day, New Year's Day (Day 2), New Year's Day (Day 3)",Winter_Holidays,Q1,January,Northern
ARM,2016,2,,,,113.729,113.729,2016-02-01,Other,2.0,"Feast of Saint Vartan, Valentine's Day",Regular,Q1,February,Northern
ARM,2016,3,,,,133.666,133.666,2016-03-01,Other,5.0,"Good Friday, Holy Saturday, Easter Sunday",Spring_Holidays,Q1,March,Northern
ARM,2016,4,,,,131.829,131.829,2016-04-01,Other,2.0,"Motherhood and Beauty Day, Genocide Remembrance Day",Spring_Holidays,Q2,April,Northern
ARM,2016,5,,,,147.319,147.319,2016-05-01,Other,4.0,"Yerkrapah Day, Labour Day/May Day, Victory and Peace Day",Regular,Q2,May,Northern
ARM,2016,6,,,,175.276,175.276,2016-06-01,Other,2.0,"Children's Day, Fathers' Day",Regular,Q2,June,Northern
ARM,2016,7,,,,227.41,227.41,2016-07-01,Other,2.0,"Vardavar, Constitution Day",Summer_Holidays,Q3,July,Northern
ARM,2016,8,,,,255.252,255.252,2016-08-01,Other,0.0,None,Regular,Q3,August,Northern
ARM,2016,9,,,,220.716,220.716,2016-09-01,Other,2.0,"Knowledge and Literature Day, Independence Day",Regular,Q3,September,Northern
ARM,2016,10,,,,205.426,205.426,2016-10-01,Other,2.0,"Translators' Day, Halloween",Regular,Q4,October,Northern
ARM,2016,11,,,,168.596,168.596,2016-11-01,Other,0.0,None,Regular,Q4,November,Northern
ARM,2016,12,,,,189.018,189.018,2016-12-01,Other,2.0,"Spitak Remembrance Day, New Year's Eve",Winter_Holidays,Q4,December,Northern
ARM,2017,1,,,,168.741,168.741,2017-01-01,Other,8.0,"New Year's Day, New Year's Day (Day 2), New Year's Day (Day 3)",Winter_Holidays,Q1,January,Northern
ARM,2017,2,,,,132.039,132.039,2017-02-01,Other,2.0,"Valentine's Day, Feast of Saint Vartan",Regular,Q1,February,Northern
ARM,2017,3,,,,165.512,165.512,2017-03-01,Other,1.0,International Women's Day,Spring_Holidays,Q1,March,Northern
ARM,2017,4,,,,183.108,183.108,2017-04-01,Other,6.0,"Motherhood and Beauty Day, Good Friday, Holy Saturday",Spring_Holidays,Q2,April,Northern
ARM,2017,5,,,,198.182,198.182,2017-05-01,Other,4.0,"Yerkrapah Day, Labour Day/May Day, Victory and Peace Day",Regular,Q2,May,Northern
ARM,2017,6,,,,211.252,211.252,2017-06-01,Other,2.0,"Children's Day, Fathers' Day",Regular,Q2,June,Northern
ARM,2017,7,,,,270.751,270.751,2017-07-01,Other,2.0,"Vardavar, Constitution Day",Summer_Holidays,Q3,July,Northern
ARM,2017,8,,,,281.345,281.345,2017-08-01,Other,0.0,None,Regular,Q3,August,Northern
ARM,2017,9,,,,245.364,245.364,2017-09-01,Other,2.0,"Knowledge and Literature Day, Independence Day",Regular,Q3,September,Northern
ARM,2017,10,,,,220.726,220.726,2017-10-01,Other,2.0,"Translators' Day, Halloween",Regular,Q4,October,Northern
ARM,2017,11,,,,178.748,178.748,2017-11-01,Other,0.0,None,Regular,Q4,November,Northern
ARM,2017,12,,,,192.482,192.482,2017-12-01,Other,2.0,"Spitak Remembrance Day, New Year's Eve",Winter_Holidays,Q4,December,Northern
AUS,2010,1,6568.0,4085.0,2483.0,,6568.0,2010-01-01,Oceania,2.0,"New Year's Day, Australia Day",Winter_Holidays,Q1,January,Southern
AUS,2010,2,5941.0,3911.0,2030.0,,5941.0,2010-02-01,Oceania,2.0,"Chinese New Year, Valentine's Day",Regular,Q1,February,Southern
AUS,2010,3,6554.0,4408.0,2146.0,,6554.0,2010-03-01,Oceania,3.0,"St Patrick's Day, Harmony Day, Canberra Day",Spring_Holidays,Q1,March,Southern
AUS,2010,4,6415.0,4352.0,2063.0,,6415.0,2010-04-01,Oceania,5.0,"Holy Saturday, Easter Sunday, Good Friday",Spring_Holidays,Q2,April,Southern
AUS,2010,5,6040.0,4153.0,1886.0,,6040.0,2010-05-01,Oceania,2.0,"Mother's Day, National Sorry Day",Regular,Q2,May,Southern
AUS,2010,6,6254.0,4158.0,2096.0,,6254.0,2010-06-01,Oceania,2.0,"Queen's Birthday, Queensland Day",Regular,Q2,June,Southern
AUS,2010,7,7034.0,4633.0,2401.0,,7034.0,2010-07-01,Oceania,1.0,First Day of NAIDOC Week,Summer_Holidays,Q3,July,Southern
AUS,2010,8,6733.0,4519.0,2214.0,,6733.0,2010-08-01,Oceania,0.0,None,Regular,Q3,August,Southern
AUS,2010,9,6930.0,4613.0,2316.0,,6930.0,2010-09-01,Oceania,1.0,Father's Day,Regular,Q3,September,Southern
AUS,2010,10,7205.0,4832.0,2373.0,,7205.0,2010-10-01,Oceania,1.0,Halloween,Regular,Q4,October,Southern
AUS,2010,11,6804.0,4598.0,2206.0,,6804.0,2010-11-01,Oceania,3.0,"Diwali/Deepavali, Remembrance Day, First Sunday of Advent",Regular,Q4,November,Southern
AUS,2010,12,7269.0,4692.0,2577.0,,7269.0,2010-12-01,Oceania,6.0,"Christmas Eve, New Year's Eve, Christmas Day",Winter_Holidays,Q4,December,Southern
AUS,2011,1,7096.0,4387.0,2709.0,,7096.0,2011-01-01,Oceania,2.0,"New Year's Day, Australia Day",Winter_Holidays,Q1,January,Southern
AUS,2011,2,6043.0,3923.0,2120.0,,6043.0,2011-02-01,Oceania,2.0,"Chinese New Year, Valentine's Day",Regular,Q1,February,Southern
AUS,2011,3,6647.0,4535.0,2112.0,,6647.0,2011-03-01,Oceania,3.0,"St Patrick's Day, Harmony Day, Canberra Day",Spring_Holidays,Q1,March,Southern
AUS,2011,4,6810.0,4525.0,2285.0,,6810.0,2011-04-01,Oceania,6.0,"Holy Saturday, Easter Sunday, Good Friday",Spring_Holidays,Q2,April,Southern
AUS,2011,5,6458.0,4378.0,2079.0,,6458.0,2011-05-01,Oceania,2.0,"Mother's Day, National Sorry Day",Regular,Q2,May,Southern
AUS,2011,6,6250.0,4094.0,2156.0,,6250.0,2011-06-01,Oceania,2.0,"Queen's Birthday, Queensland Day",Regular,Q2,June,Southern
AUS,2011,7,7216.0,4684.0,2532.0,,7216.0,2011-07-01,Oceania,1.0,First Day of NAIDOC Week,Summer_Holidays,Q3,July,Southern
AUS,2011,8,6859.0,4550.0,2309.0,,6859.0,2011-08-01,Oceania,0.0,None,Regular,Q3,August,Southern
AUS,2011,9,6949.0,4547.0,2402.0,,6949.0,2011-09-01,Oceania,1.0,Father's Day,Regular,Q3,September,Southern
AUS,2011,10,7168.0,4691.0,2476.0,,7168.0,2011-10-01,Oceania,2.0,"Diwali/Deepavali, Halloween",Regular,Q4,October,Southern
AUS,2011,11,6880.0,4577.0,2303.0,,6880.0,2011-11-01,Oceania,2.0,"Remembrance Day, First Sunday of Advent",Regular,Q4,November,Southern
AUS,2011,12,7226.0,4555.0,2671.0,,7226.0,2011-12-01,Oceania,6.0,"Christmas Eve, New Year's Eve, Christmas Day",Winter_Holidays,Q4,December,Southern
AUS,2012,1,7276.0,4472.0,2804.0,,7276.0,2012-01-01,Oceania,4.0,"Chinese New Year, New Year's Day, New Year's Day observed",Winter_Holidays,Q1,January,Southern
AUS,2012,2,6342.0,4121.0,2221.0,,6342.0,2012-02-01,Oceania,1.0,Valentine's Day,Regular,Q1,February,Southern
AUS,2012,3,6978.0,4653.0,2325.0,,6978.0,2012-03-01,Oceania,4.0,"St Patrick's Day, Harmony Day, National Close the Gap Day",Spring_Holidays,Q1,March,Southern
AUS,2012,4,6908.0,4529.0,2379.0,,6908.0,2012-04-01,Oceania,5.0,"Holy Saturday, Easter Sunday, Good Friday",Spring_Holidays,Q2,April,Southern
AUS,2012,5,6559.0,4460.0,2099.0,,6559.0,2012-05-01,Oceania,2.0,"Mother's Day, National Sorry Day",Regular,Q2,May,Southern
AUS,2012,6,6716.0,4355.0,2361.0,,6716.0,2012-06-01,Oceania,2.0,"Queen's Birthday, Queensland Day",Regular,Q2,June,Southern
AUS,2012,7,7434.0,4838.0,2595.0,,7434.0,2012-07-01,Oceania,1.0,First Day of NAIDOC Week,Summer_Holidays,Q3,July,Southern
AUS,2012,8,7172.0,4754.0,2419.0,,7172.0,2012-08-01,Oceania,0.0,None,Regular,Q3,August,Southern
AUS,2012,9,7320.0,4787.0,2533.0,,7320.0,2012-09-01,Oceania,1.0,Father's Day,Regular,Q3,September,Southern
AUS,2012,10,7613.0,5040.0,2573.0,,7613.0,2012-10-01,Oceania,1.0,Halloween,Regular,Q4,October,Southern
AUS,2012,11,7349.0,4898.0,2451.0,,7349.0,2012-11-01,Oceania,2.0,"Remembrance Day, Diwali/Deepavali",Regular,Q4,November,Southern
AUS,2012,12,7595.0,4745.0,2850.0,,7595.0,2012-12-01,Oceania,5.0,"First Sunday of Advent, Christmas Eve, New Year's Eve",Winter_Holidays,Q4,December,Southern
AUS,2013,1,7515.0,4628.0,2887.0,,7515.0,2013-01-01,Oceania,3.0,"New Year's Day, Australia Day, Australia Day observed",Winter_Holidays,Q1,January,Southern
AUS,2013,2,6442.0,4128.0,2313.0,,6442.0,2013-02-01,Oceania,2.0,"Chinese New Year, Valentine's Day",Regular,Q1,February,Southern
AUS,2013,3,7221.0,4724.0,2497.0,,7221.0,2013-03-01,Oceania,7.0,"Holy Saturday, St Patrick's Day, Harmony Day",Spring_Holidays,Q1,March,Southern
AUS,2013,4,7179.0,4729.0,2450.0,,7179.0,2013-04-01,Oceania,2.0,"Easter Monday, ANZAC Day",Spring_Holidays,Q2,April,Southern
AUS,2013,5,6777.0,4503.0,2274.0,,6777.0,2013-05-01,Oceania,2.0,"Mother's Day, National Sorry Day",Regular,Q2,May,Southern
AUS,2013,6,6903.0,4435.0,2468.0,,6903.0,2013-06-01,Oceania,2.0,"Queen's Birthday, Queensland Day",Regular,Q2,June,Southern
AUS,2013,7,7848.0,5052.0,2795.0,,7848.0,2013-07-01,Oceania,1.0,First Day of NAIDOC Week,Summer_Holidays,Q3,July,Southern
AUS,2013,8,7490.0,4845.0,2644.0,,7490.0,2013-08-01,Oceania,0.0,None,Regular,Q3,August,Southern
AUS,2013,9,7470.0,4789.0,2681.0,,7470.0,2013-09-01,Oceania,1.0,Father's Day,Regular,Q3,September,Southern
AUS,2013,10,7889.0,5180.0,2710.0,,7889.0,2013-10-01,Oceania,1.0,Halloween,Regular,Q4,October,Southern
AUS,2013,11,7360.0,4806.0,2553.0,,7360.0,2013-11-01,Oceania,2.0,"Diwali/Deepavali, Remembrance Day",Regular,Q4,November,Southern
AUS,2013,12,7997.0,4927.0,3071.0,,7997.0,2013-12-01,Oceania,5.0,"First Sunday of Advent, Christmas Eve, New Year's Eve",Winter_Holidays,Q4,December,Southern
AUS,2014,1,7992.0,4790.0,3202.0,12600.04,7992.0,2014-01-01,Oceania,4.0,"Chinese New Year, New Year's Day, Australia Day",Winter_Holidays,Q1,January,Southern
AUS,2014,2,6697.0,4207.0,2490.0,10731.179,6697.0,2014-02-01,Oceania,1.0,Valentine's Day,Regular,Q1,February,Southern
AUS,2014,3,7277.0,4745.0,2532.0,11823.253,7277.0,2014-03-01,Oceania,4.0,"St Patrick's Day, National Close the Gap Day, Harmony Day",Spring_Holidays,Q1,March,Southern
AUS,2014,4,7467.0,4757.0,2710.0,12026.674,7467.0,2014-04-01,Oceania,5.0,"Holy Saturday, Easter Sunday, Good Friday",Spring_Holidays,Q2,April,Southern
AUS,2014,5,6977.0,4529.0,2449.0,11312.633,6977.0,2014-05-01,Oceania,2.0,"Mother's Day, National Sorry Day",Regular,Q2,May,Southern
AUS,2014,6,7033.0,4447.0,2585.0,11296.644,7033.0,2014-06-01,Oceania,2.0,"Queen's Birthday, Queensland Day",Regular,Q2,June,Southern
AUS,2014,7,7956.0,4998.0,2957.0,12768.295,7956.0,2014-07-01,Oceania,1.0,First Day of NAIDOC Week,Summer_Holidays,Q3,July,Southern
AUS,2014,8,7540.0,4796.0,2744.0,12158.529,7540.0,2014-08-01,Oceania,0.0,None,Regular,Q3,August,Southern
AUS,2014,9,7586.0,4805.0,2781.0,12210.658,7586.0,2014-09-01,Oceania,1.0,Father's Day,Regular,Q3,September,Southern
AUS,2014,10,8093.0,5239.0,2855.0,13140.036,8093.0,2014-10-01,Oceania,2.0,"Diwali/Deepavali, Halloween",Regular,Q4,October,Southern
AUS,2014,11,7436.0,4767.0,2669.0,12001.636,7436.0,2014-11-01,Oceania,2.0,"Remembrance Day, First Sunday of Advent",Regular,Q4,November,Southern
AUS,2014,12,8046.0,4886.0,3160.0,12757.249,8046.0,2014-12-01,Oceania,4.0,"Christmas Eve, New Year's Eve, Christmas Day",Winter_Holidays,Q4,December,Southern
AUS,2015,1,7914.0,4631.0,3283.0,12385.241,7914.0,2015-01-01,Oceania,2.0,"New Year's Day, Australia Day",Winter_Holidays,Q1,January,Southern
AUS,2015,2,6835.0,4183.0,2652.0,10859.13,6835.0,2015-02-01,Oceania,2.0,"Valentine's Day, Chinese New Year",Regular,Q1,February,Southern
AUS,2015,3,7594.0,4792.0,2802.0,12200.75,7594.0,2015-03-01,Oceania,4.0,"St Patrick's Day, National Close the Gap Day, Harmony Day",Spring_Holidays,Q1,March,Southern
AUS,2015,4,7469.0,4722.0,2747.0,12013.986,7469.0,2015-04-01,Oceania,5.0,"Holy Saturday, Easter Sunday, Good Friday",Spring_Holidays,Q2,April,Southern
AUS,2015,5,7029.0,4502.0,2527.0,11354.829,7029.0,2015-05-01,Oceania,2.0,"Mother's Day, National Sorry Day",Regular,Q2,May,Southern
AUS,2015,6,7121.0,4433.0,2689.0,11379.639,7121.0,2015-06-01,Oceania,2.0,"Queen's Birthday, Queensland Day",Regular,Q2,June,Southern
AUS,2015,7,8203.0,5113.0,3089.0,13129.639,8203.0,2015-07-01,Oceania,1.0,First Day of NAIDOC Week,Summer_Holidays,Q3,July,Southern
AUS,2015,8,7638.0,4767.0,2871.0,12226.35,7638.0,2015-08-01,Oceania,0.0,None,Regular,Q3,August,Southern
AUS,2015,9,7800.0,4867.0,2933.0,12483.423,7800.0,2015-09-01,Oceania,1.0,Father's Day,Regular,Q3,September,Southern
AUS,2015,10,8181.0,5159.0,3022.0,13143.209,8181.0,2015-10-01,Oceania,1.0,Halloween,Regular,Q4,October,Southern
AUS,2015,11,7741.0,4918.0,2824.0,12457.305,7741.0,2015-11-01,Oceania,3.0,"Diwali/Deepavali, Remembrance Day, First Sunday of Advent",Regular,Q4,November,Southern
AUS,2015,12,8456.0,5028.0,3428.0,13294.981,8456.0,2015-12-01,Oceania,5.0,"Christmas Eve, New Year's Eve, Christmas Day",Winter_Holidays,Q4,December,Southern
AUS,2016,1,8353.0,4793.0,3560.0,12974.713,8353.0,2016-01-01,Oceania,2.0,"New Year's Day, Australia Day",Winter_Holidays,Q1,January,Southern
AUS,2016,2,7376.0,4441.0,2936.0,11631.188,7376.0,2016-02-01,Oceania,2.0,"Chinese New Year, Valentine's Day",Regular,Q1,February,Southern
AUS,2016,3,7958.0,4949.0,3009.0,12704.455,7958.0,2016-03-01,Oceania,8.0,"Holy Saturday, National Close the Gap Day, St Patrick's Day",Spring_Holidays,Q1,March,Southern
AUS,2016,4,7773.0,4814.0,2959.0,12384.42,7773.0,2016-04-01,Oceania,1.0,ANZAC Day,Spring_Holidays,Q2,April,Southern
AUS,2016,5,7329.0,4638.0,2691.0,11764.387,7329.0,2016-05-01,Oceania,2.0,"Mother's Day, National Sorry Day",Regular,Q2,May,Southern
AUS,2016,6,7485.0,4579.0,2906.0,11868.052,7485.0,2016-06-01,Oceania,2.0,"Queen's Birthday, Queensland Day",Regular,Q2,June,Southern
AUS,2016,7,8564.0,5156.0,3408.0,13516.474,8564.0,2016-07-01,Oceania,1.0,First Day of NAIDOC Week,Summer_Holidays,Q3,July,Southern
AUS,2016,8,7920.0,4857.0,3063.0,12562.129,7920.0,2016-08-01,Oceania,0.0,None,Regular,Q3,August,Southern
AUS,2016,9,8205.0,5029.0,3176.0,13025.711,8205.0,2016-09-01,Oceania,1.0,Father's Day,Regular,Q3,September,Southern
AUS,2016,10,8436.0,5210.0,3226.0,13435.015,8436.0,2016-10-01,Oceania,2.0,"Diwali/Deepavali, Halloween",Regular,Q4,October,Southern
AUS,2016,11,8047.0,5022.0,3026.0,12851.41,8047.0,2016-11-01,Oceania,2.0,"Remembrance Day, First Sunday of Advent",Regular,Q4,November,Southern
AUS,2016,12,8766.0,5108.0,3658.0,13668.07,8766.0,2016-12-01,Oceania,6.0,"Christmas Eve, New Year's Eve, Christmas Day",Winter_Holidays,Q4,December,Southern
AUS,2017,1,8746.0,4944.0,3802.0,13495.49,8746.0,2017-01-01,Oceania,4.0,"Chinese New Year, New Year's Day, New Year's Day observed",Winter_Holidays,Q1,January,Southern
AUS,2017,2,7298.0,4327.0,2971.0,11445.309,7298.0,2017-02-01,Oceania,1.0,Valentine's Day,Regular,Q1,February,Southern
AUS,2017,3,8031.0,4971.0,3059.0,12787.257,8031.0,2017-03-01,Oceania,4.0,"National Close the Gap Day, St Patrick's Day, Harmony Day",Spring_Holidays,Q1,March,Southern
AUS,2017,4,8215.0,4908.0,3308.0,12922.235,8215.0,2017-04-01,Oceania,5.0,"Holy Saturday, Easter Sunday, Good Friday",Spring_Holidays,Q2,April,Southern
AUS,2017,5,7583.0,4712.0,2871.0,12080.063,7583.0,2017-05-01,Oceania,2.0,"Mother's Day, National Sorry Day",Regular,Q2,May,Southern
AUS,2017,6,7755.0,4661.0,3094.0,12204.838,7755.0,2017-06-01,Oceania,2.0,"Queen's Birthday, Queensland Day",Regular,Q2,June,Southern
AUS,2017,7,8809.0,5269.0,3541.0,13861.121,8809.0,2017-07-01,Oceania,1.0,First Day of NAIDOC Week,Summer_Holidays,Q3,July,Southern
AUS,2017,8,8197.0,4947.0,3250.0,12884.27,8197.0,2017-08-01,Oceania,0.0,None,Regular,Q3,August,Southern
AUS,2017,9,8367.0,5036.0,3330.0,13190.219,8367.0,2017-09-01,Oceania,1.0,Father's Day,Regular,Q3,September,Southern
AUS,2017,10,8754.0,5384.0,3370.0,13909.423,8754.0,2017-10-01,Oceania,2.0,"Diwali/Deepavali, Halloween",Regular,Q4,October,Southern
AUS,2017,11,8373.0,5181.0,3192.0,13325.637,8373.0,2017-11-01,Oceania,1.0,Remembrance Day,Regular,Q4,November,Southern
AUS,2017,12,9037.0,5210.0,3827.0,14038.212,9037.0,2017-12-01,Oceania,5.0,"First Sunday of Advent, Christmas Eve, New Year's Eve",Winter_Holidays,Q4,December,Southern
AUS,2018,1,8929.0,5044.0,3885.0,,8929.0,2018-01-01,Oceania,2.0,"New Year's Day, Australia Day",Winter_Holidays,Q1,January,Southern
AUS,2018,2,7692.0,4505.0,3188.0,,7692.0,2018-02-01,Oceania,2.0,"Valentine's Day, Chinese New Year",Regular,Q1,February,Southern
AUS,2018,3,8561.0,5190.0,3370.0,,8561.0,2018-03-01,Oceania,6.0,"Holy Saturday, National Close the Gap Day, St Patrick's Day",Spring_Holidays,Q1,March,Southern
AUS,2018,4,8402.0,5040.0,3362.0,,8402.0,2018-04-01,Oceania,3.0,"Easter Sunday, Easter Monday, ANZAC Day",Spring_Holidays,Q2,April,Southern
AUS,2018,5,7849.0,4823.0,3027.0,,7849.0,2018-05-01,Oceania,2.0,"Mother's Day, National Sorry Day",Regular,Q2,May,Southern
AUS,2018,6,7953.0,4676.0,3277.0,,7953.0,2018-06-01,Oceania,2.0,"Queen's Birthday, Queensland Day",Regular,Q2,June,Southern
AUS,2018,7,9108.0,5397.0,3711.0,,9108.0,2018-07-01,Oceania,1.0,First Day of NAIDOC Week,Summer_Holidays,Q3,July,Southern
AUS,2018,8,8613.0,5143.0,3469.0,,8613.0,2018-08-01,Oceania,0.0,None,Regular,Q3,August,Southern
AUS,2018,9,8503.0,5040.0,3463.0,,8503.0,2018-09-01,Oceania,1.0,Father's Day,Regular,Q3,September,Southern
AUS,2018,10,9000.0,5452.0,3548.0,,9000.0,2018-10-01,Oceania,1.0,Halloween,Regular,Q4,October,Southern
AUS,2018,11,8511.0,5186.0,3325.0,,8511.0,2018-11-01,Oceania,2.0,"Diwali/Deepavali, Remembrance Day",Regular,Q4,November,Southern
AUS,2018,12,9052.0,5102.0,3951.0,,9052.0,2018-12-01,Oceania,5.0,"First Sunday of Advent, Christmas Eve, New Year's Eve",Winter_Holidays,Q4,December,Southern
AUT,2010,1,1616.764,58.839,1557.925,1682.538,1616.764,2010-01-01,Europe,2.0,"New Year's Day, Epiphany",Winter_Holidays,Q1,January,Northern
AUT,2010,2,1594.077,56.496,1537.581,1656.809,1594.077,2010-02-01,Europe,0.0,None,Regular,Q1,February,Northern
AUT,2010,3,1908.254,66.905,1841.349,1981.826,1908.254,2010-03-01,Europe,1.0,Palm Sunday,Spring_Holidays,Q1,March,Northern
AUT,2010,4,1624.357,55.7,1568.657,1687.948,1624.357,2010-04-01,Europe,3.0,"Good Friday, Easter Sunday, Easter Monday",Spring_Holidays,Q2,April,Northern
AUT,2010,5,2080.848,65.071,2015.777,2157.512,2080.848,2010-05-01,Europe,4.0,"Whit Sunday, Labor Day / May Day, Ascension Day",Regular,Q2,May,Northern
AUT,2010,6,2151.684,66.718,2084.966,2236.175,2151.684,2010-06-01,Europe,1.0,Corpus Christi,Regular,Q2,June,Northern
AUT,2010,7,2401.499,63.735,2337.764,2484.734,2401.499,2010-07-01,Europe,0.0,None,Regular,Q3,July,Northern
AUT,2010,8,2356.612,61.833,2294.779,2438.407,2356.612,2010-08-01,Europe,1.0,Assumption of Mary,Summer_Holidays,Q3,August,Northern
AUT,2010,9,2280.317,72.0,2208.317,2374.503,2280.317,2010-09-01,Europe,1.0,European Heritage Days,Regular,Q3,September,Northern
AUT,2010,10,2085.698,71.383,2014.315,2176.753,2085.698,2010-10-01,Europe,2.0,"Reformation Day, National Day",Regular,Q4,October,Northern
AUT,2010,11,1740.819,65.968,1674.851,1817.508,1740.819,2010-11-01,Europe,3.0,"All Souls' Day, First Advent Sunday, All Saints' Day",Regular,Q4,November,Northern
AUT,2010,12,1691.526,57.468,1634.058,1763.814,1691.526,2010-12-01,Europe,5.0,"Christmas Eve, New Year's Eve, Immaculate Conception",Winter_Holidays,Q4,December,Northern
AUT,2011,1,1711.33,60.509,1650.821,1777.677,1711.33,2011-01-01,Europe,2.0,"New Year's Day, Epiphany",Winter_Holidays,Q1,January,Northern
AUT,2011,2,1667.77,59.811,1607.959,1730.343,1667.77,2011-02-01,Europe,0.0,None,Regular,Q1,February,Northern
AUT,2011,3,1977.449,68.759,1908.69,2047.369,1977.449,2011-03-01,Europe,0.0,None,Regular,Q1,March,Northern
AUT,2011,4,2015.846,54.77,1961.076,2067.068,2015.846,2011-04-01,Europe,4.0,"Palm Sunday, Good Friday, Easter Sunday",Spring_Holidays,Q2,April,Northern
AUT,2011,5,2192.972,57.841,2135.131,2253.256,2192.972,2011-05-01,Europe,1.0,Labor Day / May Day,Regular,Q2,May,Northern
AUT,2011,6,2279.147,51.863,2227.284,2333.315,2279.147,2011-06-01,Europe,4.0,"Whit Sunday, Ascension Day, Whit Monday",Regular,Q2,June,Northern
AUT,2011,7,2553.335,52.868,2500.467,2610.437,2553.335,2011-07-01,Europe,0.0,None,Regular,Q3,July,Northern
AUT,2011,8,2461.844,48.947,2412.897,2514.276,2461.844,2011-08-01,Europe,1.0,Assumption of Mary,Summer_Holidays,Q3,August,Northern
AUT,2011,9,2442.374,57.654,2384.72,2508.527,2442.374,2011-09-01,Europe,1.0,European Heritage Days,Regular,Q3,September,Northern
AUT,2011,10,2169.417,53.775,2115.642,2229.285,2169.417,2011-10-01,Europe,2.0,"Reformation Day, National Day",Regular,Q4,October,Northern
AUT,2011,11,1825.947,52.189,1773.758,1880.677,1825.947,2011-11-01,Europe,3.0,"All Souls' Day, First Advent Sunday, All Saints' Day",Regular,Q4,November,Northern
AUT,2011,12,1840.181,44.67,1795.511,1883.334,1840.181,2011-12-01,Europe,5.0,"Christmas Eve, New Year's Eve, Immaculate Conception",Winter_Holidays,Q4,December,Northern
AUT,2012,1,1801.994,50.187,1751.807,1850.551,1801.994,2012-01-01,Europe,2.0,"New Year's Day, Epiphany",Winter_Holidays,Q1,January,Northern
AUT,2012,2,1810.625,54.098,1756.527,1865.04,1810.625,2012-02-01,Europe,0.0,None,Regular,Q1,February,Northern
AUT,2012,3,2133.74,61.032,2072.708,2195.064,2133.74,2012-03-01,Europe,0.0,None,Regular,Q1,March,Northern
AUT,2012,4,2144.869,50.114,2094.755,2193.159,2144.869,2012-04-01,Europe,4.0,"Palm Sunday, Good Friday, Easter Sunday",Spring_Holidays,Q2,April,Northern
AUT,2012,5,2253.364,54.706,2198.658,2309.65,2253.364,2012-05-01,Europe,4.0,"Whit Sunday, Labor Day / May Day, Ascension Day",Regular,Q2,May,Northern
AUT,2012,6,2394.37,55.998,2338.372,2454.177,2394.37,2012-06-01,Europe,1.0,Corpus Christi,Regular,Q2,June,Northern
AUT,2012,7,2545.147,51.556,2493.591,2598.368,2545.147,2012-07-01,Europe,0.0,None,Regular,Q3,July,Northern
AUT,2012,8,2493.086,46.282,2446.804,2538.52,2493.086,2012-08-01,Europe,1.0,Assumption of Mary,Summer_Holidays,Q3,August,Northern
AUT,2012,9,2502.746,56.901,2445.845,2561.5,2502.746,2012-09-01,Europe,1.0,European Heritage Days,Regular,Q3,September,Northern
AUT,2012,10,2215.188,56.215,2158.973,2269.836,2215.188,2012-10-01,Europe,2.0,"Reformation Day, National Day",Regular,Q4,October,Northern
AUT,2012,11,1827.408,51.762,1775.646,1876.891,1827.408,2012-11-01,Europe,2.0,"All Souls' Day, All Saints' Day",Regular,Q4,November,Northern
AUT,2012,12,1843.44,45.825,1797.615,1883.352,1843.44,2012-12-01,Europe,6.0,"Christmas Eve, First Advent Sunday, New Year's Eve",Winter_Holidays,Q4,December,Northern
AUT,2013,1,1762.653,46.59,1716.063,1803.576,1762.653,2013-01-01,Europe,2.0,"New Year's Day, Epiphany",Winter_Holidays,Q1,January,Northern
AUT,2013,2,1733.91,47.94,1685.97,1777.25,1733.91,2013-02-01,Europe,0.0,None,Regular,Q1,February,Northern
AUT,2013,3,2150.535,55.356,2095.179,2201.494,2150.535,2013-03-01,Europe,3.0,"Palm Sunday, Good Friday, Easter Sunday",Spring_Holidays,Q1,March,Northern
AUT,2013,4,2029.996,52.036,1977.96,2079.384,2029.996,2013-04-01,Europe,1.0,Easter Monday,Spring_Holidays,Q2,April,Northern
AUT,2013,5,2239.011,50.007,2189.004,2287.695,2239.011,2013-05-01,Europe,5.0,"Whit Sunday, Labor Day / May Day, Ascension Day",Regular,Q2,May,Northern
AUT,2013,6,2408.193,57.791,2350.402,2465.463,2408.193,2013-06-01,Europe,0.0,None,Regular,Q2,June,Northern
AUT,2013,7,2513.804,52.007,2461.797,2561.796,2513.804,2013-07-01,Europe,0.0,None,Regular,Q3,July,Northern
AUT,2013,8,2537.606,47.393,2490.213,2582.021,2537.606,2013-08-01,Europe,1.0,Assumption of Mary,Summer_Holidays,Q3,August,Northern
AUT,2013,9,2451.674,58.67,2393.004,2507.801,2451.674,2013-09-01,Europe,1.0,European Heritage Days,Regular,Q3,September,Northern
AUT,2013,10,2230.866,58.248,2172.618,2286.045,2230.866,2013-10-01,Europe,2.0,"Reformation Day, National Day",Regular,Q4,October,Northern
AUT,2013,11,1817.948,50.801,1767.147,1867.408,1817.948,2013-11-01,Europe,2.0,"All Souls' Day, All Saints' Day",Regular,Q4,November,Northern
AUT,2013,12,1873.528,44.446,1829.082,1914.073,1873.528,2013-12-01,Europe,6.0,"Christmas Eve, First Advent Sunday, New Year's Eve",Winter_Holidays,Q4,December,Northern
AUT,2014,1,1807.004,45.671,1761.333,1847.985,1807.004,2014-01-01,Europe,2.0,"New Year's Day, Epiphany",Winter_Holidays,Q1,January,Northern
AUT,2014,2,1779.141,47.773,1731.368,1823.065,1779.141,2014-02-01,Europe,0.0,None,Regular,Q1,February,Northern
AUT,2014,3,2108.523,53.182,2055.341,2157.269,2108.523,2014-03-01,Europe,0.0,None,Regular,Q1,March,Northern
AUT,2014,4,2189.347,48.62,2140.727,2233.684,2189.347,2014-04-01,Europe,4.0,"Palm Sunday, Good Friday, Easter Sunday",Spring_Holidays,Q2,April,Northern
AUT,2014,5,2330.573,49.781,2280.792,2382.162,2330.573,2014-05-01,Europe,2.0,"Labor Day / May Day, Ascension Day",Regular,Q2,May,Northern
AUT,2014,6,2483.1,50.612,2432.488,2539.313,2483.1,2014-06-01,Europe,3.0,"Whit Sunday, Whit Monday, Corpus Christi",Regular,Q2,June,Northern
AUT,2014,7,2571.197,45.891,2525.306,2619.479,2571.197,2014-07-01,Europe,0.0,None,Regular,Q3,July,Northern
AUT,2014,8,2645.521,42.866,2602.655,2695.96,2645.521,2014-08-01,Europe,1.0,Assumption of Mary,Summer_Holidays,Q3,August,Northern
AUT,2014,9,2519.181,53.872,2465.309,2580.047,2519.181,2014-09-01,Europe,1.0,European Heritage Days,Regular,Q3,September,Northern
AUT,2014,10,2267.695,53.444,2214.251,2326.106,2267.695,2014-10-01,Europe,2.0,"Reformation Day, National Day",Regular,Q4,October,Northern
AUT,2014,11,1806.834,47.772,1759.062,1859.274,1806.834,2014-11-01,Europe,3.0,"All Souls' Day, First Advent Sunday, All Saints' Day",Regular,Q4,November,Northern
AUT,2014,12,1870.56,39.511,1831.049,1913.341,1870.56,2014-12-01,Europe,5.0,"New Year's Eve, Immaculate Conception, Christmas Eve",Winter_Holidays,Q4,December,Northern
AUT,2015,1,1751.044,38.497,1712.547,1794.667,1751.044,2015-01-01,Europe,2.0,"New Year's Day, Epiphany",Winter_Holidays,Q1,January,Northern
AUT,2015,2,1718.104,40.494,1677.61,1763.492,1718.104,2015-02-01,Europe,0.0,None,Regular,Q1,February,Northern
AUT,2015,3,2100.017,49.578,2050.439,2153.341,2100.017,2015-03-01,Europe,1.0,Palm Sunday,Spring_Holidays,Q1,March,Northern
AUT,2015,4,2182.653,40.618,2142.035,2225.22,2182.653,2015-04-01,Europe,3.0,"Good Friday, Easter Sunday, Easter Monday",Spring_Holidays,Q2,April,Northern
AUT,2015,5,2363.428,43.331,2320.097,2408.606,2363.428,2015-05-01,Europe,4.0,"Whit Sunday, Labor Day / May Day, Ascension Day",Regular,Q2,May,Northern
AUT,2015,6,2520.214,45.867,2474.347,2571.94,2520.214,2015-06-01,Europe,1.0,Corpus Christi,Regular,Q2,June,Northern
AUT,2015,7,2739.213,41.815,2697.398,2781.009,2739.213,2015-07-01,Europe,0.0,None,Regular,Q3,July,Northern
AUT,2015,8,2775.665,39.414,2736.251,2815.911,2775.665,2015-08-01,Europe,1.0,Assumption of Mary,Summer_Holidays,Q3,August,Northern
AUT,2015,9,2622.134,53.111,2569.023,2678.217,2622.134,2015-09-01,Europe,1.0,European Heritage Days,Regular,Q3,September,Northern
AUT,2015,10,2279.362,51.179,2228.183,2337.504,2279.362,2015-10-01,Europe,2.0,"Reformation Day, National Day",Regular,Q4,October,Northern
AUT,2015,11,1843.174,48.42,1794.754,1897.185,1843.174,2015-11-01,Europe,3.0,"All Souls' Day, First Advent Sunday, All Saints' Day",Regular,Q4,November,Northern
AUT,2015,12,1858.999,37.286,1821.713,1899.052,1858.999,2015-12-01,Europe,5.0,"New Year's Eve, Immaculate Conception, Christmas Eve",Winter_Holidays,Q4,December,Northern
AUT,2016,1,1770.425,36.725,1733.7,1809.894,1770.425,2016-01-01,Europe,2.0,"New Year's Day, Epiphany",Winter_Holidays,Q1,January,Northern
AUT,2016,2,1780.026,40.069,1739.957,1825.035,1780.026,2016-02-01,Europe,0.0,None,Regular,Q1,February,Northern
AUT,2016,3,2151.897,45.15,2106.747,2197.406,2151.897,2016-03-01,Europe,4.0,"Palm Sunday, Good Friday, Easter Sunday",Spring_Holidays,Q1,March,Northern
AUT,2016,4,2099.28,43.443,2055.837,2144.874,2099.28,2016-04-01,Europe,0.0,None,Regular,Q2,April,Northern
AUT,2016,5,2373.298,44.119,2329.179,2416.921,2373.298,2016-05-01,Europe,5.0,"Whit Sunday, Labor Day / May Day, Ascension Day",Regular,Q2,May,Northern
AUT,2016,6,2450.672,47.094,2403.578,2497.202,2450.672,2016-06-01,Europe,0.0,None,Regular,Q2,June,Northern
AUT,2016,7,2776.608,41.053,2735.555,2816.445,2776.608,2016-07-01,Europe,0.0,None,Regular,Q3,July,Northern
AUT,2016,8,2723.254,38.659,2684.595,2759.352,2723.254,2016-08-01,Europe,1.0,Assumption of Mary,Summer_Holidays,Q3,August,Northern
AUT,2016,9,2665.489,45.82,2619.669,2711.163,2665.489,2016-09-01,Europe,1.0,European Heritage Days,Regular,Q3,September,Northern
AUT,2016,10,2398.405,46.315,2352.09,2446.976,2398.405,2016-10-01,Europe,2.0,"Reformation Day, National Day",Regular,Q4,October,Northern
AUT,2016,11,1946.072,45.268,1900.804,1997.27,1946.072,2016-11-01,Europe,3.0,"All Souls' Day, First Advent Sunday, All Saints' Day",Regular,Q4,November,Northern
AUT,2016,12,2046.085,36.863,2009.222,2085.863,2046.085,2016-12-01,Europe,5.0,"New Year's Eve, Immaculate Conception, Christmas Eve",Winter_Holidays,Q4,December,Northern
AUT,2017,1,1887.141,34.142,1852.999,1932.594,1887.141,2017-01-01,Europe,2.0,"New Year's Day, Epiphany",Winter_Holidays,Q1,January,Northern
AUT,2017,2,1867.912,37.073,1830.839,1915.609,1867.912,2017-02-01,Europe,0.0,None,Regular,Q1,February,Northern
AUT,2017,3,2198.6,46.662,2151.938,2255.187,2198.6,2017-03-01,Europe,0.0,None,Regular,Q1,March,Northern
AUT,2017,4,2425.716,42.999,2382.717,2472.883,2425.716,2017-04-01,Europe,4.0,"Palm Sunday, Good Friday, Easter Sunday",Spring_Holidays,Q2,April,Northern
AUT,2017,5,2497.696,47.426,2450.27,2552.309,2497.696,2017-05-01,Europe,2.0,"Labor Day / May Day, Ascension Day",Regular,Q2,May,Northern
AUT,2017,6,2614.609,48.319,2566.29,2668.422,2614.609,2017-06-01,Europe,3.0,"Whit Sunday, Whit Monday, Corpus Christi",Regular,Q2,June,Northern
AUT,2017,7,2871.073,45.094,2825.979,2922.274,2871.073,2017-07-01,Europe,0.0,None,Regular,Q3,July,Northern
AUT,2017,8,2807.833,41.742,2766.091,2851.188,2807.833,2017-08-01,Europe,1.0,Assumption of Mary,Summer_Holidays,Q3,August,Northern
AUT,2017,9,2734.285,53.678,2680.607,2796.653,2734.285,2017-09-01,Europe,1.0,European Heritage Days,Regular,Q3,September,Northern
AUT,2017,10,2424.628,49.816,2374.812,2485.035,2424.628,2017-10-01,Europe,2.0,"Reformation Day, National Day",Regular,Q4,October,Northern
AUT,2017,11,1947.157,44.931,1902.226,2003.301,1947.157,2017-11-01,Europe,2.0,"All Souls' Day, All Saints' Day",Regular,Q4,November,Northern
AUT,2017,12,2050.629,39.666,2010.963,2098.617,2050.629,2017-12-01,Europe,6.0,"First Advent Sunday, New Year's Eve, Immaculate Conception",Winter_Holidays,Q4,December,Northern
AUT,2018,1,1905.331,38.19,1867.141,,1905.331,2018-01-01,Europe,2.0,"New Year's Day, Epiphany",Winter_Holidays,Q1,January,Northern
AUT,2018,2,1937.152,40.903,1896.249,,1937.152,2018-02-01,Europe,0.0,None,Regular,Q1,February,Northern
AUT,2018,3,2404.43,50.625,2353.805,,2404.43,2018-03-01,Europe,2.0,"Palm Sunday, Good Friday",Spring_Holidays,Q1,March,Northern
AUT,2018,4,2442.085,49.507,2392.578,,2442.085,2018-04-01,Europe,2.0,"Easter Sunday, Easter Monday",Spring_Holidays,Q2,April,Northern
AUT,2018,5,2585.884,49.824,2536.06,,2585.884,2018-05-01,Europe,5.0,"Whit Sunday, Labor Day / May Day, Ascension Day",Regular,Q2,May,Northern
AUT,2018,6,2822.571,54.618,2767.953,,2822.571,2018-06-01,Europe,0.0,None,Regular,Q2,June,Northern
AUT,2018,7,3085.491,52.621,3032.87,,3085.491,2018-07-01,Europe,0.0,None,Regular,Q3,July,Northern
AUT,2018,8,3143.286,48.168,3095.118,,3143.286,2018-08-01,Europe,1.0,Assumption of Mary,Summer_Holidays,Q3,August,Northern
AUT,2018,9,3028.317,56.652,2971.665,,3028.317,2018-09-01,Europe,1.0,European Heritage Days,Regular,Q3,September,Northern
AUT,2018,10,2842.107,56.063,2786.044,,2842.107,2018-10-01,Europe,2.0,"Reformation Day, National Day",Regular,Q4,October,Northern
AUT,2018,11,2396.286,47.705,2348.581,,2396.286,2018-11-01,Europe,2.0,"All Souls' Day, All Saints' Day",Regular,Q4,November,Northern
AUT,2018,12,2545.477,40.301,2505.176,,2545.477,2018-12-01,Europe,6.0,"First Advent Sunday, New Year's Eve, Immaculate Conception",Winter_Holidays,Q4,December,Northern
BEL,2010,1,1337.584,1.831,1335.753,1339.451,1337.584,2010-01-01,Europe,2.0,"Epiphany, New Year's Day",Winter_Holidays,Q1,January,Northern
BEL,2010,2,1397.881,2.976,1394.905,1394.747,1397.881,2010-02-01,Europe,1.0,Valentine's Day,Regular,Q1,February,Northern
BEL,2010,3,1678.13,3.998,1674.132,1670.464,1678.13,2010-03-01,Europe,0.0,None,Regular,Q1,March,Northern
BEL,2010,4,1544.861,2.777,1542.084,1534.597,1544.861,2010-04-01,Europe,3.0,"Good Friday, Easter Sunday, Easter Monday",Spring_Holidays,Q2,April,Northern
BEL,2010,5,2078.077,8.055,2070.022,2049.045,2078.077,2010-05-01,Europe,4.0,"Labor Day / May Day, Ascension Day, Whit Sunday",Regular,Q2,May,Northern
BEL,2010,6,2093.415,7.296,2086.119,2071.52,2093.415,2010-06-01,Europe,0.0,None,Regular,Q2,June,Northern
BEL,2010,7,2487.914,9.949,2477.965,2432.923,2487.914,2010-07-01,Europe,1.0,Belgian National Day,Summer_Holidays,Q3,July,Northern
BEL,2010,8,2407.821,10.508,2397.313,2345.972,2407.821,2010-08-01,Europe,1.0,Assumption of Mary,Summer_Holidays,Q3,August,Northern
BEL,2010,9,2217.019,9.718,2207.301,2189.729,2217.019,2010-09-01,Europe,0.0,None,Regular,Q3,September,Northern
BEL,2010,10,2141.503,3.35,2138.153,2134.476,2141.503,2010-10-01,Europe,1.0,Halloween,Regular,Q4,October,Northern
BEL,2010,11,1757.811,0.605,1757.206,1758.326,1757.811,2010-11-01,Europe,2.0,"All Saints' Day, Armistice Day",Regular,Q4,November,Northern
BEL,2010,12,1555.748,2.405,1553.343,1555.624,1555.748,2010-12-01,Europe,5.0,"St. Nicholas Day, Christmas Eve, New Year's Eve",Winter_Holidays,Q4,December,Northern
BEL,2011,1,1501.419,1.305,1500.114,1515.963,1501.419,2011-01-01,Europe,2.0,"Epiphany, New Year's Day",Winter_Holidays,Q1,January,Northern
BEL,2011,2,1472.013,1.527,1470.486,1481.969,1472.013,2011-02-01,Europe,1.0,Valentine's Day,Regular,Q1,February,Northern
BEL,2011,3,1870.073,2.348,1867.725,1878.272,1870.073,2011-03-01,Europe,0.0,None,Regular,Q1,March,Northern
BEL,2011,4,2141.705,3.661,2138.044,2141.375,2141.705,2011-04-01,Europe,3.0,"Good Friday, Easter Sunday, Easter Monday",Spring_Holidays,Q2,April,Northern
BEL,2011,5,2282.02,5.722,2276.298,2278.324,2282.02,2011-05-01,Europe,1.0,Labor Day / May Day,Regular,Q2,May,Northern
BEL,2011,6,2303.327,5.28,2298.047,2298.843,2303.327,2011-06-01,Europe,3.0,"Ascension Day, Whit Sunday, Whit Monday",Regular,Q2,June,Northern
BEL,2011,7,2709.542,8.656,2700.886,2694.154,2709.542,2011-07-01,Europe,1.0,Belgian National Day,Summer_Holidays,Q3,July,Northern
BEL,2011,8,2571.801,8.994,2562.807,2556.661,2571.801,2011-08-01,Europe,1.0,Assumption of Mary,Summer_Holidays,Q3,August,Northern
BEL,2011,9,2507.76,7.485,2500.275,2500.513,2507.76,2011-09-01,Europe,0.0,None,Regular,Q3,September,Northern
BEL,2011,10,2259.696,3.011,2256.685,2256.635,2259.696,2011-10-01,Europe,1.0,Halloween,Regular,Q4,October,Northern
BEL,2011,11,1810.841,1.7,1809.141,1814.579,1810.841,2011-11-01,Europe,2.0,"All Saints' Day, Armistice Day",Regular,Q4,November,Northern
BEL,2011,12,1672.498,1.446,1671.052,1679.7,1672.498,2011-12-01,Europe,5.0,"St. Nicholas Day, Christmas Eve, New Year's Eve",Winter_Holidays,Q4,December,Northern
BEL,2012,1,1534.946,1.579,1533.367,1542.99,1534.946,2012-01-01,Europe,2.0,"Epiphany, New Year's Day",Winter_Holidays,Q1,January,Northern
BEL,2012,2,1586.685,2.216,1584.469,1591.182,1586.685,2012-02-01,Europe,1.0,Valentine's Day,Regular,Q1,February,Northern
BEL,2012,3,1906.186,3.232,1902.954,1911.907,1906.186,2012-03-01,Europe,0.0,None,Regular,Q1,March,Northern
BEL,2012,4,2236.235,2.342,2233.893,2230.251,2236.235,2012-04-01,Europe,3.0,"Good Friday, Easter Sunday, Easter Monday",Spring_Holidays,Q2,April,Northern
BEL,2012,5,2353.375,4.044,2349.331,2345.088,2353.375,2012-05-01,Europe,4.0,"Labor Day / May Day, Ascension Day, Whit Sunday",Regular,Q2,May,Northern
BEL,2012,6,2408.452,4.758,2403.694,2364.784,2408.452,2012-06-01,Europe,0.0,None,Regular,Q2,June,Northern
BEL,2012,7,2828.842,8.414,2820.428,2812.222,2828.842,2012-07-01,Europe,1.0,Belgian National Day,Summer_Holidays,Q3,July,Northern
BEL,2012,8,2712.545,9.429,2703.116,2638.266,2712.545,2012-08-01,Europe,1.0,Assumption of Mary,Summer_Holidays,Q3,August,Northern
BEL,2012,9,2555.419,6.409,2549.01,2505.782,2555.419,2012-09-01,Europe,0.0,None,Regular,Q3,September,Northern
BEL,2012,10,2276.696,1.378,2275.318,2273.956,2276.696,2012-10-01,Europe,1.0,Halloween,Regular,Q4,October,Northern
BEL,2012,11,1829.209,1.262,1827.947,1827.769,1829.209,2012-11-01,Europe,2.0,"All Saints' Day, Armistice Day",Regular,Q4,November,Northern
BEL,2012,12,1690.925,1.105,1689.82,1698.262,1690.925,2012-12-01,Europe,5.0,"St. Nicholas Day, Christmas Eve, New Year's Eve",Winter_Holidays,Q4,December,Northern
BEL,2013,1,1554.914,0.764,1554.15,1556.871,1554.914,2013-01-01,Europe,2.0,"Epiphany, New Year's Day",Winter_Holidays,Q1,January,Northern
BEL,2013,2,1555.965,0.965,1555.0,1557.459,1555.965,2013-02-01,Europe,1.0,Valentine's Day,Regular,Q1,February,Northern
BEL,2013,3,1932.19,2.635,1929.555,1933.049,1932.19,2013-03-01,Europe,2.0,"Good Friday, Easter Sunday",Spring_Holidays,Q1,March,Northern
BEL,2013,4,2261.127,1.909,2259.218,2259.801,2261.127,2013-04-01,Europe,1.0,Easter Monday,Spring_Holidays,Q2,April,Northern
BEL,2013,5,2408.826,3.947,2404.879,2411.817,2408.826,2013-05-01,Europe,4.0,"Labor Day / May Day, Ascension Day, Whit Sunday",Regular,Q2,May,Northern
BEL,2013,6,2460.324,4.747,2455.577,2464.391,2460.324,2013-06-01,Europe,0.0,None,Regular,Q2,June,Northern
BEL,2013,7,2835.828,8.764,2827.064,2846.355,2835.828,2013-07-01,Europe,1.0,Belgian National Day,Summer_Holidays,Q3,July,Northern
BEL,2013,8,2785.575,8.887,2776.688,2795.871,2785.575,2013-08-01,Europe,1.0,Assumption of Mary,Summer_Holidays,Q3,August,Northern
BEL,2013,9,2593.195,4.872,2588.323,2595.158,2593.195,2013-09-01,Europe,0.0,None,Regular,Q3,September,Northern
BEL,2013,10,2342.3,1.302,2340.998,2347.456,2342.3,2013-10-01,Europe,1.0,Halloween,Regular,Q4,October,Northern
BEL,2013,11,1864.727,1.737,1862.99,1870.033,1864.727,2013-11-01,Europe,2.0,"All Saints' Day, Armistice Day",Regular,Q4,November,Northern
BEL,2013,12,1794.956,2.526,1792.43,1806.349,1794.956,2013-12-01,Europe,5.0,"St. Nicholas Day, Christmas Eve, New Year's Eve",Winter_Holidays,Q4,December,Northern
BEL,2014,1,1638.7,1.999,1636.701,1649.821,1638.7,2014-01-01,Europe,2.0,"Epiphany, New Year's Day",Winter_Holidays,Q1,January,Northern
BEL,2014,2,1608.226,2.129,1606.097,1617.59,1608.226,2014-02-01,Europe,1.0,Valentine's Day,Regular,Q1,February,Northern
BEL,2014,3,2004.797,3.054,2001.743,2017.594,2004.797,2014-03-01,Europe,0.0,None,Regular,Q1,March,Northern
BEL,2014,4,2505.099,1.683,2503.416,2513.892,2505.099,2014-04-01,Europe,3.0,"Good Friday, Easter Sunday, Easter Monday",Spring_Holidays,Q2,April,Northern
BEL,2014,5,2619.815,4.313,2615.502,2625.462,2619.815,2014-05-01,Europe,2.0,"Labor Day / May Day, Ascension Day",Regular,Q2,May,Northern
BEL,2014,6,2683.507,3.323,2680.184,2694.562,2683.507,2014-06-01,Europe,2.0,"Whit Sunday, Whit Monday",Regular,Q2,June,Northern
BEL,2014,7,3065.902,7.307,3058.595,3077.834,3065.902,2014-07-01,Europe,1.0,Belgian National Day,Summer_Holidays,Q3,July,Northern
BEL,2014,8,3103.037,8.623,3094.414,3117.948,3103.037,2014-08-01,Europe,1.0,Assumption of Mary,Summer_Holidays,Q3,August,Northern
BEL,2014,9,2872.608,3.378,2869.23,2882.786,2872.608,2014-09-01,Europe,0.0,None,Regular,Q3,September,Northern
BEL,2014,10,2618.148,0.77,2617.378,2630.256,2618.148,2014-10-01,Europe,1.0,Halloween,Regular,Q4,October,Northern
BEL,2014,11,2107.419,1.838,2105.581,2114.56,2107.419,2014-11-01,Europe,2.0,"All Saints' Day, Armistice Day",Regular,Q4,November,Northern
BEL,2014,12,1949.0,1.78,1947.22,1960.064,1949.0,2014-12-01,Europe,5.0,"St. Nicholas Day, Christmas Eve, New Year's Eve",Winter_Holidays,Q4,December,Northern
BEL,2015,1,1817.576,2.141,1815.435,1830.702,1817.576,2015-01-01,Europe,2.0,"Epiphany, New Year's Day",Winter_Holidays,Q1,January,Northern
BEL,2015,2,1856.334,1.922,1854.412,1864.51,1856.334,2015-02-01,Europe,1.0,Valentine's Day,Regular,Q1,February,Northern
BEL,2015,3,2209.413,2.211,2207.202,2218.204,2209.413,2015-03-01,Europe,0.0,None,Regular,Q1,March,Northern
BEL,2015,4,2660.132,1.32,2658.812,2660.146,2660.132,2015-04-01,Europe,3.0,"Good Friday, Easter Sunday, Easter Monday",Spring_Holidays,Q2,April,Northern
BEL,2015,5,2859.581,3.027,2856.554,2856.119,2859.581,2015-05-01,Europe,4.0,"Labor Day / May Day, Ascension Day, Whit Sunday",Regular,Q2,May,Northern
BEL,2015,6,2855.538,2.49,2853.048,2844.405,2855.538,2015-06-01,Europe,0.0,None,Regular,Q2,June,Northern
BEL,2015,7,3281.63,3.35,3278.28,3278.365,3281.63,2015-07-01,Europe,1.0,Belgian National Day,Summer_Holidays,Q3,July,Northern
BEL,2015,8,3260.405,5.217,3255.188,3260.725,3260.405,2015-08-01,Europe,1.0,Assumption of Mary,Summer_Holidays,Q3,August,Northern
BEL,2015,9,3043.615,1.859,3041.756,3035.755,3043.615,2015-09-01,Europe,0.0,None,Regular,Q3,September,Northern
BEL,2015,10,2823.646,0.793,2822.853,2812.576,2823.646,2015-10-01,Europe,1.0,Halloween,Regular,Q4,October,Northern
BEL,2015,11,2238.354,1.246,2237.108,2236.092,2238.354,2015-11-01,Europe,2.0,"All Saints' Day, Armistice Day",Regular,Q4,November,Northern
BEL,2015,12,2052.617,2.398,2050.219,2054.643,2052.617,2015-12-01,Europe,5.0,"St. Nicholas Day, Christmas Eve, New Year's Eve",Winter_Holidays,Q4,December,Northern
BEL,2016,1,1966.259,1.748,1964.511,1989.576,1966.259,2016-01-01,Europe,2.0,"Epiphany, New Year's Day",Winter_Holidays,Q1,January,Northern
BEL,2016,2,2089.083,1.878,2087.205,2110.524,2089.083,2016-02-01,Europe,1.0,Valentine's Day,Regular,Q1,February,Northern
BEL,2016,3,1936.776,1.483,1935.293,1951.729,1936.776,2016-03-01,Europe,3.0,"Good Friday, Easter Sunday, Easter Monday",Spring_Holidays,Q1,March,Northern
BEL,2016,4,2005.251,0.483,2004.768,2008.852,2005.251,2016-04-01,Europe,0.0,None,Regular,Q2,April,Northern
BEL,2016,5,2703.577,1.446,2702.131,2710.373,2703.577,2016-05-01,Europe,4.0,"Labor Day / May Day, Ascension Day, Whit Sunday",Regular,Q2,May,Northern
BEL,2016,6,2736.786,0.658,2736.128,2740.242,2736.786,2016-06-01,Europe,0.0,None,Regular,Q2,June,Northern
BEL,2016,7,3213.462,0.961,3212.501,3217.812,3213.462,2016-07-01,Europe,1.0,Belgian National Day,Summer_Holidays,Q3,July,Northern
BEL,2016,8,3133.437,0.794,3132.643,3136.514,3133.437,2016-08-01,Europe,1.0,Assumption of Mary,Summer_Holidays,Q3,August,Northern
BEL,2016,9,2990.813,0.591,2990.222,3002.223,2990.813,2016-09-01,Europe,0.0,None,Regular,Q3,September,Northern
BEL,2016,10,2767.036,0.474,2766.562,2768.788,2767.036,2016-10-01,Europe,1.0,Halloween,Regular,Q4,October,Northern
BEL,2016,11,2318.544,0.441,2318.103,2320.831,2318.544,2016-11-01,Europe,2.0,"All Saints' Day, Armistice Day",Regular,Q4,November,Northern
BEL,2016,12,2254.808,0.775,2254.033,2258.291,2254.808,2016-12-01,Europe,5.0,"St. Nicholas Day, Christmas Eve, New Year's Eve",Winter_Holidays,Q4,December,Northern
BEL,2017,1,2064.27,0.581,2063.689,2067.748,2064.27,2017-01-01,Europe,2.0,"Epiphany, New Year's Day",Winter_Holidays,Q1,January,Northern
BEL,2017,2,2083.035,0.307,2082.728,2087.793,2083.035,2017-02-01,Europe,1.0,Valentine's Day,Regular,Q1,February,Northern
BEL,2017,3,2462.55,0.94,2461.61,2468.093,2462.55,2017-03-01,Europe,0.0,None,Regular,Q1,March,Northern
BEL,2017,4,2891.115,0.956,2890.159,2896.213,2891.115,2017-04-01,Europe,3.0,"Good Friday, Easter Sunday, Easter Monday",Spring_Holidays,Q2,April,Northern
BEL,2017,5,2983.022,0.645,2982.377,2987.864,2983.022,2017-05-01,Europe,2.0,"Labor Day / May Day, Ascension Day",Regular,Q2,May,Northern
BEL,2017,6,2986.272,0.724,2985.548,2970.502,2986.272,2017-06-01,Europe,2.0,"Whit Sunday, Whit Monday",Regular,Q2,June,Northern
BEL,2017,7,3468.159,1.199,3466.96,3474.771,3468.159,2017-07-01,Europe,1.0,Belgian National Day,Summer_Holidays,Q3,July,Northern
BEL,2017,8,3408.657,1.013,3407.644,3407.358,3408.657,2017-08-01,Europe,1.0,Assumption of Mary,Summer_Holidays,Q3,August,Northern
BEL,2017,9,3202.473,0.93,3201.543,3205.749,3202.473,2017-09-01,Europe,0.0,None,Regular,Q3,September,Northern
BEL,2017,10,2982.388,0.432,2981.956,2982.958,2982.388,2017-10-01,Europe,1.0,Halloween,Regular,Q4,October,Northern
BEL,2017,11,2422.231,0.615,2421.616,2422.235,2422.231,2017-11-01,Europe,2.0,"All Saints' Day, Armistice Day",Regular,Q4,November,Northern
BEL,2017,12,2306.321,1.508,2304.813,2308.507,2306.321,2017-12-01,Europe,5.0,"St. Nicholas Day, Christmas Eve, New Year's Eve",Winter_Holidays,Q4,December,Northern
BEL,2018,1,2190.383,0.249,2190.134,,2190.383,2018-01-01,Europe,2.0,"Epiphany, New Year's Day",Winter_Holidays,Q1,January,Northern
BEL,2018,2,2194.321,0.557,2193.764,,2194.321,2018-02-01,Europe,1.0,Valentine's Day,Regular,Q1,February,Northern
BEL,2018,3,2590.913,1.554,2589.359,,2590.913,2018-03-01,Europe,1.0,Good Friday,Spring_Holidays,Q1,March,Northern
BEL,2018,4,3062.128,0.998,3061.13,,3062.128,2018-04-01,Europe,2.0,"Easter Sunday, Easter Monday",Spring_Holidays,Q2,April,Northern
BEL,2018,5,3092.445,0.569,3091.876,,3092.445,2018-05-01,Europe,4.0,"Labor Day / May Day, Ascension Day, Whit Sunday",Regular,Q2,May,Northern
BEL,2018,6,3110.741,0.788,3109.953,,3110.741,2018-06-01,Europe,0.0,None,Regular,Q2,June,Northern
BEL,2018,7,3555.992,0.939,3555.053,,3555.992,2018-07-01,Europe,1.0,Belgian National Day,Summer_Holidays,Q3,July,Northern
BEL,2018,8,3496.343,1.007,3495.336,,3496.343,2018-08-01,Europe,1.0,Assumption of Mary,Summer_Holidays,Q3,August,Northern
BEL,2018,9,3259.277,0.745,3258.532,,3259.277,2018-09-01,Europe,0.0,None,Regular,Q3,September,Northern
BEL,2018,10,2992.47,0.545,2991.925,,2992.47,2018-10-01,Europe,1.0,Halloween,Regular,Q4,October,Northern
BEL,2018,11,2540.218,0.353,2539.865,,2540.218,2018-11-01,Europe,2.0,"All Saints' Day, Armistice Day",Regular,Q4,November,Northern
BEL,2018,12,2421.063,0.477,2420.586,,2421.063,2018-12-01,Europe,5.0,"St. Nicholas Day, Christmas Eve, New Year's Eve",Winter_Holidays,Q4,December,Northern
BGR,2010,1,273.78,8.456,265.324,285.002,273.78,2010-01-01,Other,1.0,New Year's Day,Winter_Holidays,Q1,January,Northern
BGR,2010,2,242.626,10.4,232.226,254.668,242.626,2010-02-01,Other,1.0,Day of Remembrance and Respect to Victims of the Communist Regime,Regular,Q1,February,Northern
BGR,2010,3,273.116,12.749,260.367,288.385,273.116,2010-03-01,Other,2.0,"Baba Marta, Liberation Day",Spring_Holidays,Q1,March,Northern
BGR,2010,4,245.311,12.129,233.182,261.102,245.311,2010-04-01,Other,4.0,"Good Friday, Holy Saturday, Easter Sunday",Spring_Holidays,Q2,April,Northern
BGR,2010,5,424.416,15.323,409.093,449.039,424.416,2010-05-01,Other,3.0,"Labor Day, St. George's Day, Culture and Literacy Day",Regular,Q2,May,Northern
BGR,2010,6,794.101,20.204,773.897,826.16,794.101,2010-06-01,Other,0.0,None,Regular,Q2,June,Northern
BGR,2010,7,1147.747,24.164,1123.583,1183.314,1147.747,2010-07-01,Other,1.0,July Morning,Summer_Holidays,Q3,July,Northern
BGR,2010,8,1168.521,25.569,1142.952,1201.126,1168.521,2010-08-01,Other,0.0,None,Regular,Q3,August,Northern
BGR,2010,9,733.968,18.662,715.306,760.899,733.968,2010-09-01,Other,2.0,"Unification Day, Independence Day",Regular,Q3,September,Northern
BGR,2010,10,348.654,14.752,333.902,365.957,348.654,2010-10-01,Other,0.0,None,Regular,Q4,October,Northern
BGR,2010,11,247.081,11.346,235.735,260.801,247.081,2010-11-01,Other,1.0,Revival Day,Regular,Q4,November,Northern
BGR,2010,12,270.002,10.16,259.842,281.879,270.002,2010-12-01,Other,4.0,"New Year's Eve, Christmas Eve, Christmas Day",Winter_Holidays,Q4,December,Northern
BGR,2011,1,281.19,10.988,270.202,295.175,281.19,2011-01-01,Other,1.0,New Year's Day,Winter_Holidays,Q1,January,Northern
BGR,2011,2,255.29,12.819,242.471,271.98,255.29,2011-02-01,Other,1.0,Day of Remembrance and Respect to Victims of the Communist Regime,Regular,Q1,February,Northern
BGR,2011,3,288.958,15.802,273.156,306.209,288.958,2011-03-01,Other,2.0,"Baba Marta, Liberation Day",Spring_Holidays,Q1,March,Northern
BGR,2011,4,315.771,17.138,298.633,333.85,315.771,2011-04-01,Other,4.0,"Good Friday, Holy Saturday, Easter Sunday",Spring_Holidays,Q2,April,Northern
BGR,2011,5,452.652,19.675,432.977,479.622,452.652,2011-05-01,Other,3.0,"Labor Day, St. George's Day, Culture and Literacy Day",Regular,Q2,May,Northern
BGR,2011,6,872.497,26.194,846.303,909.059,872.497,2011-06-01,Other,0.0,None,Regular,Q2,June,Northern
BGR,2011,7,1261.908,26.006,1235.902,1295.041,1261.908,2011-07-01,Other,1.0,July Morning,Summer_Holidays,Q3,July,Northern
BGR,2011,8,1257.769,28.979,1228.79,1291.86,1257.769,2011-08-01,Other,0.0,None,Regular,Q3,August,Northern
BGR,2011,9,806.26,23.34,782.92,836.498,806.26,2011-09-01,Other,2.0,"Unification Day, Independence Day",Regular,Q3,September,Northern
BGR,2011,10,339.6,12.315,327.285,353.623,339.6,2011-10-01,Other,0.0,None,Regular,Q4,October,Northern
BGR,2011,11,245.788,5.979,239.809,253.499,245.788,2011-11-01,Other,1.0,Revival Day,Regular,Q4,November,Northern
BGR,2011,12,274.324,6.135,268.189,283.731,274.324,2011-12-01,Other,4.0,"New Year's Eve, Christmas Eve, Christmas Day",Winter_Holidays,Q4,December,Northern
BGR,2012,1,276.87,5.015,271.855,285.268,276.87,2012-01-01,Other,3.0,"New Year's Day, Special non-working day, Working day for January 2",Winter_Holidays,Q1,January,Northern
BGR,2012,2,248.309,5.499,242.81,256.365,248.309,2012-02-01,Other,1.0,Day of Remembrance and Respect to Victims of the Communist Regime,Regular,Q1,February,Northern
BGR,2012,3,288.098,14.904,273.194,306.315,288.098,2012-03-01,Other,2.0,"Baba Marta, Liberation Day",Spring_Holidays,Q1,March,Northern
BGR,2012,4,318.565,16.381,302.184,337.31,318.565,2012-04-01,Other,6.0,"Good Friday, Holy Saturday, Easter Sunday",Spring_Holidays,Q2,April,Northern
BGR,2012,5,438.227,18.534,419.693,461.559,438.227,2012-05-01,Other,5.0,"Labor Day, St. George's Day, Culture and Literacy Day",Regular,Q2,May,Northern
BGR,2012,6,946.489,25.527,920.962,978.202,946.489,2012-06-01,Other,0.0,None,Regular,Q2,June,Northern
BGR,2012,7,1337.258,28.673,1308.585,1373.577,1337.258,2012-07-01,Other,1.0,July Morning,Summer_Holidays,Q3,July,Northern
BGR,2012,8,1306.449,29.34,1277.109,1339.765,1306.449,2012-08-01,Other,0.0,None,Regular,Q3,August,Northern
BGR,2012,9,795.693,21.596,774.097,820.579,795.693,2012-09-01,Other,4.0,"Unification Day, Independence Day, Special non-working day",Regular,Q3,September,Northern
BGR,2012,10,333.363,16.793,316.57,352.073,333.363,2012-10-01,Other,0.0,None,Regular,Q4,October,Northern
BGR,2012,11,253.041,12.465,240.576,267.871,253.041,2012-11-01,Other,1.0,Revival Day,Regular,Q4,November,Northern
BGR,2012,12,276.741,10.657,266.084,290.585,276.741,2012-12-01,Other,5.0,"Christmas Eve, Christmas Day, Second day of Christmas",Winter_Holidays,Q4,December,Northern
BGR,2013,1,279.656,10.138,269.518,293.622,279.656,2013-01-01,Other,1.0,New Year's Day,Winter_Holidays,Q1,January,Northern
BGR,2013,2,252.029,8.534,243.495,263.715,252.029,2013-02-01,Other,1.0,Day of Remembrance and Respect to Victims of the Communist Regime,Regular,Q1,February,Northern
BGR,2013,3,294.684,10.313,284.371,307.941,294.684,2013-03-01,Other,2.0,"Baba Marta, Liberation Day",Spring_Holidays,Q1,March,Northern
BGR,2013,4,309.296,12.658,296.638,324.52,309.296,2013-04-01,Other,0.0,None,Regular,Q2,April,Northern
BGR,2013,5,479.412,16.307,463.105,500.058,479.412,2013-05-01,Other,9.0,"Labor Day, Good Friday, Holy Saturday",Regular,Q2,May,Northern
BGR,2013,6,983.674,21.515,962.159,1008.641,983.674,2013-06-01,Other,0.0,None,Regular,Q2,June,Northern
BGR,2013,7,1349.921,25.475,1324.446,1381.011,1349.921,2013-07-01,Other,1.0,July Morning,Summer_Holidays,Q3,July,Northern
BGR,2013,8,1360.86,24.985,1335.875,1390.073,1360.86,2013-08-01,Other,0.0,None,Regular,Q3,August,Northern
BGR,2013,9,844.583,19.565,825.018,868.214,844.583,2013-09-01,Other,2.0,"Unification Day, Independence Day",Regular,Q3,September,Northern
BGR,2013,10,356.604,14.101,342.503,373.851,356.604,2013-10-01,Other,0.0,None,Regular,Q4,October,Northern
BGR,2013,11,271.842,10.788,261.054,284.516,271.842,2013-11-01,Other,1.0,Revival Day,Regular,Q4,November,Northern
BGR,2013,12,296.731,9.033,287.698,307.497,296.731,2013-12-01,Other,5.0,"Christmas Eve, Christmas Day, Second day of Christmas",Winter_Holidays,Q4,December,Northern
BGR,2014,1,298.853,8.047,290.806,309.06,298.853,2014-01-01,Other,1.0,New Year's Day,Winter_Holidays,Q1,January,Northern
BGR,2014,2,274.571,9.007,265.564,286.561,274.571,2014-02-01,Other,1.0,Day of Remembrance and Respect to Victims of the Communist Regime,Regular,Q1,February,Northern
BGR,2014,3,314.591,10.652,303.939,327.821,314.591,2014-03-01,Other,2.0,"Baba Marta, Liberation Day",Spring_Holidays,Q1,March,Northern
BGR,2014,4,350.849,11.857,338.992,365.272,350.849,2014-04-01,Other,4.0,"Good Friday, Holy Saturday, Easter Sunday",Spring_Holidays,Q2,April,Northern
BGR,2014,5,511.137,14.695,496.442,530.725,511.137,2014-05-01,Other,7.0,"Labor Day, St. George's Day, Culture and Literacy Day",Regular,Q2,May,Northern
BGR,2014,6,1080.83,19.327,1061.503,1105.892,1080.83,2014-06-01,Other,0.0,None,Regular,Q2,June,Northern
BGR,2014,7,1396.172,22.655,1373.517,1423.623,1396.172,2014-07-01,Other,1.0,July Morning,Summer_Holidays,Q3,July,Northern
BGR,2014,8,1452.946,23.817,1429.129,1479.627,1452.946,2014-08-01,Other,0.0,None,Regular,Q3,August,Northern
BGR,2014,9,852.992,16.423,836.569,874.947,852.992,2014-09-01,Other,2.0,"Unification Day, Independence Day",Regular,Q3,September,Northern
BGR,2014,10,383.929,11.692,372.237,398.195,383.929,2014-10-01,Other,0.0,None,Regular,Q4,October,Northern
BGR,2014,11,290.55,10.016,280.534,303.743,290.55,2014-11-01,Other,1.0,Revival Day,Regular,Q4,November,Northern
BGR,2014,12,313.277,10.118,303.159,327.588,313.277,2014-12-01,Other,5.0,"Christmas Eve, Christmas Day, Second day of Christmas",Winter_Holidays,Q4,December,Northern
BGR,2015,1,311.991,8.851,303.14,325.887,311.991,2015-01-01,Other,3.0,"New Year's Day, Special non-working day, Working day for January 2",Winter_Holidays,Q1,January,Northern
BGR,2015,2,286.718,8.64,278.078,299.249,286.718,2015-02-01,Other,1.0,Day of Remembrance and Respect to Victims of the Communist Regime,Regular,Q1,February,Northern
BGR,2015,3,324.201,8.815,315.386,338.471,324.201,2015-03-01,Other,4.0,"Baba Marta, Liberation Day, Special non-working day",Spring_Holidays,Q1,March,Northern
BGR,2015,4,362.523,9.84,352.683,377.332,362.523,2015-04-01,Other,4.0,"Good Friday, Holy Saturday, Easter Sunday",Spring_Holidays,Q2,April,Northern
BGR,2015,5,501.317,12.201,489.116,520.32,501.317,2015-05-01,Other,3.0,"Labor Day, St. George's Day, Culture and Literacy Day",Regular,Q2,May,Northern
BGR,2015,6,975.825,17.771,958.054,1000.612,975.825,2015-06-01,Other,0.0,None,Regular,Q2,June,Northern
BGR,2015,7,1390.599,22.829,1367.77,1421.711,1390.599,2015-07-01,Other,1.0,July Morning,Summer_Holidays,Q3,July,Northern
BGR,2015,8,1452.396,25.938,1426.458,1487.677,1452.396,2015-08-01,Other,0.0,None,Regular,Q3,August,Northern
BGR,2015,9,921.961,16.846,905.115,945.624,921.961,2015-09-01,Other,4.0,"Unification Day, Independence Day, Special non-working day",Regular,Q3,September,Northern
BGR,2015,10,427.016,11.77,415.246,444.268,427.016,2015-10-01,Other,0.0,None,Regular,Q4,October,Northern
BGR,2015,11,315.488,10.412,305.076,330.542,315.488,2015-11-01,Other,1.0,Revival Day,Regular,Q4,November,Northern
BGR,2015,12,340.914,9.416,331.498,356.264,340.914,2015-12-01,Other,5.0,"Christmas Eve, Christmas Day, Second day of Christmas",Winter_Holidays,Q4,December,Northern
BGR,2016,1,352.207,9.211,342.996,369.214,352.207,2016-01-01,Other,1.0,New Year's Day,Winter_Holidays,Q1,January,Northern
BGR,2016,2,334.689,8.154,326.535,348.615,334.689,2016-02-01,Other,1.0,Day of Remembrance and Respect to Victims of the Communist Regime,Regular,Q1,February,Northern
BGR,2016,3,366.203,9.175,357.028,380.133,366.203,2016-03-01,Other,2.0,"Baba Marta, Liberation Day",Spring_Holidays,Q1,March,Northern
BGR,2016,4,411.154,10.431,400.723,425.194,411.154,2016-04-01,Other,2.0,"Good Friday, Holy Saturday",Spring_Holidays,Q2,April,Northern
BGR,2016,5,622.014,11.25,610.764,639.573,622.014,2016-05-01,Other,6.0,"Easter Sunday, Labor Day, Easter Monday",Regular,Q2,May,Northern
BGR,2016,6,1171.437,16.766,1154.671,1195.497,1171.437,2016-06-01,Other,0.0,None,Regular,Q2,June,Northern
BGR,2016,7,1699.632,22.13,1677.502,1727.733,1699.632,2016-07-01,Other,1.0,July Morning,Summer_Holidays,Q3,July,Northern
BGR,2016,8,1684.644,24.906,1659.738,1715.987,1684.644,2016-08-01,Other,0.0,None,Regular,Q3,August,Northern
BGR,2016,9,1172.583,17.533,1155.05,1195.797,1172.583,2016-09-01,Other,2.0,"Unification Day, Independence Day",Regular,Q3,September,Northern
BGR,2016,10,562.726,12.267,550.459,577.927,562.726,2016-10-01,Other,0.0,None,Regular,Q4,October,Northern
BGR,2016,11,452.109,10.435,441.674,464.922,452.109,2016-11-01,Other,1.0,Revival Day,Regular,Q4,November,Northern
BGR,2016,12,494.819,11.587,483.232,508.446,494.819,2016-12-01,Other,3.0,"Christmas Eve, Christmas Day, Second day of Christmas",Winter_Holidays,Q4,December,Northern
BGR,2017,1,493.259,10.191,483.068,508.294,493.259,2017-01-01,Other,2.0,"New Year's Day, New Year's Day observed",Winter_Holidays,Q1,January,Northern
BGR,2017,2,480.657,10.078,470.579,493.826,480.657,2017-02-01,Other,1.0,Day of Remembrance and Respect to Victims of the Communist Regime,Regular,Q1,February,Northern
BGR,2017,3,544.316,14.616,529.7,564.95,544.316,2017-03-01,Other,2.0,"Baba Marta, Liberation Day",Spring_Holidays,Q1,March,Northern
BGR,2017,4,615.682,22.62,593.062,642.23,615.682,2017-04-01,Other,4.0,"Good Friday, Holy Saturday, Easter Sunday",Spring_Holidays,Q2,April,Northern
BGR,2017,5,767.812,25.278,742.534,797.669,767.812,2017-05-01,Other,4.0,"Labor Day, St. George's Day, St. George's Day observed",Regular,Q2,May,Northern
BGR,2017,6,1384.824,30.479,1354.345,1422.546,1384.824,2017-06-01,Other,0.0,None,Regular,Q2,June,Northern
BGR,2017,7,1902.159,35.532,1866.627,1951.146,1902.159,2017-07-01,Other,1.0,July Morning,Summer_Holidays,Q3,July,Northern
BGR,2017,8,1882.109,35.46,1846.649,1923.941,1882.109,2017-08-01,Other,0.0,None,Regular,Q3,August,Northern
BGR,2017,9,1304.988,30.039,1274.949,1341.614,1304.988,2017-09-01,Other,2.0,"Unification Day, Independence Day",Regular,Q3,September,Northern
BGR,2017,10,670.632,22.751,647.881,696.124,670.632,2017-10-01,Other,0.0,None,Regular,Q4,October,Northern
BGR,2017,11,507.08,21.579,485.501,533.59,507.08,2017-11-01,Other,1.0,Revival Day,Regular,Q4,November,Northern
BGR,2017,12,539.133,21.816,517.317,566.835,539.133,2017-12-01,Other,4.0,"Christmas Eve, Christmas Day, Second day of Christmas",Winter_Holidays,Q4,December,Northern
BGR,2018,1,544.718,20.01,524.708,,544.718,2018-01-01,Other,1.0,New Year's Day,Winter_Holidays,Q1,January,Northern
BGR,2018,2,509.648,18.566,491.082,,509.648,2018-02-01,Other,1.0,Day of Remembrance and Respect to Victims of the Communist Regime,Regular,Q1,February,Northern
BGR,2018,3,609.762,23.56,586.202,,609.762,2018-03-01,Other,3.0,"Baba Marta, Liberation Day, Liberation Day observed",Spring_Holidays,Q1,March,Northern
BGR,2018,4,704.504,23.133,681.371,,704.504,2018-04-01,Other,4.0,"Good Friday, Holy Saturday, Easter Sunday",Spring_Holidays,Q2,April,Northern
BGR,2018,5,918.353,27.029,891.324,,918.353,2018-05-01,Other,4.0,"Labor Day, St. George's Day, St. George's Day observed",Regular,Q2,May,Northern
BGR,2018,6,1569.255,30.394,1538.861,,1569.255,2018-06-01,Other,0.0,None,Regular,Q2,June,Northern
BGR,2018,7,2050.117,36.9,2013.217,,2050.117,2018-07-01,Other,1.0,July Morning,Summer_Holidays,Q3,July,Northern
BGR,2018,8,1998.177,38.521,1959.656,,1998.177,2018-08-01,Other,0.0,None,Regular,Q3,August,Northern
BGR,2018,9,1400.679,32.493,1368.186,,1400.679,2018-09-01,Other,3.0,"Unification Day, Independence Day, Independence Day observed",Regular,Q3,September,Northern
BGR,2018,10,735.296,25.741,709.555,,735.296,2018-10-01,Other,0.0,None,Regular,Q4,October,Northern
BGR,2018,11,529.72,19.05,510.67,,529.72,2018-11-01,Other,1.0,Revival Day,Regular,Q4,November,Northern
BGR,2018,12,567.485,20.015,547.47,,567.485,2018-12-01,Other,3.0,"Christmas Eve, Christmas Day, Second day of Christmas",Winter_Holidays,Q4,December,Northern
BHR,2014,1,,,,684.743,684.743,2014-01-01,Other,2.0,"New Year, The Prophet's Birthday",Winter_Holidays,Q1,January,Northern
BHR,2014,2,,,,594.728,594.728,2014-02-01,Other,0.0,None,Regular,Q1,February,Northern
BHR,2014,3,,,,662.74,662.74,2014-03-01,Other,0.0,None,Regular,Q1,March,Northern
BHR,2014,4,,,,683.333,683.333,2014-04-01,Other,0.0,None,Regular,Q2,April,Northern
BHR,2014,5,,,,659.63,659.63,2014-05-01,Other,1.0,May Day,Regular,Q2,May,Northern
BHR,2014,6,,,,695.559,695.559,2014-06-01,Other,0.0,None,Regular,Q2,June,Northern
BHR,2014,7,,,,605.548,605.548,2014-07-01,Other,3.0,Eid al-Fitr,Summer_Holidays,Q3,July,Northern
BHR,2014,8,,,,825.903,825.903,2014-08-01,Other,0.0,None,Regular,Q3,August,Northern
BHR,2014,9,,,,680.783,680.783,2014-09-01,Other,0.0,None,Regular,Q3,September,Northern
BHR,2014,10,,,,698.606,698.606,2014-10-01,Other,9.0,"Arafat Day, Eid al-Adha, Ashoora",Regular,Q4,October,Northern
BHR,2014,11,,,,588.5,588.5,2014-11-01,Other,0.0,None,Regular,Q4,November,Northern
BHR,2014,12,,,,722.429,722.429,2014-12-01,Other,2.0,"National Day, National Day (second day)",Winter_Holidays,Q4,December,Northern
BHR,2015,1,,,,764.54,764.54,2015-01-01,Other,2.0,"New Year, The Prophet's Birthday",Winter_Holidays,Q1,January,Northern
BHR,2015,2,,,,631.48,631.48,2015-02-01,Other,0.0,None,Regular,Q1,February,Northern
BHR,2015,3,,,,718.504,718.504,2015-03-01,Other,0.0,None,Regular,Q1,March,Northern
BHR,2015,4,,,,710.169,710.169,2015-04-01,Other,0.0,None,Regular,Q2,April,Northern
BHR,2015,5,,,,706.957,706.957,2015-05-01,Other,1.0,May Day,Regular,Q2,May,Northern
BHR,2015,6,,,,659.888,659.888,2015-06-01,Other,0.0,None,Regular,Q2,June,Northern
BHR,2015,7,,,,749.782,749.782,2015-07-01,Other,3.0,Eid al-Fitr,Summer_Holidays,Q3,July,Northern
BHR,2015,8,,,,862.113,862.113,2015-08-01,Other,0.0,None,Regular,Q3,August,Northern
BHR,2015,9,,,,761.93,761.93,2015-09-01,Other,6.0,"Arafat Day, Eid al-Adha",Regular,Q3,September,Northern
BHR,2015,10,,,,654.342,654.342,2015-10-01,Other,3.0,"Muharram, Ashoora, Ashoora (second day)",Regular,Q4,October,Northern
BHR,2015,11,,,,625.404,625.404,2015-11-01,Other,0.0,None,Regular,Q4,November,Northern
BHR,2015,12,,,,741.536,741.536,2015-12-01,Other,3.0,"National Day, National Day (second day), The Prophet's Birthday",Winter_Holidays,Q4,December,Northern
BHR,2016,1,,,,789.425,789.425,2016-01-01,Other,1.0,New Year,Winter_Holidays,Q1,January,Northern
BHR,2016,2,,,,664.356,664.356,2016-02-01,Other,0.0,None,Regular,Q1,February,Northern
BHR,2016,3,,,,752.306,752.306,2016-03-01,Other,0.0,None,Regular,Q1,March,Northern
BHR,2016,4,,,,723.791,723.791,2016-04-01,Other,0.0,None,Regular,Q2,April,Northern
BHR,2016,5,,,,710.657,710.657,2016-05-01,Other,1.0,May Day,Regular,Q2,May,Northern
BHR,2016,6,,,,586.449,586.449,2016-06-01,Other,0.0,None,Regular,Q2,June,Northern
BHR,2016,7,,,,817.425,817.425,2016-07-01,Other,3.0,Eid al-Fitr,Summer_Holidays,Q3,July,Northern
BHR,2016,8,,,,849.48,849.48,2016-08-01,Other,0.0,None,Regular,Q3,August,Northern
BHR,2016,9,,,,821.237,821.237,2016-09-01,Other,6.0,"Arafat Day, Eid al-Adha",Regular,Q3,September,Northern
BHR,2016,10,,,,630.293,630.293,2016-10-01,Other,3.0,"Muharram, Ashoora, Ashoora (second day)",Regular,Q4,October,Northern
BHR,2016,11,,,,673.887,673.887,2016-11-01,Other,0.0,None,Regular,Q4,November,Northern
BHR,2016,12,,,,746.845,746.845,2016-12-01,Other,3.0,"The Prophet's Birthday, National Day, National Day (second day)",Winter_Holidays,Q4,December,Northern
BHR,2017,1,,,,766.796,766.796,2017-01-01,Other,1.0,New Year,Winter_Holidays,Q1,January,Northern
BHR,2017,2,,,,675.611,675.611,2017-02-01,Other,0.0,None,Regular,Q1,February,Northern
BHR,2017,3,,,,718.214,718.214,2017-03-01,Other,0.0,None,Regular,Q1,March,Northern
BHR,2017,4,,,,794.76,794.76,2017-04-01,Other,0.0,None,Regular,Q2,April,Northern
BHR,2017,5,,,,702.028,702.028,2017-05-01,Other,1.0,May Day,Regular,Q2,May,Northern
BHR,2017,6,,,,579.511,579.511,2017-06-01,Other,3.0,Eid al-Fitr,Regular,Q2,June,Northern
BHR,2017,7,,,,767.804,767.804,2017-07-01,Other,0.0,None,Regular,Q3,July,Northern
BHR,2017,8,,,,815.335,815.335,2017-08-01,Other,0.0,None,Regular,Q3,August,Northern
BHR,2017,9,,,,718.191,718.191,2017-09-01,Other,7.0,"Arafat Day, Eid al-Adha, Muharram",Regular,Q3,September,Northern
BHR,2017,10,,,,594.121,594.121,2017-10-01,Other,2.0,"Ashoora, Ashoora (second day)",Regular,Q4,October,Northern
BHR,2017,11,,,,653.337,653.337,2017-11-01,Other,0.0,None,Regular,Q4,November,Northern
BHR,2017,12,,,,691.623,691.623,2017-12-01,Other,3.0,"The Prophet's Birthday, National Day, National Day (second day)",Winter_Holidays,Q4,December,Northern
BIH,2010,1,,,,31.746,31.746,2010-01-01,Other,3.0,"Day of the Republika Srpska, New Year's Day, New Year's (Day 2)",Winter_Holidays,Q1,January,Northern
BIH,2010,2,,,,28.85,28.85,2010-02-01,Other,1.0,Valentine's Day,Regular,Q1,February,Northern
BIH,2010,3,,,,37.657,37.657,2010-03-01,Other,2.0,"Mothers' Day, Independence Day",Spring_Holidays,Q1,March,Northern
BIH,2010,4,,,,39.907,39.907,2010-04-01,Other,2.0,"Holy Saturday, Orthodox Holy Saturday",Spring_Holidays,Q2,April,Northern
BIH,2010,5,,,,51.398,51.398,2010-05-01,Other,3.0,"Labor Day, Labor Day (Day 2), Victory Day",Regular,Q2,May,Northern
BIH,2010,6,,,,59.636,59.636,2010-06-01,Other,1.0,Fathers' Day,Regular,Q2,June,Northern
BIH,2010,7,,,,72.615,72.615,2010-07-01,Other,0.0,None,Regular,Q3,July,Northern
BIH,2010,8,,,,60.475,60.475,2010-08-01,Other,0.0,None,Regular,Q3,August,Northern
BIH,2010,9,,,,54.753,54.753,2010-09-01,Other,0.0,None,Regular,Q3,September,Northern
BIH,2010,10,,,,51.137,51.137,2010-10-01,Other,1.0,Halloween,Regular,Q4,October,Northern
BIH,2010,11,,,,40.912,40.912,2010-11-01,Other,3.0,"All Saints' Day, Dayton Peace Agreement Day, Statehood Day",Regular,Q4,November,Northern
BIH,2010,12,,,,34.18,34.18,2010-12-01,Other,1.0,New Year's Eve,Winter_Holidays,Q4,December,Northern
BIH,2011,1,,,,30.484,30.484,2011-01-01,Other,4.0,"Day of the Republika Srpska, New Year's Day, New Year's (Day 2)",Winter_Holidays,Q1,January,Northern
BIH,2011,2,,,,34.148,34.148,2011-02-01,Other,1.0,Valentine's Day,Regular,Q1,February,Northern
BIH,2011,3,,,,40.803,40.803,2011-03-01,Other,2.0,"Mothers' Day, Independence Day",Spring_Holidays,Q1,March,Northern
BIH,2011,4,,,,49.489,49.489,2011-04-01,Other,2.0,"Holy Saturday, Orthodox Holy Saturday",Spring_Holidays,Q2,April,Northern
BIH,2011,5,,,,56.812,56.812,2011-05-01,Other,4.0,"Labor Day, Labor Day observed, Labor Day (Day 2)",Regular,Q2,May,Northern
BIH,2011,6,,,,62.994,62.994,2011-06-01,Other,1.0,Fathers' Day,Regular,Q2,June,Northern
BIH,2011,7,,,,81.042,81.042,2011-07-01,Other,0.0,None,Regular,Q3,July,Northern
BIH,2011,8,,,,59.042,59.042,2011-08-01,Other,0.0,None,Regular,Q3,August,Northern
BIH,2011,9,,,,59.074,59.074,2011-09-01,Other,0.0,None,Regular,Q3,September,Northern
BIH,2011,10,,,,52.957,52.957,2011-10-01,Other,1.0,Halloween,Regular,Q4,October,Northern
BIH,2011,11,,,,39.785,39.785,2011-11-01,Other,3.0,"All Saints' Day, Dayton Peace Agreement Day, Statehood Day",Regular,Q4,November,Northern
BIH,2011,12,,,,33.348,33.348,2011-12-01,Other,1.0,New Year's Eve,Winter_Holidays,Q4,December,Northern
BIH,2012,1,,,,33.247,33.247,2012-01-01,Other,4.0,"Day of the Republika Srpska, New Year's Day, New Year's Day observed",Winter_Holidays,Q1,January,Northern
BIH,2012,2,,,,26.278,26.278,2012-02-01,Other,1.0,Valentine's Day,Regular,Q1,February,Northern
BIH,2012,3,,,,36.765,36.765,2012-03-01,Other,2.0,"Mothers' Day, Independence Day",Spring_Holidays,Q1,March,Northern
BIH,2012,4,,,,49.709,49.709,2012-04-01,Other,2.0,"Holy Saturday, Orthodox Holy Saturday",Spring_Holidays,Q2,April,Northern
BIH,2012,5,,,,55.107,55.107,2012-05-01,Other,3.0,"Labor Day, Labor Day (Day 2), Victory Day",Regular,Q2,May,Northern
BIH,2012,6,,,,62.491,62.491,2012-06-01,Other,1.0,Fathers' Day,Regular,Q2,June,Northern
BIH,2012,7,,,,69.346,69.346,2012-07-01,Other,0.0,None,Regular,Q3,July,Northern
BIH,2012,8,,,,60.787,60.787,2012-08-01,Other,0.0,None,Regular,Q3,August,Northern
BIH,2012,9,,,,60.323,60.323,2012-09-01,Other,0.0,None,Regular,Q3,September,Northern
BIH,2012,10,,,,52.115,52.115,2012-10-01,Other,1.0,Halloween,Regular,Q4,October,Northern
BIH,2012,11,,,,38.612,38.612,2012-11-01,Other,3.0,"All Saints' Day, Dayton Peace Agreement Day, Statehood Day",Regular,Q4,November,Northern
BIH,2012,12,,,,35.278,35.278,2012-12-01,Other,1.0,New Year's Eve,Winter_Holidays,Q4,December,Northern
BIH,2013,1,,,,33.437,33.437,2013-01-01,Other,3.0,"Day of the Republika Srpska, New Year's Day, New Year's (Day 2)",Winter_Holidays,Q1,January,Northern
BIH,2013,2,,,,30.399,30.399,2013-02-01,Other,1.0,Valentine's Day,Regular,Q1,February,Northern
BIH,2013,3,,,,44.631,44.631,2013-03-01,Other,3.0,"Mothers' Day, Holy Saturday, Independence Day",Spring_Holidays,Q1,March,Northern
BIH,2013,4,,,,56.918,56.918,2013-04-01,Other,0.0,None,Regular,Q2,April,Northern
BIH,2013,5,,,,65.495,65.495,2013-05-01,Other,4.0,"Orthodox Holy Saturday, Labor Day, Labor Day (Day 2)",Regular,Q2,May,Northern
BIH,2013,6,,,,72.949,72.949,2013-06-01,Other,1.0,Fathers' Day,Regular,Q2,June,Northern
BIH,2013,7,,,,69.699,69.699,2013-07-01,Other,0.0,None,Regular,Q3,July,Northern
BIH,2013,8,,,,79.796,79.796,2013-08-01,Other,0.0,None,Regular,Q3,August,Northern
BIH,2013,9,,,,66.721,66.721,2013-09-01,Other,0.0,None,Regular,Q3,September,Northern
BIH,2013,10,,,,64.387,64.387,2013-10-01,Other,1.0,Halloween,Regular,Q4,October,Northern
BIH,2013,11,,,,44.446,44.446,2013-11-01,Other,3.0,"All Saints' Day, Dayton Peace Agreement Day, Statehood Day",Regular,Q4,November,Northern
BIH,2013,12,,,,36.76,36.76,2013-12-01,Other,1.0,New Year's Eve,Winter_Holidays,Q4,December,Northern
BIH,2014,1,,,,44.39,44.39,2014-01-01,Other,3.0,"Day of the Republika Srpska, New Year's Day, New Year's (Day 2)",Winter_Holidays,Q1,January,Northern
BIH,2014,2,,,,41.89,41.89,2014-02-01,Other,1.0,Valentine's Day,Regular,Q1,February,Northern
BIH,2014,3,,,,53.078,53.078,2014-03-01,Other,2.0,"Mothers' Day, Independence Day",Spring_Holidays,Q1,March,Northern
BIH,2014,4,,,,66.106,66.106,2014-04-01,Other,2.0,"Holy Saturday, Orthodox Holy Saturday",Spring_Holidays,Q2,April,Northern
BIH,2014,5,,,,80.856,80.856,2014-05-01,Other,3.0,"Labor Day, Labor Day (Day 2), Victory Day",Regular,Q2,May,Northern
BIH,2014,6,,,,87.171,87.171,2014-06-01,Other,1.0,Fathers' Day,Regular,Q2,June,Northern
BIH,2014,7,,,,94.835,94.835,2014-07-01,Other,0.0,None,Regular,Q3,July,Northern
BIH,2014,8,,,,107.844,107.844,2014-08-01,Other,0.0,None,Regular,Q3,August,Northern
BIH,2014,9,,,,88.135,88.135,2014-09-01,Other,0.0,None,Regular,Q3,September,Northern
BIH,2014,10,,,,81.143,81.143,2014-10-01,Other,1.0,Halloween,Regular,Q4,October,Northern
BIH,2014,11,,,,59.196,59.196,2014-11-01,Other,3.0,"All Saints' Day, Dayton Peace Agreement Day, Statehood Day",Regular,Q4,November,Northern
BIH,2014,12,,,,56.61,56.61,2014-12-01,Other,1.0,New Year's Eve,Winter_Holidays,Q4,December,Northern
BIH,2015,1,,,,56.66,56.66,2015-01-01,Other,3.0,"Day of the Republika Srpska, New Year's Day, New Year's (Day 2)",Winter_Holidays,Q1,January,Northern
BIH,2015,2,,,,51.963,51.963,2015-02-01,Other,1.0,Valentine's Day,Regular,Q1,February,Northern
BIH,2015,3,,,,64.747,64.747,2015-03-01,Other,3.0,"Mothers' Day, Independence Day, Independence Day observed",Spring_Holidays,Q1,March,Northern
BIH,2015,4,,,,80.375,80.375,2015-04-01,Other,2.0,"Holy Saturday, Orthodox Holy Saturday",Spring_Holidays,Q2,April,Northern
BIH,2015,5,,,,98.225,98.225,2015-05-01,Other,3.0,"Labor Day, Labor Day (Day 2), Victory Day",Regular,Q2,May,Northern
BIH,2015,6,,,,96.418,96.418,2015-06-01,Other,1.0,Fathers' Day,Regular,Q2,June,Northern
BIH,2015,7,,,,122.985,122.985,2015-07-01,Other,0.0,None,Regular,Q3,July,Northern
BIH,2015,8,,,,134.314,134.314,2015-08-01,Other,0.0,None,Regular,Q3,August,Northern
BIH,2015,9,,,,108.02,108.02,2015-09-01,Other,0.0,None,Regular,Q3,September,Northern
BIH,2015,10,,,,98.422,98.422,2015-10-01,Other,1.0,Halloween,Regular,Q4,October,Northern
BIH,2015,11,,,,74.255,74.255,2015-11-01,Other,3.0,"All Saints' Day, Dayton Peace Agreement Day, Statehood Day",Regular,Q4,November,Northern
BIH,2015,12,,,,45.594,45.594,2015-12-01,Other,1.0,New Year's Eve,Winter_Holidays,Q4,December,Northern
BIH,2016,1,,,,60.229,60.229,2016-01-01,Other,3.0,"Day of the Republika Srpska, New Year's Day, New Year's (Day 2)",Winter_Holidays,Q1,January,Northern
BIH,2016,2,,,,62.59,62.59,2016-02-01,Other,1.0,Valentine's Day,Regular,Q1,February,Northern
BIH,2016,3,,,,77.02,77.02,2016-03-01,Other,3.0,"Mothers' Day, Holy Saturday, Independence Day",Spring_Holidays,Q1,March,Northern
BIH,2016,4,,,,93.332,93.332,2016-04-01,Other,1.0,Orthodox Holy Saturday,Spring_Holidays,Q2,April,Northern
BIH,2016,5,,,,113.056,113.056,2016-05-01,Other,4.0,"Labor Day, Labor Day observed, Labor Day (Day 2)",Regular,Q2,May,Northern
BIH,2016,6,,,,93.026,93.026,2016-06-01,Other,1.0,Fathers' Day,Regular,Q2,June,Northern
BIH,2016,7,,,,141.381,141.381,2016-07-01,Other,0.0,None,Regular,Q3,July,Northern
BIH,2016,8,,,,149.383,149.383,2016-08-01,Other,0.0,None,Regular,Q3,August,Northern
BIH,2016,9,,,,118.899,118.899,2016-09-01,Other,0.0,None,Regular,Q3,September,Northern
BIH,2016,10,,,,98.963,98.963,2016-10-01,Other,1.0,Halloween,Regular,Q4,October,Northern
BIH,2016,11,,,,70.969,70.969,2016-11-01,Other,3.0,"All Saints' Day, Dayton Peace Agreement Day, Statehood Day",Regular,Q4,November,Northern
BIH,2016,12,,,,71.25,71.25,2016-12-01,Other,1.0,New Year's Eve,Winter_Holidays,Q4,December,Northern
BIH,2017,1,,,,69.921,69.921,2017-01-01,Other,4.0,"Day of the Republika Srpska, New Year's Day, New Year's Day observed",Winter_Holidays,Q1,January,Northern
BIH,2017,2,,,,64.227,64.227,2017-02-01,Other,1.0,Valentine's Day,Regular,Q1,February,Northern
BIH,2017,3,,,,86.497,86.497,2017-03-01,Other,2.0,"Mothers' Day, Independence Day",Spring_Holidays,Q1,March,Northern
BIH,2017,4,,,,130.559,130.559,2017-04-01,Other,2.0,"Holy Saturday, Orthodox Holy Saturday",Spring_Holidays,Q2,April,Northern
BIH,2017,5,,,,131.838,131.838,2017-05-01,Other,3.0,"Labor Day, Labor Day (Day 2), Victory Day",Regular,Q2,May,Northern
BIH,2017,6,,,,127.832,127.832,2017-06-01,Other,1.0,Fathers' Day,Regular,Q2,June,Northern
BIH,2017,7,,,,203.198,203.198,2017-07-01,Other,0.0,None,Regular,Q3,July,Northern
BIH,2017,8,,,,207.737,207.737,2017-08-01,Other,0.0,None,Regular,Q3,August,Northern
BIH,2017,9,,,,153.739,153.739,2017-09-01,Other,0.0,None,Regular,Q3,September,Northern
BIH,2017,10,,,,132.325,132.325,2017-10-01,Other,1.0,Halloween,Regular,Q4,October,Northern
BIH,2017,11,,,,95.319,95.319,2017-11-01,Other,3.0,"All Saints' Day, Dayton Peace Agreement Day, Statehood Day",Regular,Q4,November,Northern
BIH,2017,12,,,,90.539,90.539,2017-12-01,Other,1.0,New Year's Eve,Winter_Holidays,Q4,December,Northern
BLR,2010,1,,,,68.085,68.085,2010-01-01,Other,2.0,"New Year's Day, Orthodox Christmas Day",Winter_Holidays,Q1,January,Northern
BLR,2010,2,,,,57.325,57.325,2010-02-01,Other,2.0,"Valentine's Day, Defender of the Fatherland Day",Regular,Q1,February,Northern
BLR,2010,3,,,,67.666,67.666,2010-03-01,Other,2.0,"Women's Day, Constitution Day",Spring_Holidays,Q1,March,Northern
BLR,2010,4,,,,71.908,71.908,2010-04-01,Other,5.0,"Catholic Easter Sunday, Orthodox Easter Sunday, Day of Remembrance of the Chernobyl Tragedy",Spring_Holidays,Q2,April,Northern
BLR,2010,5,,,,94.855,94.855,2010-05-01,Other,3.0,"Day of the National Emblem and Flag of Belarus, Labour Day, Victory Day",Regular,Q2,May,Northern
BLR,2010,6,,,,145.658,145.658,2010-06-01,Other,1.0,Remembrance Day of Victims of the Great Patriotic War,Regular,Q2,June,Northern
BLR,2010,7,,,,172.716,172.716,2010-07-01,Other,3.0,"Kupalle (Day 1), Kupalle (Day 2), Independence Day of the Republic of Belarus",Summer_Holidays,Q3,July,Northern
BLR,2010,8,,,,178.993,178.993,2010-08-01,Other,0.0,None,Regular,Q3,August,Northern
BLR,2010,9,,,,141.12,141.12,2010-09-01,Other,0.0,None,Regular,Q3,September,Northern
BLR,2010,10,,,,111.605,111.605,2010-10-01,Other,0.0,None,Regular,Q4,October,Northern
BLR,2010,11,,,,87.342,87.342,2010-11-01,Other,2.0,"Remembrance Day, October Revolution Day",Regular,Q4,November,Northern
BLR,2010,12,,,,88.151,88.151,2010-12-01,Other,2.0,"New Year's Eve, Catholic Christmas Day",Winter_Holidays,Q4,December,Northern
BLR,2011,1,,,,86.243,86.243,2011-01-01,Other,2.0,"New Year's Day, Orthodox Christmas Day",Winter_Holidays,Q1,January,Northern
BLR,2011,2,,,,68.469,68.469,2011-02-01,Other,2.0,"Valentine's Day, Defender of the Fatherland Day",Regular,Q1,February,Northern
BLR,2011,3,,,,93.922,93.922,2011-03-01,Other,2.0,"Women's Day, Constitution Day",Spring_Holidays,Q1,March,Northern
BLR,2011,4,,,,123.882,123.882,2011-04-01,Other,4.0,"Catholic Easter Sunday, Orthodox Easter Sunday, Day of Remembrance of the Chernobyl Tragedy",Spring_Holidays,Q2,April,Northern
BLR,2011,5,,,,121.381,121.381,2011-05-01,Other,4.0,"Day of the National Emblem and Flag of Belarus, Labour Day, Radonitsa",Regular,Q2,May,Northern
BLR,2011,6,,,,199.886,199.886,2011-06-01,Other,1.0,Remembrance Day of Victims of the Great Patriotic War,Regular,Q2,June,Northern
BLR,2011,7,,,,183.227,183.227,2011-07-01,Other,3.0,"Kupalle (Day 1), Kupalle (Day 2), Independence Day of the Republic of Belarus",Summer_Holidays,Q3,July,Northern
BLR,2011,8,,,,184.547,184.547,2011-08-01,Other,0.0,None,Regular,Q3,August,Northern
BLR,2017,8,,,,488.414,488.414,2017-08-01,Other,0.0,None,Regular,Q3,August,Northern
BLR,2017,9,,,,403.142,403.142,2017-09-01,Other,0.0,None,Regular,Q3,September,Northern
BLR,2017,10,,,,330.173,330.173,2017-10-01,Other,0.0,None,Regular,Q4,October,Northern
BLR,2017,11,,,,297.362,297.362,2017-11-01,Other,2.0,"Remembrance Day, October Revolution Day",Regular,Q4,November,Northern
BLR,2017,12,,,,300.521,300.521,2017-12-01,Other,2.0,"New Year's Eve, Catholic Christmas Day",Winter_Holidays,Q4,December,Northern
BRA,2010,1,,,,13355.092,13355.092,2010-01-01,Latin America,1.0,New Year's Day,Winter_Holidays,Q1,January,Southern
BRA,2010,2,,,,11523.908,11523.908,2010-02-01,Latin America,6.0,"Carnival Friday, Carnival Saturday, Carnival Sunday",Regular,Q1,February,Southern
BRA,2010,3,,,,11977.635,11977.635,2010-03-01,Latin America,0.0,None,Regular,Q1,March,Southern
BRA,2010,4,,,,11599.945,11599.945,2010-04-01,Latin America,3.0,"Good Friday, Easter Sunday, Tiradentes Day",Spring_Holidays,Q2,April,Southern
BRA,2010,5,,,,11487.189,11487.189,2010-05-01,Latin America,2.0,"Mother's Day, Labor Day / May Day",Regular,Q2,May,Southern
BRA,2010,6,,,,11700.983,11700.983,2010-06-01,Latin America,2.0,"Brazilian Valentine's Day, Corpus Christi",Regular,Q2,June,Southern
BRA,2010,7,,,,13881.425,13881.425,2010-07-01,Latin America,0.0,None,Regular,Q3,July,Southern
BRA,2010,8,,,,13687.766,13687.766,2010-08-01,Latin America,1.0,Father's Day,Summer_Holidays,Q3,August,Southern
BRA,2010,9,,,,13628.153,13628.153,2010-09-01,Latin America,1.0,Independence Day,Regular,Q3,September,Southern
BRA,2010,10,,,,13959.627,13959.627,2010-10-01,Latin America,2.0,"Teacher's Day, Our Lady of Aparecida / Children's Day",Regular,Q4,October,Southern
BRA,2010,11,,,,13496.998,13496.998,2010-11-01,Latin America,2.0,"All Souls' Day, Republic Proclamation Day",Regular,Q4,November,Southern
BRA,2010,12,,,,14644.633,14644.633,2010-12-01,Latin America,1.0,Christmas Day,Winter_Holidays,Q4,December,Southern
BRA,2011,1,,,,15627.213,15627.213,2011-01-01,Latin America,1.0,New Year's Day,Winter_Holidays,Q1,January,Southern
BRA,2011,2,,,,12739.938,12739.938,2011-02-01,Latin America,0.0,None,Regular,Q1,February,Southern
BRA,2011,3,,,,14437.479,14437.479,2011-03-01,Latin America,6.0,"Carnival Friday, Carnival Saturday, Carnival Sunday",Spring_Holidays,Q1,March,Southern
BRA,2011,4,,,,14823.893,14823.893,2011-04-01,Latin America,3.0,"Tiradentes Day, Good Friday, Easter Sunday",Spring_Holidays,Q2,April,Southern
BRA,2011,5,,,,14344.516,14344.516,2011-05-01,Latin America,2.0,"Mother's Day, Labor Day / May Day",Regular,Q2,May,Southern
BRA,2011,6,,,,13748.947,13748.947,2011-06-01,Latin America,2.0,"Brazilian Valentine's Day, Corpus Christi",Regular,Q2,June,Southern
BRA,2011,7,,,,16699.566,16699.566,2011-07-01,Latin America,0.0,None,Regular,Q3,July,Southern
BRA,2011,8,,,,15296.659,15296.659,2011-08-01,Latin America,1.0,Father's Day,Summer_Holidays,Q3,August,Southern
BRA,2011,9,,,,15204.733,15204.733,2011-09-01,Latin America,1.0,Independence Day,Regular,Q3,September,Southern
BRA,2011,10,,,,15178.683,15178.683,2011-10-01,Latin America,2.0,"Teacher's Day, Our Lady of Aparecida / Children's Day",Regular,Q4,October,Southern
BRA,2011,11,,,,14838.429,14838.429,2011-11-01,Latin America,3.0,"Black Consciousness Day, All Souls' Day, Republic Proclamation Day",Regular,Q4,November,Southern
BRA,2011,12,,,,15946.299,15946.299,2011-12-01,Latin America,1.0,Christmas Day,Winter_Holidays,Q4,December,Southern
BRA,2012,1,,,,17056.312,17056.312,2012-01-01,Latin America,1.0,New Year's Day,Winter_Holidays,Q1,January,Southern
BRA,2012,2,,,,14287.24,14287.24,2012-02-01,Latin America,6.0,"Carnival Friday, Carnival Saturday, Carnival Sunday",Regular,Q1,February,Southern
BRA,2012,3,,,,15343.516,15343.516,2012-03-01,Latin America,0.0,None,Regular,Q1,March,Southern
BRA,2012,4,,,,14887.443,14887.443,2012-04-01,Latin America,3.0,"Good Friday, Easter Sunday, Tiradentes Day",Spring_Holidays,Q2,April,Southern
BRA,2012,5,,,,15257.58,15257.58,2012-05-01,Latin America,2.0,"Mother's Day, Labor Day / May Day",Regular,Q2,May,Southern
BRA,2012,6,,,,15817.19,15817.19,2012-06-01,Latin America,2.0,"Brazilian Valentine's Day, Corpus Christi",Regular,Q2,June,Southern
BRA,2012,7,,,,18671.567,18671.567,2012-07-01,Latin America,0.0,None,Regular,Q3,July,Southern
BRA,2012,8,,,,16271.484,16271.484,2012-08-01,Latin America,1.0,Father's Day,Summer_Holidays,Q3,August,Southern
BRA,2012,9,,,,16100.202,16100.202,2012-09-01,Latin America,1.0,Independence Day,Regular,Q3,September,Southern
BRA,2012,10,,,,16195.018,16195.018,2012-10-01,Latin America,2.0,"Teacher's Day, Our Lady of Aparecida / Children's Day",Regular,Q4,October,Southern
BRA,2012,11,,,,15296.171,15296.171,2012-11-01,Latin America,3.0,"Black Consciousness Day, All Souls' Day, Republic Proclamation Day",Regular,Q4,November,Southern
BRA,2012,12,,,,15601.303,15601.303,2012-12-01,Latin America,1.0,Christmas Day,Winter_Holidays,Q4,December,Southern
BRA,2013,1,,,,16957.474,16957.474,2013-01-01,Latin America,1.0,New Year's Day,Winter_Holidays,Q1,January,Southern
BRA,2013,2,,,,13757.981,13757.981,2013-02-01,Latin America,6.0,"Carnival Friday, Carnival Saturday, Carnival Sunday",Regular,Q1,February,Southern
BRA,2013,3,,,,14985.072,14985.072,2013-03-01,Latin America,2.0,"Good Friday, Easter Sunday",Spring_Holidays,Q1,March,Southern
BRA,2013,4,,,,15731.592,15731.592,2013-04-01,Latin America,1.0,Tiradentes Day,Spring_Holidays,Q2,April,Southern
BRA,2013,5,,,,16772.114,16772.114,2013-05-01,Latin America,3.0,"Mother's Day, Labor Day / May Day, Corpus Christi",Regular,Q2,May,Southern
BRA,2013,6,,,,15464.061,15464.061,2013-06-01,Latin America,1.0,Brazilian Valentine's Day,Regular,Q2,June,Southern
BRA,2013,7,,,,17681.131,17681.131,2013-07-01,Latin America,0.0,None,Regular,Q3,July,Southern
BRA,2013,8,,,,16261.067,16261.067,2013-08-01,Latin America,1.0,Father's Day,Summer_Holidays,Q3,August,Southern
BRA,2013,9,,,,16088.697,16088.697,2013-09-01,Latin America,1.0,Independence Day,Regular,Q3,September,Southern
BRA,2013,10,,,,17128.968,17128.968,2013-10-01,Latin America,2.0,"Teacher's Day, Our Lady of Aparecida / Children's Day",Regular,Q4,October,Southern
BRA,2013,11,,,,16859.941,16859.941,2013-11-01,Latin America,3.0,"Black Consciousness Day, All Souls' Day, Republic Proclamation Day",Regular,Q4,November,Southern
BRA,2013,12,,,,17968.647,17968.647,2013-12-01,Latin America,1.0,Christmas Day,Winter_Holidays,Q4,December,Southern
BRA,2014,1,,,,18899.147,18899.147,2014-01-01,Latin America,1.0,New Year's Day,Winter_Holidays,Q1,January,Southern
BRA,2014,2,,,,15722.357,15722.357,2014-02-01,Latin America,1.0,Carnival Friday,Regular,Q1,February,Southern
BRA,2014,3,,,,16820.809,16820.809,2014-03-01,Latin America,2.0,"Carnival Saturday, Carnival Sunday",Spring_Holidays,Q1,March,Southern
BRA,2014,4,,,,16646.777,16646.777,2014-04-01,Latin America,3.0,"Easter Sunday, Good Friday, Tiradentes Day",Spring_Holidays,Q2,April,Southern
BRA,2014,5,,,,16790.721,16790.721,2014-05-01,Latin America,2.0,"Mother's Day, Labor Day / May Day",Regular,Q2,May,Southern
BRA,2014,6,,,,15877.707,15877.707,2014-06-01,Latin America,2.0,"Brazilian Valentine's Day, World Cup starts",Regular,Q2,June,Southern
BRA,2014,7,,,,18201.177,18201.177,2014-07-01,Latin America,1.0,World Cup ends,Summer_Holidays,Q3,July,Southern
BRA,2014,8,,,,17605.624,17605.624,2014-08-01,Latin America,1.0,Father's Day,Summer_Holidays,Q3,August,Southern
BRA,2014,9,,,,17119.406,17119.406,2014-09-01,Latin America,1.0,Independence Day,Regular,Q3,September,Southern
BRA,2014,10,,,,18472.967,18472.967,2014-10-01,Latin America,2.0,"Teacher's Day, Our Lady of Aparecida / Children's Day",Regular,Q4,October,Southern
BRA,2014,11,,,,17916.051,17916.051,2014-11-01,Latin America,3.0,"Black Consciousness Day, All Souls' Day, Republic Proclamation Day",Regular,Q4,November,Southern
BRA,2014,12,,,,19376.09,19376.09,2014-12-01,Latin America,1.0,Christmas Day,Winter_Holidays,Q4,December,Southern
BRA,2015,1,,,,20468.482,20468.482,2015-01-01,Latin America,1.0,New Year's Day,Winter_Holidays,Q1,January,Southern
BRA,2015,2,,,,16094.294,16094.294,2015-02-01,Latin America,3.0,"Carnival Friday, Carnival Saturday, Carnival Sunday",Regular,Q1,February,Southern
BRA,2015,3,,,,16991.428,16991.428,2015-03-01,Latin America,0.0,None,Regular,Q1,March,Southern
BRA,2015,4,,,,17082.127,17082.127,2015-04-01,Latin America,3.0,"Easter Sunday, Good Friday, Tiradentes Day",Spring_Holidays,Q2,April,Southern
BRA,2015,5,,,,16796.292,16796.292,2015-05-01,Latin America,2.0,"Mother's Day, Labor Day / May Day",Regular,Q2,May,Southern
BRA,2015,6,,,,16254.799,16254.799,2015-06-01,Latin America,1.0,Brazilian Valentine's Day,Regular,Q2,June,Southern
BRA,2015,7,,,,19429.557,19429.557,2015-07-01,Latin America,0.0,None,Regular,Q3,July,Southern
BRA,2015,8,,,,17155.21,17155.21,2015-08-01,Latin America,1.0,Father's Day,Summer_Holidays,Q3,August,Southern
BRA,2015,9,,,,16825.118,16825.118,2015-09-01,Latin America,1.0,Independence Day,Regular,Q3,September,Southern
BRA,2015,10,,,,17095.703,17095.703,2015-10-01,Latin America,2.0,"Teacher's Day, Our Lady of Aparecida / Children's Day",Regular,Q4,October,Southern
BRA,2015,11,,,,15719.149,15719.149,2015-11-01,Latin America,3.0,"Black Consciousness Day, All Souls' Day, Republic Proclamation Day",Regular,Q4,November,Southern
BRA,2015,12,,,,13238.692,13238.692,2015-12-01,Latin America,1.0,Christmas Day,Winter_Holidays,Q4,December,Southern
BRA,2016,1,,,,19557.594,19557.594,2016-01-01,Latin America,1.0,New Year's Day,Winter_Holidays,Q1,January,Southern
BRA,2016,2,,,,15694.203,15694.203,2016-02-01,Latin America,3.0,"Carnival Friday, Carnival Saturday, Carnival Sunday",Regular,Q1,February,Southern
BRA,2016,3,,,,15739.555,15739.555,2016-03-01,Latin America,2.0,"Easter Sunday, Good Friday",Spring_Holidays,Q1,March,Southern
BRA,2016,4,,,,14961.84,14961.84,2016-04-01,Latin America,1.0,Tiradentes Day,Spring_Holidays,Q2,April,Southern
BRA,2016,5,,,,15330.299,15330.299,2016-05-01,Latin America,2.0,"Mother's Day, Labor Day / May Day",Regular,Q2,May,Southern
BRA,2016,6,,,,14980.709,14980.709,2016-06-01,Latin America,1.0,Brazilian Valentine's Day,Regular,Q2,June,Southern
BRA,2016,7,,,,17706.216,17706.216,2016-07-01,Latin America,0.0,None,Regular,Q3,July,Southern
BRA,2016,8,,,,16287.856,16287.856,2016-08-01,Latin America,3.0,"Rio 2016 Summer Olympics start, Father's Day, Rio 2016 Summer Olympics end",Summer_Holidays,Q3,August,Southern
BRA,2016,9,,,,15480.707,15480.707,2016-09-01,Latin America,3.0,"Rio 2016 Summer Paralympics start, Rio 2016 Summer Paralympics end, Independence Day",Regular,Q3,September,Southern
BRA,2016,10,,,,16056.388,16056.388,2016-10-01,Latin America,2.0,"Teacher's Day, Our Lady of Aparecida / Children's Day",Regular,Q4,October,Southern
BRA,2016,11,,,,15828.502,15828.502,2016-11-01,Latin America,3.0,"Black Consciousness Day, All Souls' Day, Republic Proclamation Day",Regular,Q4,November,Southern
BRA,2016,12,,,,17524.436,17524.436,2016-12-01,Latin America,1.0,Christmas Day,Winter_Holidays,Q4,December,Southern
BRA,2017,1,,,,18810.41,18810.41,2017-01-01,Latin America,1.0,New Year's Day,Winter_Holidays,Q1,January,Southern
BRA,2017,2,,,,6890.891,6890.891,2017-02-01,Latin America,3.0,"Carnival Friday, Carnival Saturday, Carnival Sunday",Regular,Q1,February,Southern
BRA,2017,3,,,,7543.072,7543.072,2017-03-01,Latin America,0.0,None,Regular,Q1,March,Southern
BRA,2017,4,,,,7045.459,7045.459,2017-04-01,Latin America,3.0,"Easter Sunday, Good Friday, Tiradentes Day",Spring_Holidays,Q2,April,Southern
BRA,2017,5,,,,7231.168,7231.168,2017-05-01,Latin America,2.0,"Mother's Day, Labor Day / May Day",Regular,Q2,May,Southern
BRA,2017,6,,,,7099.651,7099.651,2017-06-01,Latin America,1.0,Brazilian Valentine's Day,Regular,Q2,June,Southern
BRA,2017,7,,,,8465.096,8465.096,2017-07-01,Latin America,0.0,None,Regular,Q3,July,Southern
BRA,2017,8,,,,7835.141,7835.141,2017-08-01,Latin America,1.0,Father's Day,Summer_Holidays,Q3,August,Southern
BRA,2017,9,,,,7658.108,7658.108,2017-09-01,Latin America,1.0,Independence Day,Regular,Q3,September,Southern
BRA,2017,10,,,,8020.658,8020.658,2017-10-01,Latin America,2.0,"Teacher's Day, Our Lady of Aparecida / Children's Day",Regular,Q4,October,Southern
BRA,2017,11,,,,7725.543,7725.543,2017-11-01,Latin America,3.0,"Black Consciousness Day, All Souls' Day, Republic Proclamation Day",Regular,Q4,November,Southern
BRA,2017,12,,,,3493.955,3493.955,2017-12-01,Latin America,1.0,Christmas Day,Winter_Holidays,Q4,December,Southern
BRB,2015,1,,,,214.091,214.091,2015-01-01,Other,2.0,"New Year's Day, Errol Barrow Day",Winter_Holidays,Q1,January,Northern
BRB,2015,2,,,,193.634,193.634,2015-02-01,Other,1.0,Valentine's Day,Regular,Q1,February,Northern
BRB,2015,3,,,,195.859,195.859,2015-03-01,Other,0.0,None,Regular,Q1,March,Northern
BRB,2015,4,,,,157.756,157.756,2015-04-01,Other,4.0,"Easter Sunday, Good Friday, Easter Monday",Spring_Holidays,Q2,April,Northern
BRB,2015,5,,,,131.675,131.675,2015-05-01,Other,4.0,"Mothers' Day, Whit Sunday, Labor Day / May Day",Regular,Q2,May,Northern
BRB,2015,6,,,,125.243,125.243,2015-06-01,Other,1.0,Fathers' Day,Regular,Q2,June,Northern
BRB,2015,7,,,,162.546,162.546,2015-07-01,Other,0.0,None,Regular,Q3,July,Northern
BRB,2015,8,,,,165.928,165.928,2015-08-01,Other,2.0,"Emancipation Day, Kadooment Day",Summer_Holidays,Q3,August,Northern
BRB,2015,9,,,,112.256,112.256,2015-09-01,Other,0.0,None,Regular,Q3,September,Northern
BRB,2015,10,,,,119.544,119.544,2015-10-01,Other,1.0,Halloween,Regular,Q4,October,Northern
BRB,2015,11,,,,178.71,178.71,2015-11-01,Other,1.0,Independence Day,Regular,Q4,November,Northern
BRB,2015,12,,,,209.547,209.547,2015-12-01,Other,4.0,"Christmas Eve, Old Year's Night, Christmas Day",Winter_Holidays,Q4,December,Northern
BRB,2016,1,,,,232.3,232.3,2016-01-01,Other,2.0,"New Year's Day, Errol Barrow Day",Winter_Holidays,Q1,January,Northern
BRB,2016,2,,,,207.966,207.966,2016-02-01,Other,1.0,Valentine's Day,Regular,Q1,February,Northern
BRB,2016,3,,,,204.699,204.699,2016-03-01,Other,3.0,"Easter Sunday, Good Friday, Easter Monday",Spring_Holidays,Q1,March,Northern
BRB,2016,4,,,,149.369,149.369,2016-04-01,Other,1.0,National Heroes Day,Spring_Holidays,Q2,April,Northern
BRB,2016,5,,,,140.525,140.525,2016-05-01,Other,5.0,"Mothers' Day, Whit Sunday, Labor Day / May Day",Regular,Q2,May,Northern
BRB,2016,6,,,,136.327,136.327,2016-06-01,Other,1.0,Fathers' Day,Regular,Q2,June,Northern
BRB,2016,7,,,,168.526,168.526,2016-07-01,Other,0.0,None,Regular,Q3,July,Northern
BRB,2016,8,,,,165.326,165.326,2016-08-01,Other,3.0,"Emancipation Day, Kadooment Day, Emancipation Day observed",Summer_Holidays,Q3,August,Northern
BRB,2016,9,,,,123.556,123.556,2016-09-01,Other,0.0,None,Regular,Q3,September,Northern
BRB,2016,10,,,,134.707,134.707,2016-10-01,Other,1.0,Halloween,Regular,Q4,October,Northern
BRB,2016,11,,,,192.628,192.628,2016-11-01,Other,1.0,Independence Day,Regular,Q4,November,Northern
BRB,2016,12,,,,230.64,230.64,2016-12-01,Other,5.0,"Christmas Eve, Old Year's Night, Christmas Day",Winter_Holidays,Q4,December,Northern
BRB,2017,1,,,,233.367,233.367,2017-01-01,Other,3.0,"New Year's Day, New Year's Day observed, Errol Barrow Day",Winter_Holidays,Q1,January,Northern
BRB,2017,2,,,,212.436,212.436,2017-02-01,Other,1.0,Valentine's Day,Regular,Q1,February,Northern
BRB,2017,3,,,,220.36,220.36,2017-03-01,Other,0.0,None,Regular,Q1,March,Northern
BRB,2017,4,,,,189.305,189.305,2017-04-01,Other,4.0,"Easter Sunday, Good Friday, Easter Monday",Spring_Holidays,Q2,April,Northern
BRB,2017,5,,,,148.405,148.405,2017-05-01,Other,2.0,"Mothers' Day, Labor Day / May Day",Regular,Q2,May,Northern
BRB,2017,6,,,,140.559,140.559,2017-06-01,Other,3.0,"Whit Sunday, Fathers' Day, Whit Monday",Regular,Q2,June,Northern
BRB,2017,7,,,,167.1,167.1,2017-07-01,Other,0.0,None,Regular,Q3,July,Northern
BRB,2017,8,,,,171.32,171.32,2017-08-01,Other,2.0,"Emancipation Day, Kadooment Day",Summer_Holidays,Q3,August,Northern
BRB,2017,9,,,,117.051,117.051,2017-09-01,Other,0.0,None,Regular,Q3,September,Northern
BRB,2017,10,,,,134.074,134.074,2017-10-01,Other,1.0,Halloween,Regular,Q4,October,Northern
BRB,2017,11,,,,193.587,193.587,2017-11-01,Other,1.0,Independence Day,Regular,Q4,November,Northern
BRB,2017,12,,,,243.076,243.076,2017-12-01,Other,4.0,"Christmas Eve, Old Year's Night, Christmas Day",Winter_Holidays,Q4,December,Northern
CAN,2010,1,3016.0,,,7415.298,3016.0,2010-01-01,North America,2.0,"Day After New Year?s Day, New Year's Day",Winter_Holidays,Q1,January,Northern
CAN,2010,2,2911.0,,,7196.121,2911.0,2010-02-01,North America,8.0,"Family Day, Islander Day, Louis Riel Day",Regular,Q1,February,Northern
CAN,2010,3,3347.0,,,8223.367,3347.0,2010-03-01,North America,4.0,"St. Patrick's Day, St David's Day, Commonwealth Day",Spring_Holidays,Q1,March,Northern
CAN,2010,4,3160.0,,,7680.524,3160.0,2010-04-01,North America,5.0,"St. George's Day, National Tartan Day, Vimy Ridge Day",Spring_Holidays,Q2,April,Northern
CAN,2010,5,3193.0,,,7916.644,3193.0,2010-05-01,North America,3.0,"National Patriots' Day, Mother's Day, Victoria Day",Regular,Q2,May,Northern
CAN,2010,6,3322.0,,,8219.981,3322.0,2010-06-01,North America,5.0,"Discovery Day, National Aboriginal Day, St. Jean Baptiste Day",Regular,Q2,June,Northern
CAN,2010,7,3692.0,,,9191.019,3692.0,2010-07-01,North America,4.0,"Memorial Day, Nunavut Day, Orangemen's Day",Summer_Holidays,Q3,July,Northern
CAN,2010,8,3803.0,,,9421.532,3803.0,2010-08-01,North America,11.0,"British Columbia Day, Civic/Provincial Day, Heritage Day",Summer_Holidays,Q3,August,Northern
CAN,2010,9,3173.0,,,7981.417,3173.0,2010-09-01,North America,1.0,Labour Day,Regular,Q3,September,Northern
CAN,2010,10,3135.0,,,7850.895,3135.0,2010-10-01,North America,3.0,"Thanksgiving Day, Halloween",Regular,Q4,October,Northern
CAN,2010,11,2843.0,,,6950.663,2843.0,2010-11-01,North America,4.0,"Diwali/Deepavali, Remembrance Day, First Sunday of Advent",Regular,Q4,November,Northern
CAN,2010,12,3242.0,,,7811.208,3242.0,2010-12-01,North America,6.0,"Anniversary of the Statute of Westminster, Christmas Eve, New Year's Eve",Winter_Holidays,Q4,December,Northern
CAN,2011,1,3150.0,,,7767.12,3150.0,2011-01-01,North America,3.0,"Day After New Year?s Day, New Year's Day, New Year's Day observed",Winter_Holidays,Q1,January,Northern
CAN,2011,2,3010.0,,,7438.635,3010.0,2011-02-01,North America,8.0,"Family Day, Islander Day, Louis Riel Day",Regular,Q1,February,Northern
CAN,2011,3,3456.0,,,8452.708,3456.0,2011-03-01,North America,4.0,"St. Patrick's Day, St David's Day, Commonwealth Day",Spring_Holidays,Q1,March,Northern
CAN,2011,4,3342.0,,,7969.924,3342.0,2011-04-01,North America,5.0,"St. George's Day, National Tartan Day, Vimy Ridge Day",Spring_Holidays,Q2,April,Northern
CAN,2011,5,3290.0,,,8172.853,3290.0,2011-05-01,North America,3.0,"National Patriots' Day, Mother's Day, Victoria Day",Regular,Q2,May,Northern
CAN,2011,6,3403.0,,,8456.648,3403.0,2011-06-01,North America,5.0,"National Aboriginal Day, St. Jean Baptiste Day, Discovery Day",Regular,Q2,June,Northern
CAN,2011,7,3866.0,,,9590.979,3866.0,2011-07-01,North America,4.0,"Memorial Day, Nunavut Day, Orangemen's Day",Summer_Holidays,Q3,July,Northern
CAN,2011,8,3943.0,,,9800.112,3943.0,2011-08-01,North America,11.0,"British Columbia Day, Civic/Provincial Day, Heritage Day",Summer_Holidays,Q3,August,Northern
CAN,2011,9,3323.0,,,8314.026,3323.0,2011-09-01,North America,1.0,Labour Day,Regular,Q3,September,Northern
CAN,2011,10,3247.0,,,7999.486,3247.0,2011-10-01,North America,4.0,"Thanksgiving Day, Diwali/Deepavali, Halloween",Regular,Q4,October,Northern
CAN,2011,11,2951.0,,,7167.649,2951.0,2011-11-01,North America,3.0,"Remembrance Day, First Sunday of Advent",Regular,Q4,November,Northern
CAN,2011,12,3337.0,,,8023.956,3337.0,2011-12-01,North America,6.0,"Anniversary of the Statute of Westminster, Christmas Eve, New Year's Eve",Winter_Holidays,Q4,December,Northern
CAN,2012,1,3346.0,,,8149.341,3346.0,2012-01-01,North America,4.0,"Day After New Year?s Day, Chinese New Year, New Year's Day",Winter_Holidays,Q1,January,Northern
CAN,2012,2,3239.0,,,7901.546,3239.0,2012-02-01,North America,7.0,"Family Day, Islander Day, Louis Riel Day",Regular,Q1,February,Northern
CAN,2012,3,3627.0,,,8833.181,3627.0,2012-03-01,North America,4.0,"St. Patrick's Day, St David's Day, Commonwealth Day",Spring_Holidays,Q1,March,Northern
CAN,2012,4,3468.0,,,8368.583,3468.0,2012-04-01,North America,5.0,"St. George's Day, National Tartan Day, Vimy Ridge Day",Spring_Holidays,Q2,April,Northern
CAN,2012,5,3370.0,,,8335.765,3370.0,2012-05-01,North America,3.0,"National Patriots' Day, Mother's Day, Victoria Day",Regular,Q2,May,Northern
CAN,2012,6,3515.0,,,8689.429,3515.0,2012-06-01,North America,6.0,"National Aboriginal Day, St. Jean Baptiste Day, Discovery Day",Regular,Q2,June,Northern
CAN,2012,7,3968.0,,,9743.292,3968.0,2012-07-01,North America,5.0,"Memorial Day, Nunavut Day, Orangemen's Day",Summer_Holidays,Q3,July,Northern
CAN,2012,8,4147.0,,,10213.147,4147.0,2012-08-01,North America,11.0,"The Royal St John's Regatta (Regatta Day), British Columbia Day, Civic/Provincial Day",Summer_Holidays,Q3,August,Northern
CAN,2012,9,3483.0,,,8516.217,3483.0,2012-09-01,North America,1.0,Labour Day,Regular,Q3,September,Northern
CAN,2012,10,3434.0,,,8322.372,3434.0,2012-10-01,North America,3.0,"Thanksgiving Day, Halloween",Regular,Q4,October,Northern
CAN,2012,11,3115.0,,,7476.081,3115.0,2012-11-01,North America,5.0,"Remembrance Day, Remembrance Day observed, Diwali/Deepavali",Regular,Q4,November,Northern
CAN,2012,12,3472.0,,,8221.754,3472.0,2012-12-01,North America,6.0,"First Sunday of Advent, Anniversary of the Statute of Westminster, Christmas Eve",Winter_Holidays,Q4,December,Northern
CAN,2013,1,3435.0,,,8184.017,3435.0,2013-01-01,North America,2.0,"Day After New Year?s Day, New Year's Day",Winter_Holidays,Q1,January,Northern
CAN,2013,2,3272.0,,,7774.692,3272.0,2013-02-01,North America,9.0,"Family Day, Islander Day, Louis Riel Day",Regular,Q1,February,Northern
CAN,2013,3,3814.0,,,9055.033,3814.0,2013-03-01,North America,5.0,"St. Patrick's Day, St David's Day, Commonwealth Day",Spring_Holidays,Q1,March,Northern
CAN,2013,4,3502.0,,,8429.879,3502.0,2013-04-01,North America,4.0,"St. George's Day, National Tartan Day, Vimy Ridge Day",Spring_Holidays,Q2,April,Northern
CAN,2013,5,3491.0,,,8611.223,3491.0,2013-05-01,North America,3.0,"National Patriots' Day, Mother's Day, Victoria Day",Regular,Q2,May,Northern
CAN,2013,6,3573.0,,,8953.125,3573.0,2013-06-01,North America,5.0,"National Aboriginal Day, Discovery Day, St. Jean Baptiste Day",Regular,Q2,June,Northern
CAN,2013,7,3987.0,,,10028.062,3987.0,2013-07-01,North America,4.0,"Memorial Day, Nunavut Day, Orangemen's Day",Summer_Holidays,Q3,July,Northern
CAN,2013,8,4203.0,,,10665.244,4203.0,2013-08-01,North America,11.0,"British Columbia Day, Civic/Provincial Day, Heritage Day",Summer_Holidays,Q3,August,Northern
CAN,2013,9,3433.0,,,8771.922,3433.0,2013-09-01,North America,1.0,Labour Day,Regular,Q3,September,Northern
CAN,2013,10,3402.0,,,8575.959,3402.0,2013-10-01,North America,3.0,"Thanksgiving Day, Halloween",Regular,Q4,October,Northern
CAN,2013,11,3060.0,,,7700.35,3060.0,2013-11-01,North America,3.0,"Diwali/Deepavali, Remembrance Day",Regular,Q4,November,Northern
CAN,2013,12,3513.0,,,8743.557,3513.0,2013-12-01,North America,6.0,"First Sunday of Advent, Anniversary of the Statute of Westminster, Christmas Eve",Winter_Holidays,Q4,December,Northern
CAN,2014,1,3405.0,,,8580.421,3405.0,2014-01-01,North America,3.0,"Day After New Year?s Day, Chinese New Year, New Year's Day",Winter_Holidays,Q1,January,Northern
CAN,2014,2,3244.0,,,8205.899,3244.0,2014-02-01,North America,8.0,"Family Day, Islander Day, Louis Riel Day",Regular,Q1,February,Northern
CAN,2014,3,3637.0,,,9258.789,3637.0,2014-03-01,North America,4.0,"St. Patrick's Day, St David's Day, Commonwealth Day",Spring_Holidays,Q1,March,Northern
CAN,2014,4,3704.0,,,9022.664,3704.0,2014-04-01,North America,5.0,"St. George's Day, National Tartan Day, Vimy Ridge Day",Spring_Holidays,Q2,April,Northern
CAN,2014,5,3692.0,,,9198.462108,3692.0,2014-05-01,North America,4.0,"National Patriots' Day, National Day of Honour, Mother's Day",Regular,Q2,May,Northern
CAN,2014,6,3808.0,,,9597.196004,3808.0,2014-06-01,North America,5.0,"National Aboriginal Day, Discovery Day, St. Jean Baptiste Day",Regular,Q2,June,Northern
CAN,2014,7,4370.0,,,10832.03372,4370.0,2014-07-01,North America,4.0,"Memorial Day, Nunavut Day, Orangemen's Day",Summer_Holidays,Q3,July,Northern
CAN,2014,8,4628.0,,,11502.54589,4628.0,2014-08-01,North America,11.0,"British Columbia Day, Civic/Provincial Day, Heritage Day",Summer_Holidays,Q3,August,Northern
CAN,2014,9,3740.0,,,9380.60564,3740.0,2014-09-01,North America,1.0,Labour Day,Regular,Q3,September,Northern
CAN,2014,10,3715.0,,,9183.99022,3715.0,2014-10-01,North America,4.0,"Thanksgiving Day, Diwali/Deepavali, Halloween",Regular,Q4,October,Northern
CAN,2014,11,3347.0,,,8118.470662,3347.0,2014-11-01,North America,3.0,"Remembrance Day, First Sunday of Advent",Regular,Q4,November,Northern
CAN,2014,12,3854.0,,,9167.5402,3854.0,2014-12-01,North America,5.0,"Anniversary of the Statute of Westminster, Christmas Eve, New Year's Eve",Winter_Holidays,Q4,December,Northern
CAN,2015,1,5507.0,,,8994.977,5507.0,2015-01-01,North America,2.0,"Day After New Year?s Day, New Year's Day",Winter_Holidays,Q1,January,Northern
CAN,2015,2,5333.0,,,8584.546,5333.0,2015-02-01,North America,10.0,"Family Day, Islander Day, Louis Riel Day",Regular,Q1,February,Northern
CAN,2015,3,6073.0,,,9785.186,6073.0,2015-03-01,North America,4.0,"St. Patrick's Day, St David's Day, Commonwealth Day",Spring_Holidays,Q1,March,Northern
CAN,2015,4,5601.0,,,9354.791,5601.0,2015-04-01,North America,5.0,"St. George's Day, National Tartan Day, Vimy Ridge Day",Spring_Holidays,Q2,April,Northern
CAN,2015,5,5421.0,,,9621.9,5421.0,2015-05-01,North America,3.0,"National Patriots' Day, Mother's Day, Victoria Day",Regular,Q2,May,Northern
CAN,2015,6,5608.0,,,10140.93,5608.0,2015-06-01,North America,5.0,"National Aboriginal Day, Discovery Day, St. Jean Baptiste Day",Regular,Q2,June,Northern
CAN,2015,7,6441.0,,,11497.534,6441.0,2015-07-01,North America,4.0,"Memorial Day, Nunavut Day, Orangemen's Day",Summer_Holidays,Q3,July,Northern
CAN,2015,8,6712.0,,,11951.662,6712.0,2015-08-01,North America,11.0,"British Columbia Day, Heritage Day, Natal Day",Summer_Holidays,Q3,August,Northern
CAN,2015,9,5532.0,,,9902.898,5532.0,2015-09-01,North America,1.0,Labour Day,Regular,Q3,September,Northern
CAN,2015,10,5316.0,,,9530.279,5316.0,2015-10-01,North America,3.0,"Thanksgiving Day, Halloween",Regular,Q4,October,Northern
CAN,2015,11,4862.0,,,8408.508,4862.0,2015-11-01,North America,4.0,"Diwali/Deepavali, Remembrance Day, First Sunday of Advent",Regular,Q4,November,Northern
CAN,2015,12,5716.0,,,9267.277,5716.0,2015-12-01,North America,5.0,"Anniversary of the Statute of Westminster, Christmas Eve, New Year's Eve",Winter_Holidays,Q4,December,Northern
CAN,2016,1,5763.0,,,9262.426,5763.0,2016-01-01,North America,2.0,"Day After New Year?s Day, New Year's Day",Winter_Holidays,Q1,January,Northern
CAN,2016,2,5706.0,,,9114.678,5706.0,2016-02-01,North America,10.0,"Family Day, Islander Day, Louis Riel Day",Regular,Q1,February,Northern
CAN,2016,3,6330.0,,,10158.281,6330.0,2016-03-01,North America,6.0,"St. Patrick's Day, St David's Day, Commonwealth Day",Spring_Holidays,Q1,March,Northern
CAN,2016,4,5758.0,,,9426.869,5758.0,2016-04-01,North America,3.0,"St. George's Day, National Tartan Day, Vimy Ridge Day",Spring_Holidays,Q2,April,Northern
CAN,2016,5,5785.0,,,10176.38,5785.0,2016-05-01,North America,3.0,"National Patriots' Day, Mother's Day, Victoria Day",Regular,Q2,May,Northern
CAN,2016,6,6095.0,,,10763.5701,6095.0,2016-06-01,North America,5.0,"National Aboriginal Day, St. Jean Baptiste Day, Discovery Day",Regular,Q2,June,Northern
CAN,2016,7,7155.0,,,12367.908,7155.0,2016-07-01,North America,4.0,"Memorial Day, Nunavut Day, Orangemen's Day",Summer_Holidays,Q3,July,Northern
CAN,2016,8,7425.0,,,12750.259,7425.0,2016-08-01,North America,11.0,"British Columbia Day, Heritage Day, Natal Day",Summer_Holidays,Q3,August,Northern
CAN,2016,9,6179.0,,,10846.215,6179.0,2016-09-01,North America,1.0,Labour Day,Regular,Q3,September,Northern
CAN,2016,10,5841.0,,,10296.69,5841.0,2016-10-01,North America,4.0,"Thanksgiving Day, Diwali/Deepavali, Halloween",Regular,Q4,October,Northern
CAN,2016,11,5301.0,,,9350.226,5301.0,2016-11-01,North America,3.0,"Remembrance Day, First Sunday of Advent",Regular,Q4,November,Northern
CAN,2016,12,6174.0,,,10076.245,6174.0,2016-12-01,North America,6.0,"Anniversary of the Statute of Westminster, Christmas Eve, New Year's Eve",Winter_Holidays,Q4,December,Northern
CAN,2017,1,6243.0,,,9924.37841,6243.0,2017-01-01,North America,4.0,"Day After New Year?s Day, Chinese New Year, New Year's Day",Winter_Holidays,Q1,January,Northern
CAN,2017,2,5987.0,,,9329.103952,5987.0,2017-02-01,North America,9.0,"Family Day, Islander Day, Louis Riel Day",Regular,Q1,February,Northern
CAN,2017,3,6965.0,,,10816.14278,6965.0,2017-03-01,North America,4.0,"St. Patrick's Day, St David's Day, Commonwealth Day",Spring_Holidays,Q1,March,Northern
CAN,2017,4,6597.0,,,10570.52638,6597.0,2017-04-01,North America,5.0,"St. George's Day, National Tartan Day, Vimy Ridge Day",Spring_Holidays,Q2,April,Northern
CAN,2017,5,6236.0,,,10672.50038,6236.0,2017-05-01,North America,3.0,"National Patriots' Day, Mother's Day, Victoria Day",Regular,Q2,May,Northern
CAN,2017,6,6656.0,,,11458.28432,6656.0,2017-06-01,North America,5.0,"National Aboriginal Day, St. Jean Baptiste Day, Discovery Day",Regular,Q2,June,Northern
CAN,2017,7,7619.0,,,13071.57672,7619.0,2017-07-01,North America,5.0,"Memorial Day, Nunavut Day, Nunavut Day observed",Summer_Holidays,Q3,July,Northern
CAN,2017,8,8035.0,,,13545.953,8035.0,2017-08-01,North America,11.0,"The Royal St John's Regatta (Regatta Day), British Columbia Day, Heritage Day",Summer_Holidays,Q3,August,Northern
CAN,2017,9,6534.0,,,11197.153,6534.0,2017-09-01,North America,1.0,Labour Day,Regular,Q3,September,Northern
CAN,2017,10,6280.0,,,10802.285,6280.0,2017-10-01,North America,4.0,"Thanksgiving Day, Diwali/Deepavali, Halloween",Regular,Q4,October,Northern
CAN,2017,11,5782.0,,,9551.963,5782.0,2017-11-01,North America,2.0,Remembrance Day,Regular,Q4,November,Northern
CAN,2017,12,6611.0,,,10605.751,6611.0,2017-12-01,North America,6.0,"First Sunday of Advent, Anniversary of the Statute of Westminster, Christmas Eve",Winter_Holidays,Q4,December,Northern
CAN,2018,1,6594.0,,,,6594.0,2018-01-01,North America,2.0,"Day After New Year?s Day, New Year's Day",Winter_Holidays,Q1,January,Northern
CAN,2018,2,6332.0,,,,6332.0,2018-02-01,North America,10.0,"Family Day, Islander Day, Louis Riel Day",Regular,Q1,February,Northern
CAN,2018,3,7430.0,,,,7430.0,2018-03-01,North America,5.0,"St. Patrick's Day, St David's Day, Commonwealth Day",Spring_Holidays,Q1,March,Northern
CAN,2018,4,6744.0,,,,6744.0,2018-04-01,North America,4.0,"St. George's Day, National Tartan Day, Vimy Ridge Day",Spring_Holidays,Q2,April,Northern
CAN,2018,5,6631.0,,,,6631.0,2018-05-01,North America,3.0,"National Patriots' Day, Mother's Day, Victoria Day",Regular,Q2,May,Northern
CAN,2018,6,7133.0,,,,7133.0,2018-06-01,North America,6.0,"National Indigenous Peoples Day, St. Jean Baptiste Day, Discovery Day",Regular,Q2,June,Northern
CAN,2018,7,8133.0,,,,8133.0,2018-07-01,North America,5.0,"Memorial Day, Nunavut Day, Orangemen's Day",Summer_Holidays,Q3,July,Northern
CAN,2018,8,8463.0,,,,8463.0,2018-08-01,North America,11.0,"The Royal St John's Regatta (Regatta Day), British Columbia Day, Heritage Day",Summer_Holidays,Q3,August,Northern
CAN,2018,9,6946.0,,,,6946.0,2018-09-01,North America,1.0,Labour Day,Regular,Q3,September,Northern
CAN,2018,10,6615.0,,,,6615.0,2018-10-01,North America,3.0,"Thanksgiving Day, Halloween",Regular,Q4,October,Northern
CAN,2018,11,6090.0,,,,6090.0,2018-11-01,North America,5.0,"Diwali/Deepavali, Remembrance Day, Remembrance Day observed",Regular,Q4,November,Northern
CAN,2018,12,6928.0,,,,6928.0,2018-12-01,North America,6.0,"First Sunday of Advent, Anniversary of the Statute of Westminster, Christmas Eve",Winter_Holidays,Q4,December,Northern
CHE,2010,1,2785.005,55.655,2729.35,2875.596,2785.005,2010-01-01,Europe,3.0,"Berchtold Day, Epiphany, New Year's Day",Winter_Holidays,Q1,January,Northern
CHE,2010,2,2715.644,51.071,2664.573,2796.793,2715.644,2010-02-01,Europe,1.0,Valentine's Day,Regular,Q1,February,Northern
CHE,2010,3,3201.375,63.228,3138.147,3302.429,3201.375,2010-03-01,Europe,2.0,"Republic Day, Saint Joseph's Day",Spring_Holidays,Q1,March,Northern
CHE,2010,4,2606.965,48.515,2558.45,2690.17,2606.965,2010-04-01,Europe,4.0,"N?felser Fahrt, Good Friday, Easter Monday",Spring_Holidays,Q2,April,Northern
CHE,2010,5,3118.248,56.646,3061.602,3223.107,3118.248,2010-05-01,Europe,4.0,"May Day, Pentecost Monday, Pentecost",Regular,Q2,May,Northern
CHE,2010,6,3212.916,57.327,3155.589,3323.356,3212.916,2010-06-01,Europe,3.0,"Corpus Christi, Jura Independence Day, St. Peter and St. Paul",Regular,Q2,June,Northern
CHE,2010,7,3709.175,61.987,3647.188,3826.124,3709.175,2010-07-01,Europe,0.0,None,Regular,Q3,July,Northern
CHE,2010,8,3618.005,60.688,3557.317,3724.809,3618.005,2010-08-01,Europe,2.0,"Assumption of Mary, Swiss National Day",Summer_Holidays,Q3,August,Northern
CHE,2010,9,3416.506,57.734,3358.772,3522.454,3416.506,2010-09-01,Europe,5.0,"Jeune Genevois, Federal Fast Monday, Mauritius Day",Regular,Q3,September,Northern
CHE,2010,10,3567.398,60.886,3506.512,3678.171,3567.398,2010-10-01,Europe,0.0,None,Regular,Q4,October,Northern
CHE,2010,11,2795.241,52.682,2742.559,2875.896,2795.241,2010-11-01,Europe,1.0,All Saints' Day,Regular,Q4,November,Northern
CHE,2010,12,2869.481,53.131,2816.35,2952.521,2869.481,2010-12-01,Europe,6.0,"Immaculate Conception, St. Stephen's Day, Restoration Day",Winter_Holidays,Q4,December,Northern
CHE,2011,1,3061.425,55.13,3006.295,3085.301,3061.425,2011-01-01,Europe,3.0,"Berchtold Day, Epiphany, New Year's day",Winter_Holidays,Q1,January,Northern
CHE,2011,2,2934.135,50.493,2883.642,3016.488,2934.135,2011-02-01,Europe,1.0,Valentine's Day,Regular,Q1,February,Northern
CHE,2011,3,3386.536,63.249,3323.287,3486.651,3386.536,2011-03-01,Europe,2.0,"Republic Day, Saint Joseph's Day",Spring_Holidays,Q1,March,Northern
CHE,2011,4,3450.976,58.803,3392.173,3543.377,3450.976,2011-04-01,Europe,4.0,"N?felser Fahrt, Good Friday, Easter Monday",Spring_Holidays,Q2,April,Northern
CHE,2011,5,3458.412,58.74,3399.672,3550.626,3458.412,2011-05-01,Europe,1.0,May Day,Regular,Q2,May,Northern
CHE,2011,6,3599.495,57.228,3542.267,3695.598,3599.495,2011-06-01,Europe,6.0,"Pentecost Monday, Corpus Christi, Jura Independence Day",Regular,Q2,June,Northern
CHE,2011,7,4129.196,62.661,4066.535,4229.356,4129.196,2011-07-01,Europe,0.0,None,Regular,Q3,July,Northern
CHE,2011,8,3869.388,55.384,3814.004,3957.907,3869.388,2011-08-01,Europe,2.0,"Assumption of Mary, Swiss National Day",Summer_Holidays,Q3,August,Northern
CHE,2011,9,3688.245,53.978,3634.267,3773.391,3688.245,2011-09-01,Europe,5.0,"Jeune Genevois, Federal Fast Monday, Mauritius Day",Regular,Q3,September,Northern
CHE,2011,10,3766.686,55.029,3711.657,3855.706,3766.686,2011-10-01,Europe,0.0,None,Regular,Q4,October,Northern
CHE,2011,11,2910.281,50.136,2860.145,2978.213,2910.281,2011-11-01,Europe,1.0,All Saints' Day,Regular,Q4,November,Northern
CHE,2011,12,3185.073,52.54,3132.533,3258.882,3185.073,2011-12-01,Europe,6.0,"Immaculate Conception, St. Stephen's Day, Restoration Day",Winter_Holidays,Q4,December,Northern
CHE,2012,1,3145.106,50.429,3094.677,3230.493,3145.106,2012-01-01,Europe,3.0,"Berchtold Day, Epiphany, New Year's Day",Winter_Holidays,Q1,January,Northern
CHE,2012,2,3135.106,45.303,3089.803,3205.651,3135.106,2012-02-01,Europe,1.0,Valentine's Day,Regular,Q1,February,Northern
CHE,2012,3,3624.391,59.606,3564.785,3716.007,3624.391,2012-03-01,Europe,2.0,"Republic Day, Saint Joseph's Day",Spring_Holidays,Q1,March,Northern
CHE,2012,4,3681.223,55.307,3625.916,3768.822,3681.223,2012-04-01,Europe,4.0,"N?felser Fahrt, Good Friday, Easter Monday",Spring_Holidays,Q2,April,Northern
CHE,2012,5,3633.333,52.318,3581.015,3717.241,3633.333,2012-05-01,Europe,4.0,"May Day, Pentecost Monday, Pentecost",Regular,Q2,May,Northern
CHE,2012,6,3766.339,53.939,3712.4,3860.502,3766.339,2012-06-01,Europe,3.0,"Corpus Christi, Jura Independence Day, St. Peter and St. Paul",Regular,Q2,June,Northern
CHE,2012,7,4239.321,58.624,4180.697,4353.525,4239.321,2012-07-01,Europe,0.0,None,Regular,Q3,July,Northern
CHE,2012,8,4091.271,55.55,4035.721,4187.88,4091.271,2012-08-01,Europe,2.0,"Assumption of Mary, Swiss National Day",Summer_Holidays,Q3,August,Northern
CHE,2012,9,3860.268,52.653,3807.615,3952.386,3860.268,2012-09-01,Europe,5.0,"Jeune Genevois, Federal Fast Monday, Mauritius Day",Regular,Q3,September,Northern
CHE,2012,10,3822.673,53.499,3769.174,3912.015,3822.673,2012-10-01,Europe,0.0,None,Regular,Q4,October,Northern
CHE,2012,11,3017.753,46.845,2970.908,3098.274,3017.753,2012-11-01,Europe,1.0,All Saints' Day,Regular,Q4,November,Northern
CHE,2012,12,3219.302,48.857,3170.445,3311.678,3219.302,2012-12-01,Europe,6.0,"Immaculate Conception, St. Stephen's Day, Restoration Day",Winter_Holidays,Q4,December,Northern
CHE,2013,1,3161.475,49.481,3111.994,3256.558,3161.475,2013-01-01,Europe,3.0,"Berchtold Day, Epiphany, New Year's day",Winter_Holidays,Q1,January,Northern
CHE,2013,2,3144.838,42.871,3101.967,3224.495,3144.838,2013-02-01,Europe,1.0,Valentine's Day,Regular,Q1,February,Northern
CHE,2013,3,3788.887,58.006,3730.881,3889.558,3788.887,2013-03-01,Europe,4.0,"Republic Day, Saint Joseph's Day, Good Friday",Spring_Holidays,Q1,March,Northern
CHE,2013,4,3724.74,49.397,3675.343,3822.06,3724.74,2013-04-01,Europe,2.0,"Easter Monday, N?felser Fahrt",Spring_Holidays,Q2,April,Northern
CHE,2013,5,3803.698,50.189,3753.509,3906.57,3803.698,2013-05-01,Europe,5.0,"May Day, Pentecost Monday, Corpus Christi",Regular,Q2,May,Northern
CHE,2013,6,3873.201,52.038,3821.163,3980.097,3873.201,2013-06-01,Europe,2.0,"Jura Independence Day, St. Peter and St. Paul",Regular,Q2,June,Northern
CHE,2013,7,4312.013,55.258,4256.755,4437.917,4312.013,2013-07-01,Europe,0.0,None,Regular,Q3,July,Northern
CHE,2013,8,4256.793,55.312,4201.481,4381.136,4256.793,2013-08-01,Europe,2.0,"Assumption of Mary, Swiss National Day",Summer_Holidays,Q3,August,Northern
CHE,2013,9,3935.6,47.573,3888.027,4037.492,3935.6,2013-09-01,Europe,5.0,"Jeune Genevois, Federal Fast Monday, Mauritius Day",Regular,Q3,September,Northern
CHE,2013,10,3913.911,49.427,3864.484,4013.982,3913.911,2013-10-01,Europe,0.0,None,Regular,Q4,October,Northern
CHE,2013,11,3024.018,43.839,2980.179,3102.319,3024.018,2013-11-01,Europe,1.0,All Saints' Day,Regular,Q4,November,Northern
CHE,2013,12,3278.394,46.919,3231.475,3370.896,3278.394,2013-12-01,Europe,6.0,"Immaculate Conception, St. Stephen's Day, Restoration Day",Winter_Holidays,Q4,December,Northern
CHE,2014,1,3238.296,46.113,3192.183,3331.748,3238.296,2014-01-01,Europe,3.0,"Berchtold Day, Epiphany, New Year's Day",Winter_Holidays,Q1,January,Northern
CHE,2014,2,3172.123,41.024,3131.099,3251.087,3172.123,2014-02-01,Europe,1.0,Valentine's Day,Regular,Q1,February,Northern
CHE,2014,3,3760.274,54.253,3706.021,3854.076,3760.274,2014-03-01,Europe,2.0,"Republic Day, Saint Joseph's Day",Spring_Holidays,Q1,March,Northern
CHE,2014,4,3906.753,50.907,3855.846,4010.132,3906.753,2014-04-01,Europe,4.0,"N?felser Fahrt, Good Friday, Easter Monday",Spring_Holidays,Q2,April,Northern
CHE,2014,5,3869.086,49.013,3820.073,3972.344,3869.086,2014-05-01,Europe,2.0,"May Day, Ascension Day",Regular,Q2,May,Northern
CHE,2014,6,4096.298,52.623,4043.675,4205.093,4096.298,2014-06-01,Europe,5.0,"Pentecost Monday, Corpus Christi, Jura Independence Day",Regular,Q2,June,Northern
CHE,2014,7,4497.861,54.852,4443.009,4612.142,4497.861,2014-07-01,Europe,0.0,None,Regular,Q3,July,Northern
CHE,2014,8,4603.622,57.62,4546.002,4726.539,4603.622,2014-08-01,Europe,2.0,"Assumption of Mary, Swiss National Day",Summer_Holidays,Q3,August,Northern
CHE,2014,9,4185.618,51.723,4133.895,4285.816,4185.618,2014-09-01,Europe,5.0,"Jeune Genevois, Federal Fast Monday, Mauritius Day",Regular,Q3,September,Northern
CHE,2014,10,4205.245,54.903,4150.342,4315.304,4205.245,2014-10-01,Europe,0.0,None,Regular,Q4,October,Northern
CHE,2014,11,3148.87,45.853,3103.017,3233.122,3148.87,2014-11-01,Europe,1.0,All Saints' Day,Regular,Q4,November,Northern
CHE,2014,12,3443.38,51.06,3392.32,3545.631,3443.38,2014-12-01,Europe,6.0,"Immaculate Conception, St. Stephen's Day, Restoration Day",Winter_Holidays,Q4,December,Northern
CHE,2015,1,3337.185,51.14,3286.045,3440.604,3337.185,2015-01-01,Europe,3.0,"Berchtold Day, Epiphany, New Year's day",Winter_Holidays,Q1,January,Northern
CHE,2015,2,3280.428,45.351,3235.077,3368.228,3280.428,2015-02-01,Europe,1.0,Valentine's Day,Regular,Q1,February,Northern
CHE,2015,3,3889.314,58.046,3831.268,3999.422,3889.314,2015-03-01,Europe,2.0,"Republic Day, Saint Joseph's Day",Spring_Holidays,Q1,March,Northern
CHE,2015,4,4048.758,54.015,3994.743,4151.659,4048.758,2015-04-01,Europe,4.0,"N?felser Fahrt, Good Friday, Easter Monday",Spring_Holidays,Q2,April,Northern
CHE,2015,5,4141.957,50.545,4091.412,4245.986,4141.957,2015-05-01,Europe,4.0,"May Day, Pentecost Monday, Pentecost",Regular,Q2,May,Northern
CHE,2015,6,4161.984,53.139,4108.845,4265.67,4161.984,2015-06-01,Europe,3.0,"Corpus Christi, Jura Independence Day, St. Peter and St. Paul",Regular,Q2,June,Northern
CHE,2015,7,4790.693,60.99,4729.703,4922.939,4790.693,2015-07-01,Europe,0.0,None,Regular,Q3,July,Northern
CHE,2015,8,4805.848,61.224,4744.624,4936.722,4805.848,2015-08-01,Europe,2.0,"Assumption of Mary, Swiss National Day",Summer_Holidays,Q3,August,Northern
CHE,2015,9,4362.164,53.765,4308.399,4468.502,4362.164,2015-09-01,Europe,5.0,"Jeune Genevois, Federal Fast Monday, Mauritius Day",Regular,Q3,September,Northern
CHE,2015,10,4375.051,59.887,4315.164,4486.813,4375.051,2015-10-01,Europe,0.0,None,Regular,Q4,October,Northern
CHE,2015,11,3310.528,54.443,3256.085,3401.146,3310.528,2015-11-01,Europe,1.0,All Saints' Day,Regular,Q4,November,Northern
CHE,2015,12,3522.465,58.933,3463.532,3615.189,3522.465,2015-12-01,Europe,6.0,"Immaculate Conception, St. Stephen's Day, Restoration Day",Winter_Holidays,Q4,December,Northern
CHE,2016,1,3491.008,57.65,3433.358,3591.697,3491.008,2016-01-01,Europe,3.0,"Berchtold Day, Epiphany, New Year's Day",Winter_Holidays,Q1,January,Northern
CHE,2016,2,3543.955,53.37,3490.585,3630.197,3543.955,2016-02-01,Europe,1.0,Valentine's Day,Regular,Q1,February,Northern
CHE,2016,3,4085.372,70.274,4015.098,4188.835,4085.372,2016-03-01,Europe,5.0,"Republic Day, Saint Joseph's Day, Good Friday",Spring_Holidays,Q1,March,Northern
CHE,2016,4,4107.853,61.148,4046.705,4207.65,4107.853,2016-04-01,Europe,1.0,N?felser Fahrt,Spring_Holidays,Q2,April,Northern
CHE,2016,5,4347.627,61.361,4286.266,4446.322,4347.627,2016-05-01,Europe,5.0,"May Day, Pentecost Monday, Corpus Christi",Regular,Q2,May,Northern
CHE,2016,6,4305.416,63.681,4241.735,4394.409,4305.416,2016-06-01,Europe,2.0,"Jura Independence Day, St. Peter and St. Paul",Regular,Q2,June,Northern
CHE,2016,7,5079.927,72.786,5007.141,5199.729,5079.927,2016-07-01,Europe,0.0,None,Regular,Q3,July,Northern
CHE,2016,8,4978.179,68.31,4909.869,5089.665,4978.179,2016-08-01,Europe,2.0,"Assumption of Mary, Swiss National Day",Summer_Holidays,Q3,August,Northern
CHE,2016,9,4568.881,60.618,4508.263,4638.56,4568.881,2016-09-01,Europe,5.0,"Jeune Genevois, Federal Fast Monday, Mauritius Day",Regular,Q3,September,Northern
CHE,2016,10,4678.885,59.696,4619.189,4782.525,4678.885,2016-10-01,Europe,0.0,None,Regular,Q4,October,Northern
CHE,2016,11,3453.343,52.824,3400.519,3530.213,3453.343,2016-11-01,Europe,1.0,All Saints' Day,Regular,Q4,November,Northern
CHE,2016,12,3865.046,58.621,3806.425,3965.314,3865.046,2016-12-01,Europe,6.0,"Immaculate Conception, St. Stephen's Day, Restoration Day",Winter_Holidays,Q4,December,Northern
CHE,2017,1,3716.22,56.118,3660.102,3812.71,3716.22,2017-01-01,Europe,3.0,"Berchtold Day, Epiphany, New Year's day",Winter_Holidays,Q1,January,Northern
CHE,2017,2,3703.479,52.063,3651.416,3784.976,3703.479,2017-02-01,Europe,1.0,Valentine's Day,Regular,Q1,February,Northern
CHE,2017,3,4314.174,66.804,4247.37,4412.346,4314.174,2017-03-01,Europe,2.0,"Republic Day, Saint Joseph's Day",Spring_Holidays,Q1,March,Northern
CHE,2017,4,4652.715,62.671,4590.044,4766.68,4652.715,2017-04-01,Europe,4.0,"N?felser Fahrt, Good Friday, Easter Monday",Spring_Holidays,Q2,April,Northern
CHE,2017,5,4495.142,60.195,4434.947,4594.589,4495.142,2017-05-01,Europe,2.0,"May Day, Ascension Day",Regular,Q2,May,Northern
CHE,2017,6,4719.822,59.415,4660.407,4811.718,4719.822,2017-06-01,Europe,5.0,"Pentecost Monday, Corpus Christi, Jura Independence Day",Regular,Q2,June,Northern
CHE,2017,7,5354.15,70.228,5283.922,5481.507,5354.15,2017-07-01,Europe,0.0,None,Regular,Q3,July,Northern
CHE,2017,8,5247.904,68.089,5179.815,5367.854,5247.904,2017-08-01,Europe,2.0,"Assumption of Mary, Swiss National Day",Summer_Holidays,Q3,August,Northern
CHE,2017,9,4874.61,60.839,4813.771,4973.175,4874.61,2017-09-01,Europe,5.0,"Jeune Genevois, Federal Fast Monday, Mauritius Day",Regular,Q3,September,Northern
CHE,2017,10,4875.555,60.452,4815.103,4986.132,4875.555,2017-10-01,Europe,0.0,None,Regular,Q4,October,Northern
CHE,2017,11,3596.127,53.849,3542.278,3683.169,3596.127,2017-11-01,Europe,1.0,All Saints' Day,Regular,Q4,November,Northern
CHE,2017,12,4015.045,60.221,3954.824,4117.081,4015.045,2017-12-01,Europe,6.0,"Immaculate Conception, St. Stephen's Day, Restoration Day",Winter_Holidays,Q4,December,Northern
CHE,2018,1,3831.561,56.174,3775.387,,3831.561,2018-01-01,Europe,3.0,"Berchtold Day, Epiphany, New Year's Day",Winter_Holidays,Q1,January,Northern
CHE,2018,2,3840.283,53.527,3786.756,,3840.283,2018-02-01,Europe,1.0,Valentine's Day,Regular,Q1,February,Northern
CHE,2018,3,4561.918,64.427,4497.491,,4561.918,2018-03-01,Europe,3.0,"Republic Day, Saint Joseph's Day, Good Friday",Spring_Holidays,Q1,March,Northern
CHE,2018,4,4864.104,61.269,4802.835,,4864.104,2018-04-01,Europe,3.0,"Easter Monday, N?felser Fahrt, Easter Sunday",Spring_Holidays,Q2,April,Northern
CHE,2018,5,4788.2,60.041,4728.159,,4788.2,2018-05-01,Europe,5.0,"May Day, Pentecost Monday, Corpus Christi",Regular,Q2,May,Northern
CHE,2018,6,4907.137,61.191,4845.946,,4907.137,2018-06-01,Europe,2.0,"Jura Independence Day, St. Peter and St. Paul",Regular,Q2,June,Northern
CHE,2018,7,5535.996,71.843,5464.153,,5535.996,2018-07-01,Europe,0.0,None,Regular,Q3,July,Northern
CHE,2018,8,5519.264,69.1,5450.164,,5519.264,2018-08-01,Europe,2.0,"Assumption of Mary, Swiss National Day",Summer_Holidays,Q3,August,Northern
CHE,2018,9,5094.674,57.56,5037.114,,5094.674,2018-09-01,Europe,5.0,"Jeune Genevois, Federal Fast Monday, Mauritius Day",Regular,Q3,September,Northern
CHE,2018,10,5123.223,56.568,5066.655,,5123.223,2018-10-01,Europe,0.0,None,Regular,Q4,October,Northern
CHE,2018,11,3828.687,50.078,3778.609,,3828.687,2018-11-01,Europe,1.0,All Saints' Day,Regular,Q4,November,Northern
CHE,2018,12,4244.502,58.161,4186.341,,4244.502,2018-12-01,Europe,6.0,"Immaculate Conception, St. Stephen's Day, Restoration Day",Winter_Holidays,Q4,December,Northern
CHL,2010,1,,,,1644.038,1644.038,2010-01-01,Latin America,1.0,New Year's Day,Winter_Holidays,Q1,January,Southern
CHL,2010,2,,,,1433.333,1433.333,2010-02-01,Latin America,0.0,None,Regular,Q1,February,Southern
CHL,2010,3,,,,978.244,978.244,2010-03-01,Latin America,0.0,None,Regular,Q1,March,Southern
CHL,2010,4,,,,1187.432,1187.432,2010-04-01,Latin America,2.0,"Good Friday, Holy Saturday",Spring_Holidays,Q2,April,Southern
CHL,2010,5,,,,1259.109,1259.109,2010-05-01,Latin America,2.0,"Labor Day / May Day, Navy Day",Regular,Q2,May,Southern
CHL,2010,6,,,,1207.262,1207.262,2010-06-01,Latin America,1.0,Saint Peter and Saint Paul,Regular,Q2,June,Southern
CHL,2010,7,,,,1500.673,1500.673,2010-07-01,Latin America,1.0,Our Lady of Mount Carmel,Summer_Holidays,Q3,July,Southern
CHL,2010,8,,,,1432.539,1432.539,2010-08-01,Latin America,1.0,Assumption of Mary,Summer_Holidays,Q3,August,Southern
CHL,2010,9,,,,1455.237,1455.237,2010-09-01,Latin America,2.0,"National Day, Army Day",Regular,Q3,September,Southern
CHL,2010,10,,,,1588.444,1588.444,2010-10-01,Latin America,2.0,"Columbus Day, Reformation Day",Regular,Q4,October,Southern
CHL,2010,11,,,,1643.416,1643.416,2010-11-01,Latin America,1.0,All Saints' Day,Regular,Q4,November,Southern
CHL,2010,12,,,,1667.243,1667.243,2010-12-01,Latin America,3.0,"Inmaculate Conception Day, Christmas Day, New Year's Eve",Winter_Holidays,Q4,December,Southern
CHL,2011,1,,,,1897.522,1897.522,2011-01-01,Latin America,1.0,New Year's Day,Winter_Holidays,Q1,January,Southern
CHL,2011,2,,,,1791.423,1791.423,2011-02-01,Latin America,0.0,None,Regular,Q1,February,Southern
CHL,2011,3,,,,1608.202,1608.202,2011-03-01,Latin America,0.0,None,Regular,Q1,March,Southern
CHL,2011,4,,,,1477.029,1477.029,2011-04-01,Latin America,2.0,"Good Friday, Holy Saturday",Spring_Holidays,Q2,April,Southern
CHL,2011,5,,,,1477.375,1477.375,2011-05-01,Latin America,2.0,"Labor Day / May Day, Navy Day",Regular,Q2,May,Southern
CHL,2011,6,,,,1396.509,1396.509,2011-06-01,Latin America,1.0,Saint Peter and Saint Paul,Regular,Q2,June,Southern
CHL,2011,7,,,,1718.499,1718.499,2011-07-01,Latin America,1.0,Our Lady of Mount Carmel,Summer_Holidays,Q3,July,Southern
CHL,2011,8,,,,1587.507,1587.507,2011-08-01,Latin America,1.0,Assumption of Mary,Summer_Holidays,Q3,August,Southern
CHL,2011,9,,,,1632.016,1632.016,2011-09-01,Latin America,2.0,"National Day, Army Day",Regular,Q3,September,Southern
CHL,2011,10,,,,1719.693,1719.693,2011-10-01,Latin America,2.0,"Columbus Day, Reformation Day",Regular,Q4,October,Southern
CHL,2011,11,,,,1804.963,1804.963,2011-11-01,Latin America,1.0,All Saints' Day,Regular,Q4,November,Southern
CHL,2011,12,,,,1858.212,1858.212,2011-12-01,Latin America,3.0,"Inmaculate Conception Day, Christmas Day, New Year's Eve",Winter_Holidays,Q4,December,Southern
CHL,2012,1,,,,2196.996,2196.996,2012-01-01,Latin America,1.0,New Year's Day,Winter_Holidays,Q1,January,Southern
CHL,2012,2,,,,2137.663,2137.663,2012-02-01,Latin America,0.0,None,Regular,Q1,February,Southern
CHL,2012,3,,,,1870.594,1870.594,2012-03-01,Latin America,0.0,None,Regular,Q1,March,Southern
CHL,2012,4,,,,2294.311,2294.311,2012-04-01,Latin America,2.0,"Good Friday, Holy Saturday",Spring_Holidays,Q2,April,Southern
CHL,2012,5,,,,1781.008,1781.008,2012-05-01,Latin America,2.0,"Labor Day / May Day, Navy Day",Regular,Q2,May,Southern
CHL,2012,6,,,,1692.332,1692.332,2012-06-01,Latin America,0.0,None,Regular,Q2,June,Southern
CHL,2012,7,,,,2057.86,2057.86,2012-07-01,Latin America,2.0,"Saint Peter and Saint Paul, Our Lady of Mount Carmel",Summer_Holidays,Q3,July,Southern
CHL,2012,8,,,,1914.884,1914.884,2012-08-01,Latin America,1.0,Assumption of Mary,Summer_Holidays,Q3,August,Southern
CHL,2012,9,,,,1876.023,1876.023,2012-09-01,Latin America,3.0,"Extended National Holiday, National Day, Army Day",Regular,Q3,September,Southern
CHL,2012,10,,,,1966.994,1966.994,2012-10-01,Latin America,1.0,Columbus Day,Regular,Q4,October,Southern
CHL,2012,11,,,,2096.567,2096.567,2012-11-01,Latin America,2.0,"All Saints' Day, Reformation Day",Regular,Q4,November,Southern
CHL,2012,12,,,,2085.503,2085.503,2012-12-01,Latin America,3.0,"Inmaculate Conception Day, Christmas Day, New Year's Eve",Winter_Holidays,Q4,December,Southern
CHL,2013,1,,,,2441.191,2441.191,2013-01-01,Latin America,1.0,New Year's Day,Winter_Holidays,Q1,January,Southern
CHL,2013,2,,,,2359.559,2359.559,2013-02-01,Latin America,0.0,None,Regular,Q1,February,Southern
CHL,2013,3,,,,2148.226,2148.226,2013-03-01,Latin America,2.0,"Good Friday, Holy Saturday",Spring_Holidays,Q1,March,Southern
CHL,2013,4,,,,1983.641,1983.641,2013-04-01,Latin America,0.0,None,Regular,Q2,April,Southern
CHL,2013,5,,,,1964.853,1964.853,2013-05-01,Latin America,2.0,"Labor Day / May Day, Navy Day",Regular,Q2,May,Southern
CHL,2013,6,,,,1862.384,1862.384,2013-06-01,Latin America,1.0,Saint Peter and Saint Paul,Regular,Q2,June,Southern
CHL,2013,7,,,,2267.855,2267.855,2013-07-01,Latin America,1.0,Our Lady of Mount Carmel,Summer_Holidays,Q3,July,Southern
CHL,2013,8,,,,2051.69,2051.69,2013-08-01,Latin America,1.0,Assumption of Mary,Summer_Holidays,Q3,August,Southern
CHL,2013,9,,,,2040.189,2040.189,2013-09-01,Latin America,3.0,"National Day, Army Day, Extended National Holiday",Regular,Q3,September,Southern
CHL,2013,10,,,,2238.78,2238.78,2013-10-01,Latin America,2.0,"Columbus Day, Reformation Day",Regular,Q4,October,Southern
CHL,2013,11,,,,2237.658,2237.658,2013-11-01,Latin America,1.0,All Saints' Day,Regular,Q4,November,Southern
CHL,2013,12,,,,2249.003,2249.003,2013-12-01,Latin America,3.0,"Inmaculate Conception Day, Christmas Day, New Year's Eve",Winter_Holidays,Q4,December,Southern
CHL,2014,1,,,,2617.432,2617.432,2014-01-01,Latin America,1.0,New Year's Day,Winter_Holidays,Q1,January,Southern
CHL,2014,2,,,,2490.738,2490.738,2014-02-01,Latin America,0.0,None,Regular,Q1,February,Southern
CHL,2014,3,,,,2237.48,2237.48,2014-03-01,Latin America,0.0,None,Regular,Q1,March,Southern
CHL,2014,4,,,,2029.208,2029.208,2014-04-01,Latin America,2.0,"Good Friday, Holy Saturday",Spring_Holidays,Q2,April,Southern
CHN,2010,1,19408.0,17585.0,1363.0,,19408.0,2010-01-01,Asia,3.0,"New Year's Day, New Year's weekend",Winter_Holidays,Q1,January,Northern
CHN,2010,2,20247.0,18208.0,1488.0,,20247.0,2010-02-01,Asia,10.0,"Lantern Festival, Spring Festival Eve, Chinese New Year",Regular,Q1,February,Northern
CHN,2010,3,21725.0,19688.0,1547.0,,21725.0,2010-03-01,Asia,3.0,"International Women's Day, Arbor Day, Zhonghe Festival",Spring_Holidays,Q1,March,Northern
CHN,2010,4,21567.0,19399.0,1602.0,,21567.0,2010-04-01,Asia,3.0,Qing Ming Jie,Spring_Holidays,Q2,April,Northern
CHN,2010,5,21529.0,19439.0,1565.0,,21529.0,2010-05-01,Asia,4.0,"Youth Day, Labour Day",Regular,Q2,May,Northern
CHN,2010,6,21849.0,19768.0,1561.0,,21849.0,2010-06-01,Asia,6.0,"Children's Day, Dragon Boat Festival, Special Working Day",Regular,Q2,June,Northern
CHN,2010,7,29072.0,26666.0,1763.0,,29072.0,2010-07-01,Asia,2.0,"CPC Founding Day, Maritime Day",Summer_Holidays,Q3,July,Northern
CHN,2010,8,26296.0,23755.0,1902.0,,26296.0,2010-08-01,Asia,3.0,"Army Day, Chinese Valentine's Day, Spirit Festival",Summer_Holidays,Q3,August,Northern
CHN,2010,9,22601.0,20403.0,1674.0,,22601.0,2010-09-01,Asia,7.0,"Teachers' Day, Mid-Autumn Festival, Dragon Boat Festival",Regular,Q3,September,Northern
CHN,2010,10,24476.0,22141.0,1732.0,,24476.0,2010-10-01,Asia,9.0,"Double Ninth Festival, National Day, National Day Golden Week holiday",Regular,Q4,October,Northern
CHN,2010,11,20784.0,18727.0,1496.0,,20784.0,2010-11-01,Asia,1.0,Journalists' Day,Regular,Q4,November,Northern
CHN,2010,12,21031.0,18847.0,1588.0,,21031.0,2010-12-01,Asia,1.0,Christmas Day,Winter_Holidays,Q4,December,Northern
CHN,2011,1,22667.0,20380.0,1711.0,,22667.0,2011-01-01,Asia,4.0,"New Year's Day, New Year's weekend, Special Working Day",Winter_Holidays,Q1,January,Northern
CHN,2011,2,21632.0,19405.0,1640.0,,21632.0,2011-02-01,Asia,9.0,"Lantern Festival, Spring Festival Eve, Chinese New Year",Regular,Q1,February,Northern
CHN,2011,3,22816.0,20646.0,1589.0,,22816.0,2011-03-01,Asia,3.0,"Zhonghe Festival, International Women's Day, Arbor Day",Spring_Holidays,Q1,March,Northern
CHN,2011,4,24368.0,22098.0,1616.0,,24368.0,2011-04-01,Asia,5.0,"Qing Ming Jie, Labour Day Holiday, Special Working Day",Spring_Holidays,Q2,April,Northern
CHN,2011,5,24070.0,21862.0,1585.0,,24070.0,2011-05-01,Asia,3.0,"Youth Day, Labour Day, Labour Day Holiday",Regular,Q2,May,Northern
CHN,2011,6,23247.0,21009.0,1657.0,,23247.0,2011-06-01,Asia,4.0,"Children's Day, Dragon Boat Festival",Regular,Q2,June,Northern
CHN,2011,7,27320.0,24667.0,1950.0,,27320.0,2011-07-01,Asia,2.0,"CPC Founding Day, Maritime Day",Summer_Holidays,Q3,July,Northern
CHN,2011,8,27584.0,24899.0,1999.0,,27584.0,2011-08-01,Asia,3.0,"Army Day, Chinese Valentine's Day, Spirit Festival",Summer_Holidays,Q3,August,Northern
CHN,2011,9,25012.0,22570.0,1843.0,,25012.0,2011-09-01,Asia,4.0,"Teachers' Day, Mid-Autumn Festival",Regular,Q3,September,Northern
CHN,2011,10,26377.0,23804.0,1921.0,,26377.0,2011-10-01,Asia,10.0,"Double Ninth Festival, National Day, National Day Golden Week holiday",Regular,Q4,October,Northern
CHN,2011,11,23705.0,21368.0,1688.0,,23705.0,2011-11-01,Asia,1.0,Journalists' Day,Regular,Q4,November,Northern
CHN,2011,12,24372.0,21682.0,1981.0,,24372.0,2011-12-01,Asia,2.0,"Christmas Day, Special Working Day",Winter_Holidays,Q4,December,Northern
CHN,2012,1,25670.0,23079.0,1901.0,,25670.0,2012-01-01,Asia,12.0,"New Year's Day, Spring Festival Eve, Chinese New Year",Winter_Holidays,Q1,January,Northern
CHN,2012,2,23490.0,21250.0,1663.0,,23490.0,2012-02-01,Asia,2.0,"Lantern Festival, Zhonghe Festival",Regular,Q1,February,Northern
CHN,2012,3,25029.0,22488.0,1856.0,,25029.0,2012-03-01,Asia,3.0,"International Women's Day, Arbor Day, Special Working Day",Spring_Holidays,Q1,March,Northern
CHN,2012,4,26048.0,23333.0,1967.0,,26048.0,2012-04-01,Asia,7.0,"Qing Ming Jie, Labour Day, Special Working Day",Spring_Holidays,Q2,April,Northern
CHN,2012,5,25404.0,22840.0,1872.0,,25404.0,2012-05-01,Asia,2.0,"Youth Day, Labour Day",Regular,Q2,May,Northern
CHN,2012,6,25304.0,22729.0,1900.0,,25304.0,2012-06-01,Asia,4.0,"Children's Day, Dragon Boat Festival",Regular,Q2,June,Northern
CHN,2012,7,29909.0,26949.0,2200.0,,29909.0,2012-07-01,Asia,2.0,"CPC Founding Day, Maritime Day",Summer_Holidays,Q3,July,Northern
CHN,2012,8,30709.0,27650.0,2327.0,,30709.0,2012-08-01,Asia,3.0,"Army Day, Chinese Valentine's Day, Spirit Festival",Summer_Holidays,Q3,August,Northern
CHN,2012,9,27440.0,24834.0,1970.0,,27440.0,2012-09-01,Asia,3.0,"Teachers' Day, Mid-Autumn Festival, Special Working Day",Regular,Q3,September,Northern
CHN,2012,10,28294.0,25685.0,1919.0,,28294.0,2012-10-01,Asia,8.0,"Double Ninth Festival, National Day, National Day Golden Week holiday",Regular,Q4,October,Northern
CHN,2012,11,23705.0,21368.0,1688.0,,23705.0,2012-11-01,Asia,1.0,Journalists' Day,Regular,Q4,November,Northern
CHN,2012,12,28358.0,25455.0,2097.0,,28358.0,2012-12-01,Asia,1.0,Christmas Day,Winter_Holidays,Q4,December,Northern
CHN,2013,1,25670.0,23102.0,1903.0,,25670.0,2013-01-01,Asia,5.0,"New Year's Day, New Year's weekend, Special Working Day",Winter_Holidays,Q1,January,Northern
CHN,2013,2,27874.0,25054.0,2054.0,,27874.0,2013-02-01,Asia,10.0,"Lantern Festival, Spring Festival Eve, Chinese New Year",Regular,Q1,February,Northern
CHN,2013,3,28784.0,25953.0,2092.0,,28784.0,2013-03-01,Asia,3.0,"International Women's Day, Arbor Day, Zhonghe Festival",Spring_Holidays,Q1,March,Northern
CHN,2013,4,28492.0,25566.0,2148.0,,28492.0,2013-04-01,Asia,8.0,"Qing Ming Jie, Qing Ming Jie holiday, Labour Day Holiday",Spring_Holidays,Q2,April,Northern
CHN,2013,5,28553.0,25808.0,2043.0,,28553.0,2013-05-01,Asia,2.0,"Youth Day, Labour Day",Regular,Q2,May,Northern
CHN,2013,6,28654.0,25765.0,2154.0,,28654.0,2013-06-01,Asia,6.0,"Children's Day, Dragon Boat Festival, Dragon Boat Festival holiday",Regular,Q2,June,Northern
CHN,2013,7,32665.0,29389.0,2473.0,,32665.0,2013-07-01,Asia,2.0,"CPC Founding Day, Maritime Day",Summer_Holidays,Q3,July,Northern
CHN,2013,8,34757.0,31210.0,2714.0,,34757.0,2013-08-01,Asia,3.0,"Army Day, Chinese Valentine's Day, Spirit Festival",Summer_Holidays,Q3,August,Northern
CHN,2013,9,30485.0,27322.0,2419.0,,30485.0,2013-09-01,Asia,6.0,"Teachers' Day, Mid-Autumn Festival, Mid-Autumn Festival holiday",Regular,Q3,September,Northern
CHN,2013,10,31648.0,28686.0,2234.0,,31648.0,2013-10-01,Asia,9.0,"Double Ninth Festival, National Day, National Day Golden Week holiday",Regular,Q4,October,Northern
CHN,2013,11,28515.0,25658.0,2119.0,,28515.0,2013-11-01,Asia,1.0,Journalists' Day,Regular,Q4,November,Northern
CHN,2013,12,27873.0,24867.0,2197.0,,27873.0,2013-12-01,Asia,1.0,Christmas Day,Winter_Holidays,Q4,December,Northern
CHN,2014,1,30575.0,27506.0,2286.0,9265.998,30575.0,2014-01-01,Asia,4.0,"Spring Festival Eve, New Year's Day, Chinese New Year",Winter_Holidays,Q1,January,Northern
CHN,2014,2,31086.0,27938.0,2321.0,8765.876,31086.0,2014-02-01,Asia,8.0,"Lantern Festival, Spring Festival Golden Week holiday, Special Working Day",Regular,Q1,February,Northern
CHN,2014,3,30247.0,27132.0,2316.0,8973.393,30247.0,2014-03-01,Asia,3.0,"Zhonghe Festival, International Women's Day, Arbor Day",Spring_Holidays,Q1,March,Northern
CHN,2014,4,31415.0,28103.0,2454.0,9451.449,31415.0,2014-04-01,Asia,3.0,"Qing Ming Jie, Qing Ming Jie holiday",Spring_Holidays,Q2,April,Northern
CHN,2014,5,31343.0,28138.0,2379.0,9504.758,31343.0,2014-05-01,Asia,6.0,"Youth Day, Labour Day, Labour Day Holiday",Regular,Q2,May,Northern
CHN,2014,6,30607.0,27413.0,2366.0,9267.634,30607.0,2014-06-01,Asia,3.0,"Children's Day, Dragon Boat Festival, Dragon Boat Festival holiday",Regular,Q2,June,Northern
CHN,2014,7,35797.0,32044.0,2868.0,10365.871,35797.0,2014-07-01,Asia,2.0,"CPC Founding Day, Maritime Day",Summer_Holidays,Q3,July,Northern
CHN,2014,8,37302.0,33215.0,3197.0,10692.181,37302.0,2014-08-01,Asia,3.0,"Army Day, Chinese Valentine's Day, Spirit Festival",Summer_Holidays,Q3,August,Northern
CHN,2014,9,33154.0,29594.0,2768.0,9874.724,33154.0,2014-09-01,Asia,6.0,"Victory Day, Teachers' Day, Mid-Autumn Festival",Regular,Q3,September,Northern
CHN,2014,10,34882.0,31150.0,2878.0,10325.795,34882.0,2014-10-01,Asia,9.0,"Double Ninth Festival, National Day, National Day Golden Week holiday",Regular,Q4,October,Northern
CHN,2014,11,32397.0,28899.0,2685.0,9583.905,32397.0,2014-11-01,Asia,7.0,"APEC Summit (Beijing), Journalists' Day",Regular,Q4,November,Northern
CHN,2014,12,33145.0,29218.0,3032.0,9242.875,33145.0,2014-12-01,Asia,1.0,Christmas Day,Winter_Holidays,Q4,December,Northern
CHN,2015,1,32459.0,28758.0,2909.0,9349.544,32459.0,2015-01-01,Asia,4.0,"New Year's Day, New Year's weekend, Special Working Day",Winter_Holidays,Q1,January,Northern
CHN,2015,2,34927.0,30550.0,3412.0,9509.216,34927.0,2015-02-01,Asia,9.0,"Spring Festival Eve, Chinese New Year, Spring Festival Golden Week holiday",Regular,Q1,February,Northern
CHN,2015,3,36699.0,32584.0,3327.0,10408.054,36699.0,2015-03-01,Asia,4.0,"Lantern Festival, International Women's Day, Arbor Day",Spring_Holidays,Q1,March,Northern
CHN,2015,4,35795.0,31475.0,3476.0,10343.238,35795.0,2015-04-01,Asia,3.0,"Qing Ming Jie, Qing Ming Jie holiday",Spring_Holidays,Q2,April,Northern
CHN,2015,5,35415.0,31053.0,3507.0,10500.517,35415.0,2015-05-01,Asia,4.0,"Youth Day, Labour Day, Labour Day Holiday",Regular,Q2,May,Northern
CHN,2015,6,34044.0,30049.0,3188.0,9976.215,34044.0,2015-06-01,Asia,4.0,"Children's Day, Dragon Boat Festival, Dragon Boat Festival holiday",Regular,Q2,June,Northern
CHN,2015,7,39149.0,34632.0,3647.0,10975.081,39149.0,2015-07-01,Asia,2.0,"CPC Founding Day, Maritime Day",Summer_Holidays,Q3,July,Northern
CHN,2015,8,41652.0,36614.0,4104.0,11271.739,41652.0,2015-08-01,Asia,3.0,"Army Day, Chinese Valentine's Day, Spirit Festival",Summer_Holidays,Q3,August,Northern
CHN,2015,9,36723.0,32395.0,3537.0,10373.952,36723.0,2015-09-01,Asia,7.0,"Teachers' Day, Victory Day, Mid-Autumn Festival",Regular,Q3,September,Northern
CHN,2015,10,38551.0,33919.0,3751.0,10920.508,38551.0,2015-10-01,Asia,9.0,"Double Ninth Festival, National Day, National Day Golden Week holiday",Regular,Q4,October,Northern
CHN,2015,11,34979.0,30655.0,3485.0,9695.142,34979.0,2015-11-01,Asia,1.0,Journalists' Day,Regular,Q4,November,Northern
CHN,2015,12,35251.0,30719.0,3707.0,9850.045,35251.0,2015-12-01,Asia,1.0,Christmas Day,Winter_Holidays,Q4,December,Northern
CHN,2016,1,37363.0,32321.0,4172.0,10315.3,37363.0,2016-01-01,Asia,3.0,"New Year's Day, New Year's weekend",Winter_Holidays,Q1,January,Northern
CHN,2016,2,38976.0,33613.0,4376.0,10089.191,38976.0,2016-02-01,Asia,10.0,"Lantern Festival, Spring Festival Eve, Chinese New Year",Regular,Q1,February,Northern
CHN,2016,3,38935.0,34018.0,4099.0,10634.503,38935.0,2016-03-01,Asia,3.0,"International Women's Day, Zhonghe Festival, Arbor Day",Spring_Holidays,Q1,March,Northern
CHN,2016,4,39714.0,34635.0,4234.0,10805.483,39714.0,2016-04-01,Asia,4.0,"Qing Ming Jie, Qing Ming Jie holiday, Labour Day Holiday",Spring_Holidays,Q2,April,Northern
CHN,2016,5,38973.0,34078.0,4097.0,10823.959,38973.0,2016-05-01,Asia,3.0,"Youth Day, Labour Day, Labour Day Holiday",Regular,Q2,May,Northern
CHN,2016,6,38303.0,33296.0,4209.0,10459.907,38303.0,2016-06-01,Asia,5.0,"Children's Day, Dragon Boat Festival, Dragon Boat Festival holiday",Regular,Q2,June,Northern
CHN,2016,7,43533.0,37784.0,4903.0,11538.102,43533.0,2016-07-01,Asia,2.0,"CPC Founding Day, Maritime Day",Summer_Holidays,Q3,July,Northern
CHN,2016,8,46420.0,40498.0,5090.0,12163.952,46420.0,2016-08-01,Asia,3.0,"Army Day, Chinese Valentine's Day, Spirit Festival",Summer_Holidays,Q3,August,Northern
CHN,2016,9,41692.0,36734.0,4231.0,11394.134,41692.0,2016-09-01,Asia,5.0,"Teachers' Day, Mid-Autumn Festival, Mid-Autumn Festival holiday",Regular,Q3,September,Northern
CHN,2016,10,43736.0,38828.0,4140.0,11777.953,43736.0,2016-10-01,Asia,10.0,"Double Ninth Festival, National Day, National Day Golden Week holiday",Regular,Q4,October,Northern
CHN,2016,11,39709.0,35191.0,3773.0,10532.771,39709.0,2016-11-01,Asia,1.0,Journalists' Day,Regular,Q4,November,Northern
CHN,2016,12,40407.0,35309.0,4300.0,10872.473,40407.0,2016-12-01,Asia,2.0,"Christmas Day, New Year's weekend",Winter_Holidays,Q4,December,Northern
CHN,2017,1,43931.0,38111.0,4969.0,11490.411,43931.0,2017-01-01,Asia,8.0,"New Year's Day, Spring Festival Eve, Chinese New Year",Winter_Holidays,Q1,January,Northern
CHN,2017,2,42790.0,37428.0,4581.0,10868.589,42790.0,2017-02-01,Asia,5.0,"Lantern Festival, Zhonghe Festival, Spring Festival Golden Week holiday",Regular,Q1,February,Northern
CHN,2017,3,44305.0,39117.0,4399.0,11445.898,44305.0,2017-03-01,Asia,2.0,"International Women's Day, Arbor Day",Spring_Holidays,Q1,March,Northern
CHN,2017,4,44023.0,38920.0,4263.0,10596.192,44023.0,2017-04-01,Asia,6.0,"Qing Ming Jie, Qing Ming Jie holiday, Labour Day Holiday",Spring_Holidays,Q2,April,Northern
CHN,2017,5,44976.0,39894.0,4233.0,11258.273,44976.0,2017-05-01,Asia,6.0,"Youth Day, Labour Day, Dragon Boat Festival",Regular,Q2,May,Northern
CHN,2017,6,43726.0,38613.0,4285.0,11025.036,43726.0,2017-06-01,Asia,1.0,Children's Day,Regular,Q2,June,Northern
CHN,2017,7,48600.0,42726.0,4961.0,11634.965,48600.0,2017-07-01,Asia,2.0,"CPC Founding Day, Maritime Day",Summer_Holidays,Q3,July,Northern
CHN,2017,8,50465.0,44313.0,5227.0,12071.958,50465.0,2017-08-01,Asia,2.0,"Army Day, Chinese Valentine's Day",Summer_Holidays,Q3,August,Northern
CHN,2017,9,46547.0,41182.0,4546.0,11900.042,46547.0,2017-09-01,Asia,3.0,"Spirit Festival, Teachers' Day, Special Working Day",Regular,Q3,September,Northern
CHN,2017,10,48831.0,43254.0,4679.0,12166.475,48831.0,2017-10-01,Asia,10.0,"Double Ninth Festival, National Day, National Day Golden Week holiday",Regular,Q4,October,Northern
CHN,2017,11,46455.0,41370.0,4418.0,11522.258,46455.0,2017-11-01,Asia,1.0,Journalists' Day,Regular,Q4,November,Northern
CHN,2017,12,46656.0,40895.0,4864.0,11656.507,46656.0,2017-12-01,Asia,3.0,"Christmas Day, New Year's weekend",Winter_Holidays,Q4,December,Northern
CHN,2018,1,46469.0,40691.0,4937.0,,46469.0,2018-01-01,Asia,1.0,New Year's Day,Winter_Holidays,Q1,January,Northern
CHN,2018,2,48427.0,42241.0,5258.0,,48427.0,2018-02-01,Asia,9.0,"Spring Festival Eve, Chinese New Year, Spring Festival Golden Week holiday",Regular,Q1,February,Northern
CHN,2018,3,51402.0,45215.0,5292.0,,51402.0,2018-03-01,Asia,4.0,"Lantern Festival, International Women's Day, Arbor Day",Spring_Holidays,Q1,March,Northern
CHN,2018,4,50742.0,44467.0,5337.0,,50742.0,2018-04-01,Asia,7.0,"Qing Ming Jie, Labour Day, Special Working Day",Spring_Holidays,Q2,April,Northern
CHN,2018,5,50128.0,44122.0,5080.0,,50128.0,2018-05-01,Asia,2.0,"Youth Day, Labour Day",Regular,Q2,May,Northern
CHN,2018,6,49379.0,43232.0,5220.0,,49379.0,2018-06-01,Asia,4.0,"Children's Day, Dragon Boat Festival",Regular,Q2,June,Northern
CHN,2018,7,53779.0,47120.0,5662.0,,53779.0,2018-07-01,Asia,2.0,"CPC Founding Day, Maritime Day",Summer_Holidays,Q3,July,Northern
CHN,2018,8,56568.0,49580.0,5941.0,,56568.0,2018-08-01,Asia,3.0,"Army Day, Chinese Valentine's Day, Spirit Festival",Summer_Holidays,Q3,August,Northern
CHN,2018,9,50289.0,44358.0,5028.0,,50289.0,2018-09-01,Asia,6.0,"Teachers' Day, Mid-Autumn Festival, Special Working Day",Regular,Q3,September,Northern
CHN,2018,10,54084.0,47881.0,5251.0,,54084.0,2018-10-01,Asia,8.0,"Double Ninth Festival, National Day, National Day Golden Week holiday",Regular,Q4,October,Northern
CHN,2018,11,50056.0,44079.0,5033.0,,50056.0,2018-11-01,Asia,1.0,Journalists' Day,Regular,Q4,November,Northern
CHN,2018,12,50176.0,43611.0,5593.0,,50176.0,2018-12-01,Asia,4.0,"Christmas Day, New Year's weekend, Special Working Day",Winter_Holidays,Q4,December,Northern
CHN,2019,1,53409.0,46338.0,6075.0,,53409.0,2019-01-01,Asia,1.0,New Year's Day,Winter_Holidays,Q1,January,Northern
CHN,2019,2,53827.0,46839.0,5973.0,,53827.0,2019-02-01,Asia,10.0,"Lantern Festival, Spring Festival Eve, Chinese New Year",Regular,Q1,February,Northern
CHN,2019,3,53504.0,46435.0,6046.0,,53504.0,2019-03-01,Asia,3.0,"International Women's Day, Zhonghe Festival, Arbor Day",Spring_Holidays,Q1,March,Northern
CHN,2019,4,53118.0,45990.0,6080.0,,53118.0,2019-04-01,Asia,4.0,"Qing Ming Jie, Qing Ming Jie holiday, Special Working Day",Spring_Holidays,Q2,April,Northern
CHN,2019,5,54509.0,47417.0,6031.0,,54509.0,2019-05-01,Asia,7.0,"Youth Day, Labour Day, Special Working Day",Regular,Q2,May,Northern
CHN,2019,6,53414.0,46298.0,6081.0,,53414.0,2019-06-01,Asia,4.0,"Children's Day, Dragon Boat Festival",Regular,Q2,June,Northern
CHN,2019,7,59304.0,51612.0,6590.0,,59304.0,2019-07-01,Asia,2.0,"CPC Founding Day, Maritime Day",Summer_Holidays,Q3,July,Northern
COL,2010,1,,,,3138.509,3138.509,2010-01-01,Latin America,2.0,"New Year's Day, Epiphany",Winter_Holidays,Q1,January,Northern
COL,2010,2,,,,2631.436,2631.436,2010-02-01,Latin America,0.0,None,Regular,Q1,February,Northern
COL,2010,3,,,,3067.484,3067.484,2010-03-01,Latin America,2.0,"Women?s Day, Saint Joseph's Day",Spring_Holidays,Q1,March,Northern
COL,2010,4,,,,2869.416,2869.416,2010-04-01,Latin America,6.0,"Language Day, Children?s Day, Secretaries' Day",Spring_Holidays,Q2,April,Northern
COL,2010,5,,,,2990.153,2990.153,2010-05-01,Latin America,4.0,"Mother's Day, Teacher?s Day, Labor Day / May Day",Regular,Q2,May,Northern
COL,2010,6,,,,3268.93,3268.93,2010-06-01,Latin America,3.0,"Father's Day, Corpus Christi, Sacred Heart",Regular,Q2,June,Northern
COL,2010,7,,,,3625.715,3625.715,2010-07-01,Latin America,2.0,"Feast of Saint Peter and Saint Paul, Independence Day",Summer_Holidays,Q3,July,Northern
COL,2010,8,,,,3487.408,3487.408,2010-08-01,Latin America,2.0,"Battle of Boyac? Day, Assumption of Mary",Summer_Holidays,Q3,August,Northern
COL,2010,9,,,,3131.528,3131.528,2010-09-01,Latin America,1.0,Valentine's Day,Regular,Q3,September,Northern
COL,2010,10,,,,3445.008,3445.008,2010-10-01,Latin America,2.0,"Halloween, Columbus Day",Regular,Q4,October,Northern
COL,2010,11,,,,3278.112,3278.112,2010-11-01,Latin America,3.0,"Colombian Women's Day, All Saints' Day, Independence of Cartagena",Regular,Q4,November,Northern
COL,2010,12,,,,3569.685,3569.685,2010-12-01,Latin America,5.0,"Eve of the Feast of the Immaculate Conception, Christmas Eve, New Year's Eve",Winter_Holidays,Q4,December,Northern
COL,2011,1,,,,3524.254,3524.254,2011-01-01,Latin America,2.0,"New Year's Day, Epiphany",Winter_Holidays,Q1,January,Northern
COL,2011,2,,,,2794.013,2794.013,2011-02-01,Latin America,0.0,None,Regular,Q1,February,Northern
COL,2011,3,,,,3158.387,3158.387,2011-03-01,Latin America,2.0,"Women?s Day, Saint Joseph's Day",Spring_Holidays,Q1,March,Northern
COL,2011,4,,,,3104.385,3104.385,2011-04-01,Latin America,6.0,"Language Day, Secretaries' Day, Day of Trees",Spring_Holidays,Q2,April,Northern
COL,2011,5,,,,3178.949,3178.949,2011-05-01,Latin America,3.0,"Mother's Day, Teacher?s Day, Labor Day / May Day",Regular,Q2,May,Northern
COL,2011,6,,,,3367.335,3367.335,2011-06-01,Latin America,3.0,"Father's Day, Ascension Day, Corpus Christi",Regular,Q2,June,Northern
COL,2011,7,,,,3552.486,3552.486,2011-07-01,Latin America,3.0,"Feast of Saint Peter and Saint Paul, Sacred Heart, Independence Day",Summer_Holidays,Q3,July,Northern
COL,2011,8,,,,3503.009,3503.009,2011-08-01,Latin America,2.0,"Battle of Boyac? Day, Assumption of Mary",Summer_Holidays,Q3,August,Northern
COL,2011,9,,,,3284.658,3284.658,2011-09-01,Latin America,1.0,Valentine's Day,Regular,Q3,September,Northern
COL,2011,10,,,,3380.818,3380.818,2011-10-01,Latin America,2.0,"Halloween, Columbus Day",Regular,Q4,October,Northern
COL,2011,11,,,,3459.477,3459.477,2011-11-01,Latin America,3.0,"Colombian Women's Day, All Saints' Day, Independence of Cartagena",Regular,Q4,November,Northern
COL,2011,12,,,,3873.959,3873.959,2011-12-01,Latin America,5.0,"Eve of the Feast of the Immaculate Conception, Christmas Eve, New Year's Eve",Winter_Holidays,Q4,December,Northern
COL,2012,1,,,,3281.442,3281.442,2012-01-01,Latin America,2.0,"New Year's Day, Epiphany",Winter_Holidays,Q1,January,Northern
COL,2012,2,,,,2819.152,2819.152,2012-02-01,Latin America,0.0,None,Regular,Q1,February,Northern
COL,2012,3,,,,3019.948,3019.948,2012-03-01,Latin America,2.0,"Women?s Day, Saint Joseph's Day",Spring_Holidays,Q1,March,Northern
COL,2012,4,,,,3235.742,3235.742,2012-04-01,Latin America,6.0,"Language Day, Secretaries' Day, Children?s Day",Spring_Holidays,Q2,April,Northern
COL,2012,5,,,,3409.4,3409.4,2012-05-01,Latin America,4.0,"Mother's Day, Teacher?s Day, Labor Day / May Day",Regular,Q2,May,Northern
COL,2012,6,,,,3838.119,3838.119,2012-06-01,Latin America,3.0,"Father's Day, Corpus Christi, Sacred Heart",Regular,Q2,June,Northern
COL,2012,7,,,,4198.524,4198.524,2012-07-01,Latin America,2.0,"Feast of Saint Peter and Saint Paul, Independence Day",Summer_Holidays,Q3,July,Northern
COL,2012,8,,,,4224.239,4224.239,2012-08-01,Latin America,2.0,"Battle of Boyac? Day, Assumption of Mary",Summer_Holidays,Q3,August,Northern
COL,2012,9,,,,3426.255,3426.255,2012-09-01,Latin America,1.0,Valentine's Day,Regular,Q3,September,Northern
COL,2012,10,,,,4128.975,4128.975,2012-10-01,Latin America,2.0,"Halloween, Columbus Day",Regular,Q4,October,Northern
COL,2012,11,,,,4148.468,4148.468,2012-11-01,Latin America,3.0,"Colombian Women's Day, All Saints' Day, Independence of Cartagena",Regular,Q4,November,Northern
COL,2012,12,,,,4416.47,4416.47,2012-12-01,Latin America,5.0,"Eve of the Feast of the Immaculate Conception, Christmas Eve, New Year's Eve",Winter_Holidays,Q4,December,Northern
COL,2013,1,,,,4414.95,4414.95,2013-01-01,Latin America,2.0,"New Year's Day, Epiphany",Winter_Holidays,Q1,January,Northern
COL,2013,2,,,,3707.965,3707.965,2013-02-01,Latin America,0.0,None,Regular,Q1,February,Northern
COL,2013,3,,,,4145.797,4145.797,2013-03-01,Latin America,4.0,"Women?s Day, Saint Joseph's Day, Maundy Thursday",Spring_Holidays,Q1,March,Northern
COL,2013,4,,,,3978.985,3978.985,2013-04-01,Latin America,4.0,"Language Day, Secretaries' Day, Children?s Day",Spring_Holidays,Q2,April,Northern
COL,2013,5,,,,4283.78,4283.78,2013-05-01,Latin America,4.0,"Mother's Day, Teacher?s Day, Labor Day / May Day",Regular,Q2,May,Northern
COL,2013,6,,,,4509.645,4509.645,2013-06-01,Latin America,3.0,"Father's Day, Corpus Christi, Sacred Heart",Regular,Q2,June,Northern
COL,2013,8,,,,4686.147,4686.147,2013-08-01,Latin America,2.0,"Battle of Boyac? Day, Assumption of Mary",Summer_Holidays,Q3,August,Northern
COL,2013,9,,,,4276.541,4276.541,2013-09-01,Latin America,1.0,Valentine's Day,Regular,Q3,September,Northern
COL,2013,10,,,,4506.849,4506.849,2013-10-01,Latin America,2.0,"Halloween, Columbus Day",Regular,Q4,October,Northern
COL,2013,11,,,,4515.613,4515.613,2013-11-01,Latin America,3.0,"Colombian Women's Day, All Saints' Day, Independence of Cartagena",Regular,Q4,November,Northern
COL,2013,12,,,,4740.682,4740.682,2013-12-01,Latin America,5.0,"Eve of the Feast of the Immaculate Conception, Christmas Eve, New Year's Eve",Winter_Holidays,Q4,December,Northern
COL,2014,1,,,,3973.67,3973.67,2014-01-01,Latin America,2.0,"New Year's Day, Epiphany",Winter_Holidays,Q1,January,Northern
COL,2014,2,,,,3466.527,3466.527,2014-02-01,Latin America,0.0,None,Regular,Q1,February,Northern
COL,2014,3,,,,3821.723,3821.723,2014-03-01,Latin America,2.0,"Women?s Day, Saint Joseph's Day",Spring_Holidays,Q1,March,Northern
COL,2014,4,,,,3796.853,3796.853,2014-04-01,Latin America,6.0,"Language Day, Children?s Day, Secretaries' Day",Spring_Holidays,Q2,April,Northern
COL,2014,5,,,,3867.364,3867.364,2014-05-01,Latin America,3.0,"Mother's Day, Teacher?s Day, Labor Day / May Day",Regular,Q2,May,Northern
COL,2014,6,,,,4012.733,4012.733,2014-06-01,Latin America,5.0,"Father's Day, Ascension Day, Corpus Christi",Regular,Q2,June,Northern
COL,2014,7,,,,4359.215,4359.215,2014-07-01,Latin America,2.0,"World Cup Public Service Holiday (half day), Independence Day",Summer_Holidays,Q3,July,Northern
COL,2014,8,,,,4336.031,4336.031,2014-08-01,Latin America,2.0,"Battle of Boyac? Day, Assumption of Mary",Summer_Holidays,Q3,August,Northern
COL,2014,9,,,,4174.715,4174.715,2014-09-01,Latin America,1.0,Valentine's Day,Regular,Q3,September,Northern
COL,2014,10,,,,4500.861,4500.861,2014-10-01,Latin America,2.0,"Halloween, Columbus Day",Regular,Q4,October,Northern
COL,2014,11,,,,4306.537,4306.537,2014-11-01,Latin America,3.0,"Colombian Women's Day, All Saints' Day, Independence of Cartagena",Regular,Q4,November,Northern
COL,2014,12,,,,4588.163,4588.163,2014-12-01,Latin America,5.0,"Eve of the Feast of the Immaculate Conception, Christmas Eve, New Year's Eve",Winter_Holidays,Q4,December,Northern
COL,2015,1,,,,4525.23,4525.23,2015-01-01,Latin America,2.0,"New Year's Day, Epiphany",Winter_Holidays,Q1,January,Northern
COL,2015,2,,,,3764.021,3764.021,2015-02-01,Latin America,0.0,None,Regular,Q1,February,Northern
COL,2015,3,,,,4186.099,4186.099,2015-03-01,Latin America,2.0,"Women?s Day, Saint Joseph's Day",Spring_Holidays,Q1,March,Northern
COL,2015,4,,,,4097.414,4097.414,2015-04-01,Latin America,6.0,"Language Day, Children?s Day, Secretaries' Day",Spring_Holidays,Q2,April,Northern
COL,2015,5,,,,5010.684,5010.684,2015-05-01,Latin America,4.0,"Mother's Day, Teacher?s Day, Labor Day / May Day",Regular,Q2,May,Northern
COL,2015,6,,,,5324.238,5324.238,2015-06-01,Latin America,4.0,"Father's Day, Corpus Christi, Sacred Heart",Regular,Q2,June,Northern
COL,2015,7,,,,5657.41,5657.41,2015-07-01,Latin America,1.0,Independence Day,Summer_Holidays,Q3,July,Northern
COL,2015,8,,,,5535.572,5535.572,2015-08-01,Latin America,2.0,"Battle of Boyac? Day, Assumption of Mary",Summer_Holidays,Q3,August,Northern
COL,2015,9,,,,5087.461,5087.461,2015-09-01,Latin America,1.0,Valentine's Day,Regular,Q3,September,Northern
COL,2015,10,,,,5376.436,5376.436,2015-10-01,Latin America,2.0,"Halloween, Columbus Day",Regular,Q4,October,Northern
COL,2015,11,,,,5382.203,5382.203,2015-11-01,Latin America,3.0,"Colombian Women's Day, All Saints' Day, Independence of Cartagena",Regular,Q4,November,Northern
COL,2015,12,,,,5770.429,5770.429,2015-12-01,Latin America,5.0,"Eve of the Feast of the Immaculate Conception, Christmas Eve, New Year's Eve",Winter_Holidays,Q4,December,Northern
COL,2016,1,,,,5641.495,5641.495,2016-01-01,Latin America,2.0,"New Year's Day, Epiphany",Winter_Holidays,Q1,January,Northern
COL,2016,2,,,,4870.248,4870.248,2016-02-01,Latin America,0.0,None,Regular,Q1,February,Northern
COL,2016,3,,,,5225.566,5225.566,2016-03-01,Latin America,4.0,"Women?s Day, Saint Joseph's Day, Maundy Thursday",Spring_Holidays,Q1,March,Northern
COL,2016,4,,,,4775.978,4775.978,2016-04-01,Latin America,4.0,"Language Day, Secretaries' Day, Day of Trees",Spring_Holidays,Q2,April,Northern
COL,2016,5,,,,5203.984,5203.984,2016-05-01,Latin America,5.0,"Mother's Day, Teacher?s Day, Labor Day / May Day",Regular,Q2,May,Northern
COL,2016,6,,,,5569.293,5569.293,2016-06-01,Latin America,2.0,"Father's Day, Sacred Heart",Regular,Q2,June,Northern
CRI,2016,1,,,,463.659,463.659,2016-01-01,Latin America,1.0,New Year's Day,Winter_Holidays,Q1,January,Northern
CRI,2016,2,,,,391.409,391.409,2016-02-01,Latin America,0.0,None,Regular,Q1,February,Northern
CRI,2016,3,,,,447.41,447.41,2016-03-01,Latin America,3.0,"Saint Joseph's Day, Maundy Thursday, Good Friday",Spring_Holidays,Q1,March,Northern
CRI,2016,4,,,,375.242,375.242,2016-04-01,Latin America,1.0,Battle of Rivas,Spring_Holidays,Q2,April,Northern
CRI,2016,5,,,,338.189,338.189,2016-05-01,Latin America,1.0,Labor Day / May Day,Regular,Q2,May,Northern
CRI,2016,6,,,,345.154,345.154,2016-06-01,Latin America,1.0,Father?s Day,Regular,Q2,June,Northern
CRI,2016,7,,,,444.634,444.634,2016-07-01,Latin America,1.0,Annexation of Guanacaste,Summer_Holidays,Q3,July,Northern
CRI,2016,8,,,,357.581,357.581,2016-08-01,Latin America,3.0,"Our Lady of Los ?ngeles, National Parks? Day, Mother's Day",Summer_Holidays,Q3,August,Northern
CRI,2016,9,,,,304.656,304.656,2016-09-01,Latin America,2.0,"Children?s Day, Independence Day",Regular,Q3,September,Northern
CRI,2016,10,,,,299.711,299.711,2016-10-01,Latin America,1.0,Day of the Cultures,Regular,Q4,October,Northern
CRI,2016,11,,,,352.594,352.594,2016-11-01,Latin America,4.0,"All Souls' Day, Teacher?s Day, Tropical Storm Otto",Regular,Q4,November,Northern
CRI,2016,12,,,,473.168,473.168,2016-12-01,Latin America,3.0,"Feast of the Immaculate Conception, New Year?s Eve, Christmas Day",Winter_Holidays,Q4,December,Northern
CRI,2017,1,,,,511.072,511.072,2017-01-01,Latin America,1.0,New Year's Day,Winter_Holidays,Q1,January,Northern
CRI,2017,2,,,,428.66,428.66,2017-02-01,Latin America,0.0,None,Regular,Q1,February,Northern
CRI,2017,3,,,,474.28,474.28,2017-03-01,Latin America,1.0,Saint Joseph's Day,Spring_Holidays,Q1,March,Northern
CRI,2017,4,,,,459.452,459.452,2017-04-01,Latin America,3.0,"Battle of Rivas, Maundy Thursday, Good Friday",Spring_Holidays,Q2,April,Northern
CRI,2017,5,,,,357.514,357.514,2017-05-01,Latin America,1.0,Labor Day / May Day,Regular,Q2,May,Northern
CRI,2017,6,,,,385.334,385.334,2017-06-01,Latin America,1.0,Father?s Day,Regular,Q2,June,Northern
CYM,2015,1,,,,99.766,99.766,2015-01-01,Other,2.0,"New Year's Day, National Heroes Day",Winter_Holidays,Q1,January,Northern
CYM,2015,2,,,,91.843,91.843,2015-02-01,Other,2.0,"Valentine's Day, Ash Wednesday",Regular,Q1,February,Northern
CYM,2015,3,,,,113.249,113.249,2015-03-01,Other,0.0,None,Regular,Q1,March,Northern
CYM,2015,4,,,,100.364,100.364,2015-04-01,Other,3.0,"Easter Sunday, Good Friday, Easter Monday",Spring_Holidays,Q2,April,Northern
CYM,2015,5,,,,90.06,90.06,2015-05-01,Other,2.0,"Mothers' Day, Discovery Day",Regular,Q2,May,Northern
CYM,2015,6,,,,90.047,90.047,2015-06-01,Other,2.0,"Fathers' Day, Queen's Birthday",Regular,Q2,June,Northern
CYM,2015,7,,,,109.177,109.177,2015-07-01,Other,1.0,Constitution Day,Summer_Holidays,Q3,July,Northern
CYM,2015,8,,,,85.165,85.165,2015-08-01,Other,0.0,None,Regular,Q3,August,Northern
CYM,2015,9,,,,58.689,58.689,2015-09-01,Other,0.0,None,Regular,Q3,September,Northern
CYM,2015,10,,,,63.11,63.11,2015-10-01,Other,1.0,Halloween,Regular,Q4,October,Northern
CYM,2015,11,,,,88.059,88.059,2015-11-01,Other,1.0,Remembrance Day,Regular,Q4,November,Northern
CYM,2015,12,,,,101.901,101.901,2015-12-01,Other,5.0,"Christmas Eve, New Year's Eve, Christmas Day",Winter_Holidays,Q4,December,Northern
CYM,2016,1,,,,104.38,104.38,2016-01-01,Other,2.0,"New Year's Day, National Heroes Day",Winter_Holidays,Q1,January,Northern
CYM,2016,2,,,,95.822,95.822,2016-02-01,Other,2.0,"Valentine's Day, Ash Wednesday",Regular,Q1,February,Northern
CYM,2016,3,,,,120.961,120.961,2016-03-01,Other,3.0,"Easter Sunday, Good Friday, Easter Monday",Spring_Holidays,Q1,March,Northern
CYM,2016,4,,,,101.627,101.627,2016-04-01,Other,0.0,None,Regular,Q2,April,Northern
CYM,2016,5,,,,85.525,85.525,2016-05-01,Other,2.0,"Mothers' Day, Discovery Day",Regular,Q2,May,Northern
CYM,2016,6,,,,94.005,94.005,2016-06-01,Other,2.0,"Fathers' Day, Queen's Birthday",Regular,Q2,June,Northern
CYM,2016,7,,,,105.257,105.257,2016-07-01,Other,1.0,Constitution Day,Summer_Holidays,Q3,July,Northern
CYM,2016,8,,,,100.162,100.162,2016-08-01,Other,0.0,None,Regular,Q3,August,Northern
CYM,2016,9,,,,58.929,58.929,2016-09-01,Other,0.0,None,Regular,Q3,September,Northern
CYM,2016,10,,,,69.377,69.377,2016-10-01,Other,1.0,Halloween,Regular,Q4,October,Northern
CYM,2016,11,,,,83.987,83.987,2016-11-01,Other,1.0,Remembrance Day,Regular,Q4,November,Northern
CYM,2016,12,,,,107.29,107.29,2016-12-01,Other,5.0,"Christmas Eve, New Year's Eve, Christmas Day",Winter_Holidays,Q4,December,Northern
CYP,2010,1,278.911,,278.911,281.76,278.911,2010-01-01,Other,2.0,"New Year's Day, Epiphany",Winter_Holidays,Q1,January,Northern
CYP,2010,2,258.954,0.001,258.953,259.877,258.954,2010-02-01,Other,1.0,Green Monday,Regular,Q1,February,Northern
CYP,2010,3,387.542,,387.542,389.533,387.542,2010-03-01,Other,1.0,Greek Independence Day,Spring_Holidays,Q1,March,Northern
CYP,2010,4,462.592,0.006,462.586,468.948,462.592,2010-04-01,Other,6.0,"Holy Saturday (Orthodox), Easter Sunday (Orthodox), Cyprus National Holiday",Spring_Holidays,Q2,April,Northern
CYP,2010,5,672.133,0.01,672.123,678.34,672.133,2010-05-01,Other,2.0,"Labour Day/May Day, Orthodox Pentecost Monday",Regular,Q2,May,Northern
CYP,2010,6,758.152,0.004,758.148,761.16,758.152,2010-06-01,Other,0.0,None,Regular,Q2,June,Northern
CYP,2010,7,889.878,0.416,889.462,892.934,889.878,2010-07-01,Other,0.0,None,Regular,Q3,July,Northern
CYP,2010,8,982.499,,982.499,983.16,982.499,2010-08-01,Other,1.0,Assumption of the Virgin Mary,Summer_Holidays,Q3,August,Northern
CYP,2010,9,824.678,0.234,824.444,828.561,824.678,2010-09-01,Other,0.0,None,Regular,Q3,September,Northern
CYP,2010,10,760.881,0.019,760.862,764.479,760.881,2010-10-01,Other,2.0,"Cyprus Independence Day, Ochi Day",Regular,Q4,October,Northern
CYP,2010,11,374.529,,374.529,380.399,374.529,2010-11-01,Other,0.0,None,Regular,Q4,November,Northern
CYP,2010,12,297.539,,297.539,304.163,297.539,2010-12-01,Other,4.0,"Christmas Eve, New Year's Eve, Christmas Day",Winter_Holidays,Q4,December,Northern
CYP,2011,1,274.777,0.009,274.768,281.526,274.777,2011-01-01,Other,2.0,"New Year's Day, Epiphany",Winter_Holidays,Q1,January,Northern
CYP,2011,2,256.35,0.088,256.262,261.583,256.35,2011-02-01,Other,0.0,None,Regular,Q1,February,Northern
CYP,2011,3,350.331,0.002,350.329,355.997,350.331,2011-03-01,Other,2.0,"Green Monday, Greek Independence Day",Spring_Holidays,Q1,March,Northern
CYP,2011,4,569.003,,569.003,577.73,569.003,2011-04-01,Other,6.0,"Holy Saturday (Orthodox), Easter Sunday (Orthodox), Cyprus National Holiday",Spring_Holidays,Q2,April,Northern
CYP,2011,5,697.392,,697.392,704.902,697.392,2011-05-01,Other,1.0,Labour Day/May Day,Regular,Q2,May,Northern
CYP,2011,6,798.809,,798.809,809.601,798.809,2011-06-01,Other,1.0,Orthodox Pentecost Monday,Regular,Q2,June,Northern
CYP,2011,7,969.82,,969.82,982.478,969.82,2011-07-01,Other,0.0,None,Regular,Q3,July,Northern
CYP,2011,8,1015.203,0.122,1015.081,1023.013,1015.203,2011-08-01,Other,1.0,Assumption of the Virgin Mary,Summer_Holidays,Q3,August,Northern
CYP,2011,9,837.728,,837.728,845.308,837.728,2011-09-01,Other,0.0,None,Regular,Q3,September,Northern
CYP,2011,10,770.287,0.008,770.279,779.414,770.287,2011-10-01,Other,2.0,"Cyprus Independence Day, Ochi Day",Regular,Q4,October,Northern
CYP,2011,11,363.486,,363.486,370.86,363.486,2011-11-01,Other,0.0,None,Regular,Q4,November,Northern
CYP,2011,12,287.201,,287.201,294.248,287.201,2011-12-01,Other,4.0,"Christmas Eve, New Year's Eve, Christmas Day",Winter_Holidays,Q4,December,Northern
CYP,2012,1,264.784,,264.784,268.44,264.784,2012-01-01,Other,2.0,"New Year's Day, Epiphany",Winter_Holidays,Q1,January,Northern
CYP,2012,2,255.273,,255.273,259.087,255.273,2012-02-01,Other,1.0,Green Monday,Regular,Q1,February,Northern
CYP,2012,3,326.936,,326.936,332.808,326.936,2012-03-01,Other,1.0,Greek Independence Day,Spring_Holidays,Q1,March,Northern
CYP,2012,4,560.623,0.004,560.619,568.876,560.623,2012-04-01,Other,6.0,"Holy Saturday (Orthodox), Easter Sunday (Orthodox), Cyprus National Holiday",Spring_Holidays,Q2,April,Northern
CYP,2012,5,698.223,0.002,698.221,705.24,698.223,2012-05-01,Other,1.0,Labour Day/May Day,Regular,Q2,May,Northern
CYP,2012,6,853.578,0.001,853.577,862.874,853.578,2012-06-01,Other,1.0,Orthodox Pentecost Monday,Regular,Q2,June,Northern
CYP,2012,7,991.33,0.005,991.325,998.454,991.33,2012-07-01,Other,0.0,None,Regular,Q3,July,Northern
CYP,2012,8,1038.076,0.002,1038.074,1045.916,1038.076,2012-08-01,Other,1.0,Assumption of the Virgin Mary,Summer_Holidays,Q3,August,Northern
CYP,2012,9,910.215,0.042,910.173,918.102,910.215,2012-09-01,Other,0.0,None,Regular,Q3,September,Northern
CYP,2012,10,803.838,0.001,803.837,813.618,803.838,2012-10-01,Other,2.0,"Cyprus Independence Day, Ochi Day",Regular,Q4,October,Northern
CYP,2012,11,352.527,,352.527,358.83,352.527,2012-11-01,Other,0.0,None,Regular,Q4,November,Northern
CYP,2012,12,272.897,,272.897,276.776,272.897,2012-12-01,Other,4.0,"Christmas Eve, New Year's Eve, Christmas Day",Winter_Holidays,Q4,December,Northern
CYP,2013,1,232.222,,232.222,240.278,232.222,2013-01-01,Other,2.0,"New Year's Day, Epiphany",Winter_Holidays,Q1,January,Northern
CYP,2013,2,204.904,,204.904,212.038,204.904,2013-02-01,Other,0.0,None,Regular,Q1,February,Northern
CYP,2013,3,313.984,,313.984,324.235,313.984,2013-03-01,Other,2.0,"Green Monday, Greek Independence Day",Spring_Holidays,Q1,March,Northern
CYP,2013,4,468.845,,468.845,476.432,468.845,2013-04-01,Other,1.0,Cyprus National Holiday,Spring_Holidays,Q2,April,Northern
CYP,2013,5,738.059,,738.059,748.66,738.059,2013-05-01,Other,6.0,"Holy Saturday (Orthodox), Easter Sunday (Orthodox), Labour Day/May Day",Regular,Q2,May,Northern
CYP,2013,6,840.135,,840.135,848.898,840.135,2013-06-01,Other,1.0,Orthodox Pentecost Monday,Regular,Q2,June,Northern
CYP,2013,7,940.066,,940.066,950.502,940.066,2013-07-01,Other,0.0,None,Regular,Q3,July,Northern
CYP,2013,8,972.178,,972.178,980.957,972.178,2013-08-01,Other,1.0,Assumption of the Virgin Mary,Summer_Holidays,Q3,August,Northern
CYP,2013,9,894.754,,894.754,900.992,894.754,2013-09-01,Other,0.0,None,Regular,Q3,September,Northern
CYP,2013,10,790.568,,790.568,796.082,790.568,2013-10-01,Other,2.0,"Cyprus Independence Day, Ochi Day",Regular,Q4,October,Northern
CYP,2013,11,348.935,,348.935,353.936,348.935,2013-11-01,Other,0.0,None,Regular,Q4,November,Northern
CYP,2013,12,266.787,,266.787,272.61,266.787,2013-12-01,Other,4.0,"Christmas Eve, New Year's Eve, Christmas Day",Winter_Holidays,Q4,December,Northern
CYP,2014,1,246.258,,246.258,253.432,246.258,2014-01-01,Other,2.0,"New Year's Day, Epiphany",Winter_Holidays,Q1,January,Northern
CYP,2014,2,229.216,,229.216,235.599,229.216,2014-02-01,Other,0.0,None,Regular,Q1,February,Northern
CYP,2014,3,306.09,,306.09,312.209,306.09,2014-03-01,Other,2.0,"Green Monday, Greek Independence Day",Spring_Holidays,Q1,March,Northern
CYP,2014,4,534.378,,534.378,538.616,534.378,2014-04-01,Other,6.0,"Holy Saturday (Orthodox), Easter Sunday (Orthodox), Cyprus National Holiday",Spring_Holidays,Q2,April,Northern
CYP,2014,5,745.245,0.005,745.24,749.666,745.245,2014-05-01,Other,1.0,Labour Day/May Day,Regular,Q2,May,Northern
CYP,2014,6,873.571,,873.571,878.936,873.571,2014-06-01,Other,1.0,Orthodox Pentecost Monday,Regular,Q2,June,Northern
CYP,2014,7,1008.904,,1008.904,1016.96,1008.904,2014-07-01,Other,0.0,None,Regular,Q3,July,Northern
CYP,2014,8,1063.336,,1063.336,1077.909,1063.336,2014-08-01,Other,1.0,Assumption of the Virgin Mary,Summer_Holidays,Q3,August,Northern
CYP,2014,9,881.034,,881.034,892.052,881.034,2014-09-01,Other,0.0,None,Regular,Q3,September,Northern
CYP,2014,10,772.63,,772.63,780.754,772.63,2014-10-01,Other,2.0,"Cyprus Independence Day, Ochi Day",Regular,Q4,October,Northern
CYP,2014,11,370.76,,370.76,376.193,370.76,2014-11-01,Other,0.0,None,Regular,Q4,November,Northern
CYP,2014,12,297.124,,297.124,303.658,297.124,2014-12-01,Other,4.0,"Christmas Eve, New Year's Eve, Christmas Day",Winter_Holidays,Q4,December,Northern
CYP,2015,1,266.901,,266.901,273.334,266.901,2015-01-01,Other,2.0,"New Year's Day, Epiphany",Winter_Holidays,Q1,January,Northern
CYP,2015,2,245.305,,245.305,251.41,245.305,2015-02-01,Other,1.0,Green Monday,Regular,Q1,February,Northern
CYP,2015,3,341.318,,341.318,347.353,341.318,2015-03-01,Other,1.0,Greek Independence Day,Spring_Holidays,Q1,March,Northern
CYP,2015,4,566.41,,566.41,572.917,566.41,2015-04-01,Other,6.0,"Holy Saturday (Orthodox), Easter Sunday (Orthodox), Cyprus National Holiday",Spring_Holidays,Q2,April,Northern
CYP,2015,5,761.1,,761.1,769.18,761.1,2015-05-01,Other,1.0,Labour Day/May Day,Regular,Q2,May,Northern
CYP,2015,6,848.491,,848.491,856.441,848.491,2015-06-01,Other,1.0,Orthodox Pentecost Monday,Regular,Q2,June,Northern
CYP,2015,7,1042.322,,1042.322,1053.556,1042.322,2015-07-01,Other,0.0,None,Regular,Q3,July,Northern
CYP,2015,8,1092.384,,1092.384,1102.233,1092.384,2015-08-01,Other,1.0,Assumption of the Virgin Mary,Summer_Holidays,Q3,August,Northern
CYP,2015,9,938.495,,938.495,948.626,938.495,2015-09-01,Other,0.0,None,Regular,Q3,September,Northern
CYP,2015,10,762.881,,762.881,774.69,762.881,2015-10-01,Other,2.0,"Cyprus Independence Day, Ochi Day",Regular,Q4,October,Northern
CYP,2015,11,405.956,,405.956,413.883,405.956,2015-11-01,Other,0.0,None,Regular,Q4,November,Northern
CYP,2015,12,319.224,,319.224,325.986,319.224,2015-12-01,Other,4.0,"Christmas Eve, New Year's Eve, Christmas Day",Winter_Holidays,Q4,December,Northern
CYP,2016,1,290.9,,290.9,297.991,290.9,2016-01-01,Other,2.0,"New Year's Day, Epiphany",Winter_Holidays,Q1,January,Northern
CYP,2016,2,283.688,,283.688,290.691,283.688,2016-02-01,Other,0.0,None,Regular,Q1,February,Northern
CYP,2016,3,416.466,,416.466,419.899,416.466,2016-03-01,Other,2.0,"Green Monday, Greek Independence Day",Spring_Holidays,Q1,March,Northern
CYP,2016,4,602.24,,602.24,608.303,602.24,2016-04-01,Other,3.0,"Holy Saturday (Orthodox), Cyprus National Holiday, Good Friday (Orthodox)",Spring_Holidays,Q2,April,Northern
CYP,2016,5,901.195,,901.195,908.572,901.195,2016-05-01,Other,4.0,"Easter Sunday (Orthodox), Labour Day/May Day, Easter Monday (Orthodox)",Regular,Q2,May,Northern
CYP,2016,6,1011.528,,1011.528,1021.357,1011.528,2016-06-01,Other,1.0,Orthodox Pentecost Monday,Regular,Q2,June,Northern
CYP,2016,7,1218.73,,1218.73,1229.974,1218.73,2016-07-01,Other,0.0,None,Regular,Q3,July,Northern
CYP,2016,8,1260.117,,1260.117,1269.366,1260.117,2016-08-01,Other,1.0,Assumption of the Virgin Mary,Summer_Holidays,Q3,August,Northern
CYP,2016,9,1096.334,,1096.334,1105.379,1096.334,2016-09-01,Other,0.0,None,Regular,Q3,September,Northern
CYP,2016,10,1007.761,,1007.761,1009.258,1007.761,2016-10-01,Other,2.0,"Cyprus Independence Day, Ochi Day",Regular,Q4,October,Northern
CYP,2016,11,485.768,,485.768,490.476,485.768,2016-11-01,Other,0.0,None,Regular,Q4,November,Northern
CYP,2016,12,387.09,,387.09,396.93,387.09,2016-12-01,Other,4.0,"Christmas Eve, New Year's Eve, Christmas Day",Winter_Holidays,Q4,December,Northern
CYP,2017,1,364.542,,364.542,365.261,364.542,2017-01-01,Other,2.0,"New Year's Day, Epiphany",Winter_Holidays,Q1,January,Northern
CYP,2017,2,347.714,,347.714,348.057,347.714,2017-02-01,Other,1.0,Green Monday,Regular,Q1,February,Northern
CYP,2017,3,466.747,,466.747,468.97,466.747,2017-03-01,Other,1.0,Greek Independence Day,Spring_Holidays,Q1,March,Northern
CYP,2017,4,780.519,,780.519,781.181,780.519,2017-04-01,Other,6.0,"Holy Saturday (Orthodox), Easter Sunday (Orthodox), Cyprus National Holiday",Spring_Holidays,Q2,April,Northern
CYP,2017,5,1011.924,,1011.924,1012.982,1011.924,2017-05-01,Other,1.0,Labour Day/May Day,Regular,Q2,May,Northern
CYP,2017,6,1159.991,0.002,1159.989,1160.748,1159.991,2017-06-01,Other,1.0,Orthodox Pentecost Monday,Regular,Q2,June,Northern
CYP,2017,7,1361.752,,1361.752,1363.165,1361.752,2017-07-01,Other,0.0,None,Regular,Q3,July,Northern
CYP,2017,8,1403.953,,1403.953,1405.246,1403.953,2017-08-01,Other,1.0,Assumption of the Virgin Mary,Summer_Holidays,Q3,August,Northern
CYP,2017,9,1242.078,,1242.078,1243.492,1242.078,2017-09-01,Other,0.0,None,Regular,Q3,September,Northern
CYP,2017,10,1129.451,0.003,1129.448,1137.994,1129.451,2017-10-01,Other,2.0,"Cyprus Independence Day, Ochi Day",Regular,Q4,October,Northern
CYP,2017,11,547.681,,547.681,548.728,547.681,2017-11-01,Other,0.0,None,Regular,Q4,November,Northern
CYP,2017,12,422.561,,422.561,431.306,422.561,2017-12-01,Other,4.0,"Christmas Eve, New Year's Eve, Christmas Day",Winter_Holidays,Q4,December,Northern
CYP,2018,1,387.747,,387.747,,387.747,2018-01-01,Other,2.0,"New Year's Day, Epiphany",Winter_Holidays,Q1,January,Northern
CYP,2018,2,386.143,,386.143,,386.143,2018-02-01,Other,1.0,Green Monday,Regular,Q1,February,Northern
CYP,2018,3,559.023,,559.023,,559.023,2018-03-01,Other,1.0,Greek Independence Day,Spring_Holidays,Q1,March,Northern
CYP,2018,4,847.806,,847.806,,847.806,2018-04-01,Other,6.0,"Holy Saturday (Orthodox), Easter Sunday (Orthodox), Cyprus National Holiday",Spring_Holidays,Q2,April,Northern
CYP,2018,5,1084.157,,1084.157,,1084.157,2018-05-01,Other,2.0,"Labour Day/May Day, Orthodox Pentecost Monday",Regular,Q2,May,Northern
CYP,2018,6,1253.226,,1253.226,,1253.226,2018-06-01,Other,0.0,None,Regular,Q2,June,Northern
CYP,2018,7,1413.909,,1413.909,,1413.909,2018-07-01,Other,0.0,None,Regular,Q3,July,Northern
CYP,2018,8,1471.489,0.001,1471.488,,1471.489,2018-08-01,Other,1.0,Assumption of the Virgin Mary,Summer_Holidays,Q3,August,Northern
CYP,2018,9,1313.899,,1313.899,,1313.899,2018-09-01,Other,0.0,None,Regular,Q3,September,Northern
CYP,2018,10,1165.086,,1165.086,,1165.086,2018-10-01,Other,2.0,"Cyprus Independence Day, Ochi Day",Regular,Q4,October,Northern
CYP,2018,11,580.128,,580.128,,580.128,2018-11-01,Other,0.0,None,Regular,Q4,November,Northern
CYP,2018,12,464.488,,464.488,,464.488,2018-12-01,Other,4.0,"Christmas Eve, New Year's Eve, Christmas Day",Winter_Holidays,Q4,December,Northern
CZE,2010,1,714.916,14.299,700.617,689.454,714.916,2010-01-01,Europe,2.0,"New Year's Day, Restoration of the Czech Independence Day",Winter_Holidays,Q1,January,Northern
CZE,2010,2,685.925,14.701,671.224,665.586,685.925,2010-02-01,Europe,1.0,St. Valentine's Day,Regular,Q1,February,Northern
CZE,2010,3,887.087,17.856,869.231,859.495,887.087,2010-03-01,Europe,1.0,International Women's Day,Spring_Holidays,Q1,March,Northern
CZE,2010,4,816.449,13.784,802.665,786.253,816.449,2010-04-01,Europe,1.0,Easter Monday,Spring_Holidays,Q2,April,Northern
CZE,2010,5,1050.3,20.371,1029.929,1006.893,1050.3,2010-05-01,Europe,3.0,"Mother's Day, Labor Day / May Day, Victory in Europe Day",Regular,Q2,May,Northern
CZE,2010,6,1203.284,22.989,1180.295,1112.911,1203.284,2010-06-01,Europe,2.0,"Children's Day, Father's Day",Regular,Q2,June,Northern
CZE,2010,7,1412.454,19.079,1393.375,1289.152,1412.454,2010-07-01,Europe,2.0,"Saints Cyril and Methodius, Jan Hus Day",Summer_Holidays,Q3,July,Northern
CZE,2010,8,1431.857,18.727,1413.13,1308.083,1431.857,2010-08-01,Europe,0.0,None,Regular,Q3,August,Northern
CZE,2010,9,1316.832,24.923,1291.909,1219.848,1316.832,2010-09-01,Europe,1.0,St. Wenceslas Day,Regular,Q3,September,Northern
CZE,2010,10,1128.032,20.363,1107.669,1083.435,1128.032,2010-10-01,Europe,1.0,Independent Czechoslovak State Day,Regular,Q4,October,Northern
CZE,2010,11,824.18,10.772,813.408,793.16,824.18,2010-11-01,Europe,1.0,Struggle for Freedom and Democracy Day,Regular,Q4,November,Northern
CZE,2010,12,771.07,7.637,763.433,742.588,771.07,2010-12-01,Europe,3.0,"Christmas Eve, Christmas Day, St. Stephen's Day",Winter_Holidays,Q4,December,Northern
CZE,2011,1,690.029,8.329,681.7,658.082,690.029,2011-01-01,Europe,2.0,"New Year's Day, Restoration of the Czech Independence Day",Winter_Holidays,Q1,January,Northern
CZE,2011,2,657.122,9.598,647.524,641.394,657.122,2011-02-01,Europe,1.0,St. Valentine's Day,Regular,Q1,February,Northern
CZE,2011,3,868.443,10.187,858.256,834.973,868.443,2011-03-01,Europe,1.0,International Women's Day,Spring_Holidays,Q1,March,Northern
CZE,2011,4,1048.932,9.91,1039.022,1003.604,1048.932,2011-04-01,Europe,1.0,Easter Monday,Spring_Holidays,Q2,April,Northern
CZE,2011,5,1138.954,12.844,1126.11,1079.858,1138.954,2011-05-01,Europe,3.0,"Mother's Day, Labor Day / May Day, Victory in Europe Day",Regular,Q2,May,Northern
CZE,2011,6,1294.393,13.521,1280.872,1180.733,1294.393,2011-06-01,Europe,2.0,"Children's Day, Father's Day",Regular,Q2,June,Northern
CZE,2011,7,1479.115,13.216,1465.899,1324.531,1479.115,2011-07-01,Europe,2.0,"Saints Cyril and Methodius, Jan Hus Day",Summer_Holidays,Q3,July,Northern
CZE,2011,8,1462.876,9.817,1453.059,1310.674,1462.876,2011-08-01,Europe,0.0,None,Regular,Q3,August,Northern
CZE,2011,9,1335.896,10.133,1325.763,1218.856,1335.896,2011-09-01,Europe,1.0,St. Wenceslas Day,Regular,Q3,September,Northern
CZE,2011,10,1096.052,9.795,1086.257,1033.737,1096.052,2011-10-01,Europe,1.0,Independent Czechoslovak State Day,Regular,Q4,October,Northern
CZE,2011,11,793.317,8.117,785.2,755.445,793.317,2011-11-01,Europe,1.0,Struggle for Freedom and Democracy Day,Regular,Q4,November,Northern
CZE,2011,12,785.403,6.514,778.889,746.742,785.403,2011-12-01,Europe,3.0,"Christmas Eve, Christmas Day, St. Stephen's Day",Winter_Holidays,Q4,December,Northern
CZE,2012,1,691.746,6.626,685.12,675.37,691.746,2012-01-01,Europe,2.0,"New Year's Day, Restoration of the Czech Independence Day",Winter_Holidays,Q1,January,Northern
CZE,2012,2,637.832,7.132,630.7,661.083,637.832,2012-02-01,Europe,1.0,St. Valentine's Day,Regular,Q1,February,Northern
CZE,2012,3,826.374,7.888,818.486,810.401,826.374,2012-03-01,Europe,1.0,International Women's Day,Spring_Holidays,Q1,March,Northern
CZE,2012,4,936.613,6.237,930.376,912.24,936.613,2012-04-01,Europe,1.0,Easter Monday,Spring_Holidays,Q2,April,Northern
CZE,2012,5,987.057,7.988,979.069,961.319,987.057,2012-05-01,Europe,3.0,"Mother's Day, Labor Day / May Day, Victory in Europe Day",Regular,Q2,May,Northern
CZE,2012,6,1194.962,9.978,1184.984,1143.314,1194.962,2012-06-01,Europe,2.0,"Children's Day, Father's Day",Regular,Q2,June,Northern
CZE,2012,7,1349.272,8.117,1341.155,1277.735,1349.272,2012-07-01,Europe,2.0,"Saints Cyril and Methodius, Jan Hus Day",Summer_Holidays,Q3,July,Northern
CZE,2012,8,1363.301,8.119,1355.182,1295.939,1363.301,2012-08-01,Europe,0.0,None,Regular,Q3,August,Northern
CZE,2012,9,1267.467,9.574,1257.893,1216.663,1267.467,2012-09-01,Europe,1.0,St. Wenceslas Day,Regular,Q3,September,Northern
CZE,2012,10,986.916,7.956,978.96,963.757,986.916,2012-10-01,Europe,1.0,Independent Czechoslovak State Day,Regular,Q4,October,Northern
CZE,2012,11,760.685,6.715,753.97,739.913,760.685,2012-11-01,Europe,1.0,Struggle for Freedom and Democracy Day,Regular,Q4,November,Northern
CZE,2012,12,740.127,4.231,735.896,719.421,740.127,2012-12-01,Europe,3.0,"Christmas Eve, Christmas Day, St. Stephen's Day",Winter_Holidays,Q4,December,Northern
CZE,2013,1,620.302,3.659,616.643,594.445,620.302,2013-01-01,Europe,2.0,"New Year's Day, Restoration of the Czech Independence Day",Winter_Holidays,Q1,January,Northern
CZE,2013,2,582.934,3.963,578.971,568.43,582.934,2013-02-01,Europe,1.0,St. Valentine's Day,Regular,Q1,February,Northern
CZE,2013,3,811.521,4.872,806.649,788.173,811.521,2013-03-01,Europe,1.0,International Women's Day,Spring_Holidays,Q1,March,Northern
CZE,2013,4,917.915,5.106,912.809,889.076,917.915,2013-04-01,Europe,1.0,Easter Monday,Spring_Holidays,Q2,April,Northern
CZE,2013,5,1030.865,6.211,1024.654,1000.817,1030.865,2013-05-01,Europe,3.0,"Mother's Day, Labor Day / May Day, Victory in Europe Day",Regular,Q2,May,Northern
CZE,2013,6,1243.394,11.95,1231.444,1188.852,1243.394,2013-06-01,Europe,2.0,"Children's Day, Father's Day",Regular,Q2,June,Northern
CZE,2013,7,1415.407,12.018,1403.389,1336.984,1415.407,2013-07-01,Europe,2.0,"Saints Cyril and Methodius, Jan Hus Day",Summer_Holidays,Q3,July,Northern
CZE,2013,8,1434.105,10.879,1423.226,1360.27,1434.105,2013-08-01,Europe,0.0,None,Regular,Q3,August,Northern
CZE,2013,9,1299.13,9.937,1289.193,1246.889,1299.13,2013-09-01,Europe,1.0,St. Wenceslas Day,Regular,Q3,September,Northern
CZE,2013,10,1016.833,6.566,1010.267,988.805,1016.833,2013-10-01,Europe,1.0,Independent Czechoslovak State Day,Regular,Q4,October,Northern
CZE,2013,11,761.934,4.663,757.271,740.103,761.934,2013-11-01,Europe,1.0,Struggle for Freedom and Democracy Day,Regular,Q4,November,Northern
CZE,2013,12,757.472,3.141,754.331,734.379,757.472,2013-12-01,Europe,3.0,"Christmas Eve, Christmas Day, St. Stephen's Day",Winter_Holidays,Q4,December,Northern
CZE,2014,1,648.635,2.81,645.825,621.049,648.635,2014-01-01,Europe,2.0,"New Year's Day, Restoration of the Czech Independence Day",Winter_Holidays,Q1,January,Northern
CZE,2014,2,606.615,3.204,603.411,590.221,606.615,2014-02-01,Europe,1.0,St. Valentine's Day,Regular,Q1,February,Northern
CZE,2014,3,810.876,5.449,805.427,786.05,810.876,2014-03-01,Europe,1.0,International Women's Day,Spring_Holidays,Q1,March,Northern
CZE,2014,4,948.014,6.46,941.554,920.401,948.014,2014-04-01,Europe,1.0,Easter Monday,Spring_Holidays,Q2,April,Northern
CZE,2014,5,1037.45,7.298,1030.152,1006.724,1037.45,2014-05-01,Europe,3.0,"Mother's Day, Labor Day / May Day, Victory in Europe Day",Regular,Q2,May,Northern
CZE,2014,6,1265.173,11.404,1253.769,1211.929,1265.173,2014-06-01,Europe,2.0,"Children's Day, Father's Day",Regular,Q2,June,Northern
CZE,2014,7,1392.495,11.114,1381.381,1317.249,1392.495,2014-07-01,Europe,2.0,"Saints Cyril and Methodius, Jan Hus Day",Summer_Holidays,Q3,July,Northern
CZE,2014,8,1429.282,10.244,1419.038,1353.963,1429.282,2014-08-01,Europe,0.0,None,Regular,Q3,August,Northern
CZE,2014,9,1317.82,11.73,1306.09,1266.11,1317.82,2014-09-01,Europe,1.0,St. Wenceslas Day,Regular,Q3,September,Northern
CZE,2014,10,1041.2,8.196,1033.004,1016.346,1041.2,2014-10-01,Europe,1.0,Independent Czechoslovak State Day,Regular,Q4,October,Northern
CZE,2014,11,799.675,6.619,793.056,778.583,799.675,2014-11-01,Europe,1.0,Struggle for Freedom and Democracy Day,Regular,Q4,November,Northern
CZE,2014,12,782.638,4.34,778.298,767.435,782.638,2014-12-01,Europe,3.0,"Christmas Eve, Christmas Day, St. Stephen's Day",Winter_Holidays,Q4,December,Northern
CZE,2015,1,649.303,5.012,644.291,631.663,649.303,2015-01-01,Europe,2.0,"New Year's Day, Restoration of the Czech Independence Day",Winter_Holidays,Q1,January,Northern
CZE,2015,2,638.12,5.678,632.442,624.673,638.12,2015-02-01,Europe,1.0,St. Valentine's Day,Regular,Q1,February,Northern
CZE,2015,3,821.51,6.772,814.738,805.56,821.51,2015-03-01,Europe,1.0,International Women's Day,Spring_Holidays,Q1,March,Northern
CZE,2015,4,956.678,8.135,948.543,950.573,956.678,2015-04-01,Europe,1.0,Easter Monday,Spring_Holidays,Q2,April,Northern
CZE,2015,5,1092.539,10.57,1081.969,1089.64,1092.539,2015-05-01,Europe,3.0,"Mother's Day, Labor Day / May Day, Victory in Europe Day",Regular,Q2,May,Northern
CZE,2015,6,1328.075,12.895,1315.18,1298.202,1328.075,2015-06-01,Europe,2.0,"Children's Day, Father's Day",Regular,Q2,June,Northern
CZE,2015,7,1494.935,12.613,1482.322,1451.92,1494.935,2015-07-01,Europe,2.0,"Saints Cyril and Methodius, Jan Hus Day",Summer_Holidays,Q3,July,Northern
CZE,2015,8,1506.583,12.301,1494.282,1464.237,1506.583,2015-08-01,Europe,0.0,None,Regular,Q3,August,Northern
CZE,2015,9,1358.21,12.29,1345.92,1335.932,1358.21,2015-09-01,Europe,1.0,St. Wenceslas Day,Regular,Q3,September,Northern
CZE,2015,10,1089.549,9.474,1080.075,1092.174,1089.549,2015-10-01,Europe,1.0,Independent Czechoslovak State Day,Regular,Q4,October,Northern
CZE,2015,11,871.581,7.065,864.516,873.381,871.581,2015-11-01,Europe,1.0,Struggle for Freedom and Democracy Day,Regular,Q4,November,Northern
CZE,2015,12,864.921,4.951,859.97,879.019,864.921,2015-12-01,Europe,3.0,"Christmas Eve, Christmas Day, St. Stephen's Day",Winter_Holidays,Q4,December,Northern
CZE,2016,1,711.611,5.173,706.438,707.806,711.611,2016-01-01,Europe,2.0,"New Year's Day, Restoration of the Czech Independence Day",Winter_Holidays,Q1,January,Northern
CZE,2016,2,722.37,4.858,717.512,718.171,722.37,2016-02-01,Europe,1.0,St. Valentine's Day,Regular,Q1,February,Northern
CZE,2016,3,907.73,5.612,902.118,907.18,907.73,2016-03-01,Europe,3.0,"International Women's Day, Good Friday, Easter Monday",Spring_Holidays,Q1,March,Northern
CZE,2016,4,975.675,5.328,970.347,974.703,975.675,2016-04-01,Europe,0.0,None,Regular,Q2,April,Northern
CZE,2016,5,1103.672,6.672,1097.0,1097.667,1103.672,2016-05-01,Europe,3.0,"Mother's Day, Labor Day / May Day, Victory in Europe Day",Regular,Q2,May,Northern
CZE,2016,6,1348.177,8.504,1339.673,1320.635,1348.177,2016-06-01,Europe,2.0,"Children's Day, Father's Day",Regular,Q2,June,Northern
CZE,2016,7,1584.206,9.251,1574.955,1536.691,1584.206,2016-07-01,Europe,2.0,"Saints Cyril and Methodius, Jan Hus Day",Summer_Holidays,Q3,July,Northern
CZE,2016,8,1573.745,8.486,1565.259,1528.876,1573.745,2016-08-01,Europe,0.0,None,Regular,Q3,August,Northern
CZE,2016,9,1478.105,9.657,1468.448,1453.179,1478.105,2016-09-01,Europe,1.0,St. Wenceslas Day,Regular,Q3,September,Northern
CZE,2016,10,1225.588,8.023,1217.565,1219.937,1225.588,2016-10-01,Europe,1.0,Independent Czechoslovak State Day,Regular,Q4,October,Northern
CZE,2016,11,994.899,6.43,988.469,987.87,994.899,2016-11-01,Europe,1.0,Struggle for Freedom and Democracy Day,Regular,Q4,November,Northern
CZE,2016,12,1046.584,4.644,1041.94,1040.247,1046.584,2016-12-01,Europe,3.0,"Christmas Eve, Christmas Day, St. Stephen's Day",Winter_Holidays,Q4,December,Northern
CZE,2017,1,868.566,5.24,863.326,871.484,868.566,2017-01-01,Europe,2.0,"New Year's Day, Restoration of the Czech Independence Day",Winter_Holidays,Q1,January,Northern
CZE,2017,2,849.582,4.675,844.907,853.47,849.582,2017-02-01,Europe,1.0,St. Valentine's Day,Regular,Q1,February,Northern
CZE,2017,3,1072.321,5.934,1066.387,1075.276,1072.321,2017-03-01,Europe,1.0,International Women's Day,Spring_Holidays,Q1,March,Northern
CZE,2017,4,1263.891,5.17,1258.721,1269.908,1263.891,2017-04-01,Europe,2.0,"Good Friday, Easter Monday",Spring_Holidays,Q2,April,Northern
CZE,2017,5,1341.865,5.805,1336.06,1341.226,1341.865,2017-05-01,Europe,3.0,"Mother's Day, Labor Day / May Day, Victory in Europe Day",Regular,Q2,May,Northern
CZE,2017,6,1616.177,8.368,1607.809,1616.1,1616.177,2017-06-01,Europe,2.0,"Children's Day, Father's Day",Regular,Q2,June,Northern
CZE,2017,7,1868.592,6.249,1862.343,1862.769,1868.592,2017-07-01,Europe,2.0,"Saints Cyril and Methodius, Jan Hus Day",Summer_Holidays,Q3,July,Northern
CZE,2017,8,1863.455,5.938,1857.517,1857.928,1863.455,2017-08-01,Europe,0.0,None,Regular,Q3,August,Northern
CZE,2017,9,1732.354,6.949,1725.405,1731.733,1732.354,2017-09-01,Europe,1.0,St. Wenceslas Day,Regular,Q3,September,Northern
CZE,2017,10,1419.4,5.139,1414.261,1413.838,1419.4,2017-10-01,Europe,1.0,Independent Czechoslovak State Day,Regular,Q4,October,Northern
CZE,2017,11,1163.466,4.505,1158.961,1146.404,1163.466,2017-11-01,Europe,1.0,Struggle for Freedom and Democracy Day,Regular,Q4,November,Northern
CZE,2017,12,1185.885,3.534,1182.351,1167.527,1185.885,2017-12-01,Europe,3.0,"Christmas Eve, Christmas Day, St. Stephen's Day",Winter_Holidays,Q4,December,Northern
CZE,2018,1,973.631,3.843,969.788,,973.631,2018-01-01,Europe,2.0,"New Year's Day, Restoration of the Czech Independence Day",Winter_Holidays,Q1,January,Northern
CZE,2018,2,972.451,3.987,968.464,,972.451,2018-02-01,Europe,1.0,St. Valentine's Day,Regular,Q1,February,Northern
CZE,2018,3,1227.26,4.809,1222.451,,1227.26,2018-03-01,Europe,2.0,"International Women's Day, Good Friday",Spring_Holidays,Q1,March,Northern
CZE,2018,4,1369.253,4.884,1364.369,,1369.253,2018-04-01,Europe,1.0,Easter Monday,Spring_Holidays,Q2,April,Northern
CZE,2018,5,1458.69,4.805,1453.885,,1458.69,2018-05-01,Europe,3.0,"Mother's Day, Labor Day / May Day, Victory in Europe Day",Regular,Q2,May,Northern
CZE,2018,6,1821.391,8.079,1813.312,,1821.391,2018-06-01,Europe,2.0,"Children's Day, Father's Day",Regular,Q2,June,Northern
CZE,2018,7,2094.469,8.359,2086.11,,2094.469,2018-07-01,Europe,2.0,"Saints Cyril and Methodius, Jan Hus Day",Summer_Holidays,Q3,July,Northern
CZE,2018,8,2082.987,5.742,2077.245,,2082.987,2018-08-01,Europe,0.0,None,Regular,Q3,August,Northern
CZE,2018,9,1879.973,8.01,1871.963,,1879.973,2018-09-01,Europe,1.0,St. Wenceslas Day,Regular,Q3,September,Northern
CZE,2018,10,1513.421,4.164,1509.257,,1513.421,2018-10-01,Europe,1.0,Independent Czechoslovak State Day,Regular,Q4,October,Northern
CZE,2018,11,1200.038,3.195,1196.843,,1200.038,2018-11-01,Europe,1.0,Struggle for Freedom and Democracy Day,Regular,Q4,November,Northern
CZE,2018,12,1244.657,1.924,1242.733,,1244.657,2018-12-01,Europe,3.0,"Christmas Eve, Christmas Day, St. Stephen's Day",Winter_Holidays,Q4,December,Northern
DEU,2010,1,10206.993,1698.681,8508.312,12055.078,10206.993,2010-01-01,Europe,5.0,"Epiphany, Franco-German Day, Remembrance Day for the Victims of National Socialism",Winter_Holidays,Q1,January,Northern
DEU,2010,2,9985.787,1710.209,8275.578,11813.357,9985.787,2010-02-01,Europe,3.0,"Children's Hospice Day, Valentine's Day, Shrove Monday",Regular,Q1,February,Northern
DEU,2010,3,13090.984,2232.321,10858.663,15442.467,13090.984,2010-03-01,Europe,2.0,"International Women's Day, St. Patrick's Day",Spring_Holidays,Q1,March,Northern
DEU,2010,4,10879.022,1577.63,9301.392,12533.383,10879.022,2010-04-01,Europe,6.0,"Easter Sunday, Girls' Day - Career Information Day, German Beer Day",Spring_Holidays,Q2,April,Northern
DEU,2010,5,15144.847,2106.497,13038.35,17353.932,15144.847,2010-05-01,Europe,9.0,"Whit Sunday, Europe Day, Anniversary of the End of World War II",Regular,Q2,May,Northern
DEU,2010,6,15548.468,2166.828,13381.64,17834.488,15548.468,2010-06-01,Europe,6.0,"Corpus Christi, European Bicycle Day, Visually Impaired People Day",Regular,Q2,June,Northern
DEU,2010,7,17048.855,2090.605,14958.25,19268.992,17048.855,2010-07-01,Europe,0.0,None,Regular,Q3,July,Northern
DEU,2010,8,16905.822,1926.72,14979.102,18949.081,16905.822,2010-08-01,Europe,2.0,"Peace Festival in Augsburg, Assumption of Mary",Summer_Holidays,Q3,August,Northern
DEU,2010,9,16767.396,2344.503,14422.893,19221.897,16767.396,2010-09-01,Europe,5.0,"World Peace Day, German Language Day, Day of the Homeland",Regular,Q3,September,Northern
DEU,2010,10,16654.159,2336.41,14317.749,19064.212,16654.159,2010-10-01,Europe,7.0,"Reformation Day, German Food Bank Day, Harvest Festival",Regular,Q4,October,Northern
DEU,2010,11,12665.076,2213.272,10451.804,14945.79,12665.076,2010-11-01,Europe,3.0,"Repentance Day, Fall of the Berlin Wall, Night of Broken Glass Remembrance Day",Regular,Q4,November,Northern
DEU,2010,12,11233.424,1760.789,9472.635,13114.857,11233.424,2010-12-01,Europe,4.0,"Remembrance Day for Roma and Sinti killed by Genocide, Christmas Day, Boxing Day",Winter_Holidays,Q4,December,Northern
DEU,2011,1,11076.343,1771.68,9304.663,12918.2,11076.343,2011-01-01,Europe,5.0,"Epiphany, Franco-German Day, Remembrance Day for the Victims of National Socialism",Winter_Holidays,Q1,January,Northern
DEU,2011,2,10698.666,1834.815,8863.851,12599.578,10698.666,2011-02-01,Europe,2.0,"Children's Hospice Day, Valentine's Day",Regular,Q1,February,Northern
DEU,2011,3,13180.168,2124.015,11056.153,15360.685,13180.168,2011-03-01,Europe,3.0,"Shrove Monday, International Women's Day, St. Patrick's Day",Spring_Holidays,Q1,March,Northern
DEU,2011,4,14225.36,1970.496,12254.864,16236.881,14225.36,2011-04-01,Europe,6.0,"Easter Sunday, German Beer Day, Girls' Day - Career Information Day",Spring_Holidays,Q2,April,Northern
DEU,2011,5,15900.122,2274.56,13625.562,18238.418,15900.122,2011-05-01,Europe,5.0,"Europe Day, Anniversary of the End of World War II, Mother's Day",Regular,Q2,May,Northern
DEU,2011,6,16240.836,2012.617,14228.219,18300.473,16240.836,2011-06-01,Europe,10.0,"Whit Sunday, Corpus Christi, Father's Day",Regular,Q2,June,Northern
DEU,2011,7,17716.143,2038.911,15677.232,19785.964,17716.143,2011-07-01,Europe,0.0,None,Regular,Q3,July,Northern
DEU,2011,8,17188.516,1848.34,15340.176,19064.325,17188.516,2011-08-01,Europe,2.0,"Peace Festival in Augsburg, Assumption of Mary",Summer_Holidays,Q3,August,Northern
DEU,2011,9,17329.109,2281.522,15047.587,19629.199,17329.109,2011-09-01,Europe,5.0,"World Peace Day, German Language Day, Day of the Homeland",Regular,Q3,September,Northern
DEU,2011,10,16808.357,2173.502,14634.855,19011.632,16808.357,2011-10-01,Europe,7.0,"Reformation Day, German Food Bank Day, Harvest Festival",Regular,Q4,October,Northern
DEU,2011,11,12923.012,2177.836,10745.176,15178.37,12923.012,2011-11-01,Europe,3.0,"Repentance Day, Fall of the Berlin Wall, Night of Broken Glass Remembrance Day",Regular,Q4,November,Northern
DEU,2011,12,12029.444,1910.089,10119.355,14021.054,12029.444,2011-12-01,Europe,4.0,"Remembrance Day for Roma and Sinti killed by Genocide, Christmas Day, Boxing Day",Winter_Holidays,Q4,December,Northern
DEU,2012,1,11336.452,1771.181,9565.271,13181.709,11336.452,2012-01-01,Europe,5.0,"Epiphany, Franco-German Day, Remembrance Day for the Victims of National Socialism",Winter_Holidays,Q1,January,Northern
DEU,2012,2,10968.126,1802.015,9166.111,12839.269,10968.126,2012-02-01,Europe,3.0,"Children's Hospice Day, Valentine's Day, Shrove Monday",Regular,Q1,February,Northern
DEU,2012,3,13670.984,2128.472,11542.512,15859.324,13670.984,2012-03-01,Europe,2.0,"International Women's Day, St. Patrick's Day",Spring_Holidays,Q1,March,Northern
DEU,2012,4,14556.629,1916.951,12639.678,16520.992,14556.629,2012-04-01,Europe,6.0,"Easter Sunday, German Beer Day, Girls' Day - Career Information Day",Spring_Holidays,Q2,April,Northern
DEU,2012,5,16071.844,2125.13,13946.714,18254.718,16071.844,2012-05-01,Europe,9.0,"Whit Sunday, Europe Day, Anniversary of the End of World War II",Regular,Q2,May,Northern
DEU,2012,6,16784.744,2025.176,14759.568,18867.38,16784.744,2012-06-01,Europe,6.0,"Corpus Christi, European Bicycle Day, Visually Impaired People Day",Regular,Q2,June,Northern
DEU,2012,7,18231.496,1915.009,16316.487,20190.937,18231.496,2012-07-01,Europe,0.0,None,Regular,Q3,July,Northern
DEU,2012,8,17775.789,1812.095,15963.694,19631.992,17775.789,2012-08-01,Europe,2.0,"Peace Festival in Augsburg, Assumption of Mary",Summer_Holidays,Q3,August,Northern
DEU,2012,9,17656.529,2099.509,15557.02,19777.543,17656.529,2012-09-01,Europe,5.0,"World Peace Day, German Language Day, Day of the Homeland",Regular,Q3,September,Northern
DEU,2012,10,17074.719,2166.685,14908.034,19245.751,17074.719,2012-10-01,Europe,7.0,"Reformation Day, German Food Bank Day, Harvest Festival",Regular,Q4,October,Northern
DEU,2012,11,12771.018,2060.033,10710.985,14857.722,12771.018,2012-11-01,Europe,3.0,"Repentance Day, Fall of the Berlin Wall, Night of Broken Glass Remembrance Day",Regular,Q4,November,Northern
DEU,2012,12,11692.773,1679.105,10013.668,13403.32,11692.773,2012-12-01,Europe,4.0,"Remembrance Day for Roma and Sinti killed by Genocide, Christmas Day, Boxing Day",Winter_Holidays,Q4,December,Northern
DEU,2013,1,10931.481,1608.303,9323.178,12587.693,10931.481,2013-01-01,Europe,5.0,"Epiphany, Franco-German Day, Remembrance Day for the Victims of National Socialism",Winter_Holidays,Q1,January,Northern
DEU,2013,2,10770.018,1630.192,9139.826,12438.549,10770.018,2013-02-01,Europe,3.0,"Children's Hospice Day, Shrove Monday, Valentine's Day",Regular,Q1,February,Northern
DEU,2013,3,13739.551,1877.79,11861.761,15655.654,13739.551,2013-03-01,Europe,4.0,"Easter Sunday, International Women's Day, St. Patrick's Day",Spring_Holidays,Q1,March,Northern
DEU,2013,4,14557.685,1963.283,12594.402,16564.707,14557.685,2013-04-01,Europe,4.0,"German Beer Day, Girls' Day - Career Information Day, Walpurgis Night",Spring_Holidays,Q2,April,Northern
DEU,2013,5,16546.922,1916.911,14630.011,18493.273,16546.922,2013-05-01,Europe,10.0,"Whit Sunday, Corpus Christi, Europe Day",Regular,Q2,May,Northern
DEU,2013,6,17157.093,2063.425,15093.668,19239.223,17157.093,2013-06-01,Europe,5.0,"European Bicycle Day, Visually Impaired People Day, Day of Music (first day)",Regular,Q2,June,Northern
DEU,2013,7,18268.301,1946.668,16321.633,20223.607,18268.301,2013-07-01,Europe,0.0,None,Regular,Q3,July,Northern
DEU,2013,8,18264.238,1745.91,16518.328,20019.217,18264.238,2013-08-01,Europe,2.0,"Peace Festival in Augsburg, Assumption of Mary",Summer_Holidays,Q3,August,Northern
DEU,2013,9,18070.485,2107.751,15962.734,20167.938,18070.485,2013-09-01,Europe,5.0,"World Peace Day, Day of the Homeland, European Heritage Days (Day of the Open Monument)",Regular,Q3,September,Northern
DEU,2013,10,17533.644,2114.243,15419.401,19663.495,17533.644,2013-10-01,Europe,7.0,"Reformation Day, German Food Bank Day, Harvest Festival",Regular,Q4,October,Northern
DEU,2013,11,12975.666,1980.143,10995.523,14988.074,12975.666,2013-11-01,Europe,3.0,"Repentance Day, Fall of the Berlin Wall, Night of Broken Glass Remembrance Day",Regular,Q4,November,Northern
DEU,2013,12,11968.104,1663.893,10304.211,13670.89,11968.104,2013-12-01,Europe,4.0,"Remembrance Day for Roma and Sinti killed by Genocide, Christmas Day, Boxing Day",Winter_Holidays,Q4,December,Northern
DEU,2014,1,11325.456,1628.508,9696.948,12997.29,11325.456,2014-01-01,Europe,5.0,"Epiphany, Franco-German Day, Remembrance Day for the Victims of National Socialism",Winter_Holidays,Q1,January,Northern
DEU,2014,2,11091.453,1704.025,9387.428,12824.619,11091.453,2014-02-01,Europe,2.0,"Children's Hospice Day, Valentine's Day",Regular,Q1,February,Northern
DEU,2014,3,13601.984,1904.687,11697.297,15533.704,13601.984,2014-03-01,Europe,3.0,"Shrove Monday, International Women's Day, St. Patrick's Day",Spring_Holidays,Q1,March,Northern
DEU,2014,4,15024.355,1758.853,13265.502,16808.059,15024.355,2014-04-01,Europe,6.0,"Easter Sunday, German Beer Day, Girls' Day - Career Information Day",Spring_Holidays,Q2,April,Northern
DEU,2014,5,16813.839,2072.894,14740.945,18912.754,16813.839,2014-05-01,Europe,7.0,"Europe Day, Anniversary of the End of World War II, Mother's Day",Regular,Q2,May,Northern
DEU,2014,6,17740.47,1998.776,15741.694,19751.35,17740.47,2014-06-01,Europe,8.0,"Whit Sunday, Corpus Christi, European Bicycle Day",Regular,Q2,June,Northern
DEU,2014,7,18487.775,1967.006,16520.769,20450.31,18487.775,2014-07-01,Europe,0.0,None,Regular,Q3,July,Northern
DEU,2014,8,19425.021,1750.603,17674.418,21148.743,19425.021,2014-08-01,Europe,2.0,"Peace Festival in Augsburg, Assumption of Mary",Summer_Holidays,Q3,August,Northern
DEU,2014,9,18911.048,2151.95,16759.098,21049.417,18911.048,2014-09-01,Europe,5.0,"World Peace Day, German Language Day, Day of the Homeland",Regular,Q3,September,Northern
DEU,2014,10,18004.125,2125.539,15878.586,20117.533,18004.125,2014-10-01,Europe,7.0,"Reformation Day, German Food Bank Day, Harvest Festival",Regular,Q4,October,Northern
DEU,2014,11,13594.679,2047.346,11547.333,15660.309,13594.679,2014-11-01,Europe,3.0,"Repentance Day, Fall of the Berlin Wall, Night of Broken Glass Remembrance Day",Regular,Q4,November,Northern
DEU,2014,12,12425.609,1678.969,10746.64,14120.6,12425.609,2014-12-01,Europe,4.0,"Remembrance Day for Roma and Sinti killed by Genocide, Christmas Day, Boxing Day",Winter_Holidays,Q4,December,Northern
DEU,2015,1,11708.343,1589.506,10118.837,13341.07,11708.343,2015-01-01,Europe,5.0,"Epiphany, Franco-German Day, Remembrance Day for the Victims of National Socialism",Winter_Holidays,Q1,January,Northern
DEU,2015,2,11562.591,1659.485,9903.106,13257.107,11562.591,2015-02-01,Europe,3.0,"Children's Hospice Day, Valentine's Day, Shrove Monday",Regular,Q1,February,Northern
DEU,2015,3,14357.887,1969.502,12388.385,16364.069,14357.887,2015-03-01,Europe,2.0,"International Women's Day, St. Patrick's Day",Spring_Holidays,Q1,March,Northern
DEU,2015,4,15683.137,1919.807,13763.33,17653.295,15683.137,2015-04-01,Europe,6.0,"Easter Sunday, German Beer Day, Girls' Day - Career Information Day",Spring_Holidays,Q2,April,Northern
DEU,2015,5,17893.241,2059.735,15833.506,19990.015,17893.241,2015-05-01,Europe,9.0,"Whit Sunday, Europe Day, Anniversary of the End of World War II",Regular,Q2,May,Northern
DEU,2015,6,18316.734,2094.269,16222.465,20456.778,18316.734,2015-06-01,Europe,7.0,"Corpus Christi, European Bicycle Day, Visually Impaired People Day",Regular,Q2,June,Northern
DEU,2015,7,19625.743,2001.086,17624.657,21667.287,19625.743,2015-07-01,Europe,0.0,None,Regular,Q3,July,Northern
DEU,2015,8,20255.751,1800.065,18455.686,22092.708,20255.751,2015-08-01,Europe,3.0,"Peace Festival in Augsburg, Assumption of Mary, Day of the Homeland",Summer_Holidays,Q3,August,Northern
DEU,2015,9,19263.574,2156.447,17107.127,21453.084,19263.574,2015-09-01,Europe,4.0,"World Peace Day, German Language Day, European Heritage Days (Day of the Open Monument)",Regular,Q3,September,Northern
DEU,2015,10,18926.255,2232.343,16693.912,21201.149,18926.255,2015-10-01,Europe,7.0,"Reformation Day, German Food Bank Day, Harvest Festival",Regular,Q4,October,Northern
DEU,2015,11,13470.542,1919.805,11550.737,15420.364,13470.542,2015-11-01,Europe,3.0,"Repentance Day, Fall of the Berlin Wall, Night of Broken Glass Remembrance Day",Regular,Q4,November,Northern
DEU,2015,12,12872.632,1754.864,11117.768,14653.815,12872.632,2015-12-01,Europe,4.0,"Remembrance Day for Roma and Sinti killed by Genocide, Christmas Day, Boxing Day",Winter_Holidays,Q4,December,Northern
DEU,2016,1,12226.69,1644.033,10582.657,13910.801,12226.69,2016-01-01,Europe,5.0,"Epiphany, Franco-German Day, Remembrance Day for the Victims of National Socialism",Winter_Holidays,Q1,January,Northern
DEU,2016,2,12384.17,1793.43,10590.74,14313.015,12384.17,2016-02-01,Europe,3.0,"Shrove Monday, Children's Hospice Day, Valentine's Day",Regular,Q1,February,Northern
DEU,2016,3,15109.267,1961.827,13147.44,17111.543,15109.267,2016-03-01,Europe,5.0,"Easter Sunday, International Women's Day, St. Patrick's Day",Spring_Holidays,Q1,March,Northern
DEU,2016,4,15798.088,2041.503,13756.585,17879.048,15798.088,2016-04-01,Europe,3.0,"German Beer Day, Girls' Day - Career Information Day, Walpurgis Night",Spring_Holidays,Q2,April,Northern
DEU,2016,5,18101.677,1999.72,16101.957,20152.337,18101.677,2016-05-01,Europe,11.0,"Whit Sunday, Corpus Christi, Europe Day",Regular,Q2,May,Northern
DEU,2016,6,18486.171,2220.49,16265.681,20770.341,18486.171,2016-06-01,Europe,5.0,"European Bicycle Day, Visually Impaired People Day, Day of Music (first day)",Regular,Q2,June,Northern
DEU,2016,7,20428.888,2047.479,18381.409,22540.01,20428.888,2016-07-01,Europe,0.0,None,Regular,Q3,July,Northern
DEU,2016,8,20280.099,1809.237,18470.862,22137.669,20280.099,2016-08-01,Europe,2.0,"Peace Festival in Augsburg, Assumption of Mary",Summer_Holidays,Q3,August,Northern
DEU,2016,9,20239.799,2295.982,17943.817,22575.384,20239.799,2016-09-01,Europe,5.0,"World Peace Day, Day of the Homeland, German Language Day",Regular,Q3,September,Northern
DEU,2016,10,19660.824,2158.889,17501.935,21857.191,19660.824,2016-10-01,Europe,7.0,"Reformation Day, German Food Bank Day, Harvest Festival",Regular,Q4,October,Northern
DEU,2016,11,13971.638,1986.171,11985.467,15985.545,13971.638,2016-11-01,Europe,3.0,"Repentance Day, Fall of the Berlin Wall, Night of Broken Glass Remembrance Day",Regular,Q4,November,Northern
DEU,2016,12,13999.982,1816.183,12183.799,15844.717,13999.982,2016-12-01,Europe,4.0,"Remembrance Day for Roma and Sinti killed by Genocide, Christmas Day, Boxing Day",Winter_Holidays,Q4,December,Northern
DEU,2017,1,13146.511,1712.272,11434.239,14893.222,13146.511,2017-01-01,Europe,5.0,"Epiphany, Franco-German Day, Remembrance Day for the Victims of National Socialism",Winter_Holidays,Q1,January,Northern
DEU,2017,2,12849.806,1757.437,11092.369,14633.487,12849.806,2017-02-01,Europe,3.0,"Children's Hospice Day, Valentine's Day, Shrove Monday",Regular,Q1,February,Northern
DEU,2017,3,15601.985,2092.036,13509.949,17729.697,15601.985,2017-03-01,Europe,2.0,"International Women's Day, St. Patrick's Day",Spring_Holidays,Q1,March,Northern
DEU,2017,4,17906.786,1980.055,15926.731,19925.032,17906.786,2017-04-01,Europe,6.0,"Easter Sunday, German Beer Day, Girls' Day - Career Information Day",Spring_Holidays,Q2,April,Northern
DEU,2017,5,19100.564,2268.452,16832.112,21399.978,19100.564,2017-05-01,Europe,7.0,"Europe Day, Anniversary of the End of World War II, Mother's Day",Regular,Q2,May,Northern
DEU,2017,6,19908.381,2142.221,17766.16,22085.484,19908.381,2017-06-01,Europe,9.0,"Whit Sunday, Corpus Christi, European Bicycle Day",Regular,Q2,June,Northern
DEU,2017,7,21788.797,2099.336,19689.461,23919.917,21788.797,2017-07-01,Europe,0.0,None,Regular,Q3,July,Northern
DEU,2017,8,21571.733,1868.401,19703.332,23465.394,21571.733,2017-08-01,Europe,2.0,"Peace Festival in Augsburg, Assumption of Mary",Summer_Holidays,Q3,August,Northern
DEU,2017,9,21252.374,2261.425,18990.949,23520.194,21252.374,2017-09-01,Europe,6.0,"World Peace Day, Day of the Homeland, German Language Day",Regular,Q3,September,Northern
DEU,2017,10,20230.108,2088.523,18141.585,22351.622,20230.108,2017-10-01,Europe,6.0,"Harvest Festival, Day of the Libraries, World Thrift Day",Regular,Q4,October,Northern
DEU,2017,11,14971.01,1940.907,13030.103,16939.216,14971.01,2017-11-01,Europe,3.0,"Repentance Day, Fall of the Berlin Wall, Night of Broken Glass Remembrance Day",Regular,Q4,November,Northern
DEU,2017,12,14061.288,1621.853,12439.435,15698.505,14061.288,2017-12-01,Europe,4.0,"Remembrance Day for Roma and Sinti killed by Genocide, Christmas Day, Boxing Day",Winter_Holidays,Q4,December,Northern
DEU,2018,1,13356.786,1614.46,11742.326,,13356.786,2018-01-01,Europe,5.0,"Epiphany, Franco-German Day, Remembrance Day for the Victims of National Socialism",Winter_Holidays,Q1,January,Northern
DEU,2018,2,13253.657,1684.511,11569.146,,13253.657,2018-02-01,Europe,3.0,"Children's Hospice Day, Shrove Monday, Valentine's Day",Regular,Q1,February,Northern
DEU,2018,3,16735.521,2017.204,14718.317,,16735.521,2018-03-01,Europe,3.0,"International Women's Day, St. Patrick's Day, Good Friday",Spring_Holidays,Q1,March,Northern
DEU,2018,4,17975.261,1991.471,15983.79,,17975.261,2018-04-01,Europe,5.0,"Easter Sunday, German Beer Day, Girls' Day - Career Information Day",Spring_Holidays,Q2,April,Northern
DEU,2018,5,19904.627,1999.275,17905.352,,19904.627,2018-05-01,Europe,11.0,"Whit Sunday, Corpus Christi, Europe Day",Regular,Q2,May,Northern
DEU,2018,6,20574.997,2044.065,18530.932,,20574.997,2018-06-01,Europe,5.0,"European Bicycle Day, Visually Impaired People Day, Day of Music (first day)",Regular,Q2,June,Northern
DEU,2018,7,22589.018,2000.67,20588.348,,22589.018,2018-07-01,Europe,0.0,None,Regular,Q3,July,Northern
DEU,2018,8,22462.326,1862.664,20599.662,,22462.326,2018-08-01,Europe,3.0,"Peace Festival in Augsburg, Assumption of Mary, Day of the Homeland",Summer_Holidays,Q3,August,Northern
DEU,2018,9,22201.917,2218.273,19983.644,,22201.917,2018-09-01,Europe,5.0,"World Peace Day, German Language Day, European Heritage Days (Day of the Open Monument)",Regular,Q3,September,Northern
DEU,2018,10,21741.647,2248.545,19493.102,,21741.647,2018-10-01,Europe,6.0,"Reformation Day, Harvest Festival, Day of the Libraries",Regular,Q4,October,Northern
DEU,2018,11,16110.325,2115.925,13994.4,,16110.325,2018-11-01,Europe,3.0,"Repentance Day, Fall of the Berlin Wall, Night of Broken Glass Remembrance Day",Regular,Q4,November,Northern
DEU,2018,12,15516.279,1828.877,13687.402,,15516.279,2018-12-01,Europe,4.0,"Remembrance Day for Roma and Sinti killed by Genocide, Christmas Day, Boxing Day",Winter_Holidays,Q4,December,Northern
DNK,2010,1,1537.054,163.824,1373.23,1658.555,1537.054,2010-01-01,Europe,1.0,New Year's Day,Winter_Holidays,Q1,January,Northern
DNK,2010,2,1609.501,177.65,1431.851,1735.776,1609.501,2010-02-01,Europe,2.0,"Carnival, Valentine's Day",Regular,Q1,February,Northern
DNK,2010,3,1979.184,219.802,1759.382,2133.595,1979.184,2010-03-01,Europe,1.0,Palm Sunday,Spring_Holidays,Q1,March,Northern
DNK,2010,4,1466.776,144.728,1322.048,1566.035,1466.776,2010-04-01,Europe,5.0,"Maundy Thursday, Good Friday, Easter Sunday",Spring_Holidays,Q2,April,Northern
DNK,2010,5,2156.579,215.602,1940.977,2301.853,2156.579,2010-05-01,Europe,5.0,"Labor Day / May Day, Liberation Day, Ascension Day",Regular,Q2,May,Northern
DNK,2010,6,2384.09,225.924,2158.166,2536.539,2384.09,2010-06-01,Europe,1.0,Constitution Day,Regular,Q2,June,Northern
DNK,2010,7,2626.516,191.229,2435.287,2741.061,2626.516,2010-07-01,Europe,0.0,None,Regular,Q3,July,Northern
DNK,2010,8,2430.127,211.363,2218.764,2562.375,2430.127,2010-08-01,Europe,0.0,None,Regular,Q3,August,Northern
DNK,2010,9,2303.136,229.375,2073.761,2459.594,2303.136,2010-09-01,Europe,0.0,None,Regular,Q3,September,Northern
DNK,2010,10,2347.44,224.484,2122.956,2497.956,2347.44,2010-10-01,Europe,0.0,None,Regular,Q4,October,Northern
DNK,2010,11,1847.457,218.943,1628.514,2002.592,1847.457,2010-11-01,Europe,0.0,None,Regular,Q4,November,Northern
DNK,2010,12,1646.992,181.922,1465.07,1785.055,1646.992,2010-12-01,Europe,4.0,"Christmas Eve, New Year's Eve, Christmas Day",Winter_Holidays,Q4,December,Northern
DNK,2011,1,1666.986,182.009,1484.977,1794.523,1666.986,2011-01-01,Europe,1.0,New Year's Day,Winter_Holidays,Q1,January,Northern
DNK,2011,2,1685.808,180.063,1505.745,1814.024,1685.808,2011-02-01,Europe,1.0,Valentine's Day,Regular,Q1,February,Northern
DNK,2011,3,1981.175,212.846,1768.329,2131.78,1981.175,2011-03-01,Europe,1.0,Carnival,Spring_Holidays,Q1,March,Northern
DNK,2011,4,2077.662,192.408,1885.254,2208.025,2077.662,2011-04-01,Europe,5.0,"Palm Sunday, Maundy Thursday, Good Friday",Spring_Holidays,Q2,April,Northern
DNK,2011,5,2303.623,222.769,2080.854,2454.726,2303.623,2011-05-01,Europe,3.0,"Labor Day / May Day, Liberation Day, Great Prayer Day",Regular,Q2,May,Northern
DNK,2011,6,2473.47,207.327,2266.143,2611.379,2473.47,2011-06-01,Europe,4.0,"Constitution Day, Ascension Day, Whit Sunday",Regular,Q2,June,Northern
DNK,2011,7,2715.608,173.246,2542.362,2826.223,2715.608,2011-07-01,Europe,0.0,None,Regular,Q3,July,Northern
DNK,2011,8,2448.579,194.116,2254.463,2570.039,2448.579,2011-08-01,Europe,0.0,None,Regular,Q3,August,Northern
DNK,2011,9,2412.756,215.429,2197.327,2554.4,2412.756,2011-09-01,Europe,0.0,None,Regular,Q3,September,Northern
DNK,2011,10,2349.578,205.998,2143.58,2493.034,2349.578,2011-10-01,Europe,0.0,None,Regular,Q4,October,Northern
DNK,2011,11,1942.03,212.09,1729.94,2082.726,1942.03,2011-11-01,Europe,0.0,None,Regular,Q4,November,Northern
DNK,2011,12,1751.419,171.477,1579.942,1875.239,1751.419,2011-12-01,Europe,4.0,"Christmas Eve, New Year's Eve, Christmas Day",Winter_Holidays,Q4,December,Northern
DNK,2012,1,1763.482,173.686,1589.796,1881.405,1763.482,2012-01-01,Europe,1.0,New Year's Day,Winter_Holidays,Q1,January,Northern
DNK,2012,2,1808.492,169.501,1638.991,1925.87,1808.492,2012-02-01,Europe,2.0,"Valentine's Day, Carnival",Regular,Q1,February,Northern
DNK,2012,3,2133.485,196.754,1936.731,2264.58,2133.485,2012-03-01,Europe,0.0,None,Regular,Q1,March,Northern
DNK,2012,4,2167.276,173.695,1993.581,2273.108,2167.276,2012-04-01,Europe,5.0,"Palm Sunday, Maundy Thursday, Good Friday",Spring_Holidays,Q2,April,Northern
DNK,2012,5,2286.835,144.211,2142.624,2398.38,2286.835,2012-05-01,Europe,6.0,"Labor Day / May Day, Liberation Day, Great Prayer Day",Regular,Q2,May,Northern
DNK,2012,6,2550.316,154.326,2395.99,2657.826,2550.316,2012-06-01,Europe,1.0,Constitution Day,Regular,Q2,June,Northern
DNK,2012,7,2751.574,117.898,2633.676,2826.06,2751.574,2012-07-01,Europe,0.0,None,Regular,Q3,July,Northern
DNK,2012,8,2489.762,144.117,2345.645,2586.767,2489.762,2012-08-01,Europe,0.0,None,Regular,Q3,August,Northern
DNK,2012,9,2448.005,167.661,2280.344,2573.289,2448.005,2012-09-01,Europe,0.0,None,Regular,Q3,September,Northern
DNK,2012,10,2406.223,179.259,2226.964,2531.729,2406.223,2012-10-01,Europe,0.0,None,Regular,Q4,October,Northern
DNK,2012,11,1983.487,174.302,1809.185,2128.072,1983.487,2012-11-01,Europe,0.0,None,Regular,Q4,November,Northern
DNK,2012,12,1744.328,129.715,1614.613,1852.436,1744.328,2012-12-01,Europe,4.0,"Christmas Eve, New Year's Eve, Christmas Day",Winter_Holidays,Q4,December,Northern
DNK,2013,1,1760.371,139.946,1620.425,1865.527,1760.371,2013-01-01,Europe,1.0,New Year's Day,Winter_Holidays,Q1,January,Northern
DNK,2013,2,1779.638,133.86,1645.778,1885.049,1779.638,2013-02-01,Europe,2.0,"Carnival, Valentine's Day",Regular,Q1,February,Northern
DNK,2013,3,2130.275,144.462,1985.813,2244.843,2130.275,2013-03-01,Europe,4.0,"Palm Sunday, Maundy Thursday, Good Friday",Spring_Holidays,Q1,March,Northern
DNK,2013,4,2223.017,161.247,2061.77,2334.557,2223.017,2013-04-01,Europe,2.0,"Easter Monday, Great Prayer Day",Spring_Holidays,Q2,April,Northern
DNK,2013,5,2447.832,173.771,2274.061,2567.345,2447.832,2013-05-01,Europe,5.0,"Labor Day / May Day, Liberation Day, Ascension Day",Regular,Q2,May,Northern
DNK,2013,6,2686.885,172.486,2514.399,2803.156,2686.885,2013-06-01,Europe,1.0,Constitution Day,Regular,Q2,June,Northern
DNK,2013,7,2896.613,140.498,2756.115,2983.801,2896.613,2013-07-01,Europe,0.0,None,Regular,Q3,July,Northern
DNK,2013,8,2647.638,158.001,2489.637,2745.742,2647.638,2013-08-01,Europe,0.0,None,Regular,Q3,August,Northern
DNK,2013,9,2544.427,177.907,2366.52,2663.737,2544.427,2013-09-01,Europe,0.0,None,Regular,Q3,September,Northern
DNK,2013,10,2507.211,179.659,2327.552,2626.511,2507.211,2013-10-01,Europe,0.0,None,Regular,Q4,October,Northern
DNK,2013,11,1998.405,171.349,1827.056,2119.986,1998.405,2013-11-01,Europe,0.0,None,Regular,Q4,November,Northern
DNK,2013,12,1837.397,143.312,1694.085,1940.792,1837.397,2013-12-01,Europe,4.0,"Christmas Eve, New Year's Eve, Christmas Day",Winter_Holidays,Q4,December,Northern
DNK,2014,1,1828.188,142.921,1685.267,1935.28,1828.188,2014-01-01,Europe,1.0,New Year's Day,Winter_Holidays,Q1,January,Northern
DNK,2014,2,1849.484,139.755,1709.729,1954.508,1849.484,2014-02-01,Europe,1.0,Valentine's Day,Regular,Q1,February,Northern
DNK,2014,3,2211.555,169.508,2042.047,2339.535,2211.555,2014-03-01,Europe,1.0,Carnival,Spring_Holidays,Q1,March,Northern
DNK,2014,4,2477.638,162.142,2315.496,2584.429,2477.638,2014-04-01,Europe,5.0,"Palm Sunday, Maundy Thursday, Good Friday",Spring_Holidays,Q2,April,Northern
DNK,2014,5,2633.49,181.875,2451.615,2755.868,2633.49,2014-05-01,Europe,4.0,"Labor Day / May Day, Liberation Day, Great Prayer Day",Regular,Q2,May,Northern
DNK,2014,6,2879.216,184.399,2694.817,2996.993,2879.216,2014-06-01,Europe,3.0,"Constitution Day, Whit Sunday, Whit Monday",Regular,Q2,June,Northern
DNK,2014,7,3067.188,144.7,2922.488,3150.94,3067.188,2014-07-01,Europe,0.0,None,Regular,Q3,July,Northern
DNK,2014,8,2813.027,166.163,2646.864,2913.418,2813.027,2014-08-01,Europe,0.0,None,Regular,Q3,August,Northern
DNK,2014,9,2678.53,185.806,2492.724,2797.766,2678.53,2014-09-01,Europe,0.0,None,Regular,Q3,September,Northern
DNK,2014,10,2651.309,184.44,2466.869,2765.798,2651.309,2014-10-01,Europe,0.0,None,Regular,Q4,October,Northern
DNK,2014,11,2036.477,162.929,1873.548,2140.591,2036.477,2014-11-01,Europe,0.0,None,Regular,Q4,November,Northern
DNK,2014,12,1889.708,139.292,1750.416,1974.942,1889.708,2014-12-01,Europe,4.0,"Christmas Eve, New Year's Eve, Christmas Day",Winter_Holidays,Q4,December,Northern
DNK,2015,1,1854.13,136.14,1717.99,1941.27,1854.13,2015-01-01,Europe,1.0,New Year's Day,Winter_Holidays,Q1,January,Northern
DNK,2015,2,1872.931,136.593,1736.338,1963.733,1872.931,2015-02-01,Europe,2.0,"Valentine's Day, Carnival",Regular,Q1,February,Northern
DNK,2015,3,2282.557,166.029,2116.528,2387.668,2282.557,2015-03-01,Europe,1.0,Palm Sunday,Spring_Holidays,Q1,March,Northern
DNK,2015,4,2402.197,155.924,2246.273,2495.05,2402.197,2015-04-01,Europe,4.0,"Maundy Thursday, Good Friday, Easter Sunday",Spring_Holidays,Q2,April,Northern
DNK,2015,5,2631.635,167.432,2464.203,2734.461,2631.635,2015-05-01,Europe,6.0,"Labor Day / May Day, Liberation Day, Great Prayer Day",Regular,Q2,May,Northern
DNK,2015,6,2895.624,183.567,2712.057,3010.731,2895.624,2015-06-01,Europe,1.0,Constitution Day,Regular,Q2,June,Northern
DNK,2015,7,3195.14,142.811,3052.329,3279.945,3195.14,2015-07-01,Europe,0.0,None,Regular,Q3,July,Northern
DNK,2015,8,2927.393,164.147,2763.246,3053.108,2927.393,2015-08-01,Europe,0.0,None,Regular,Q3,August,Northern
DNK,2015,9,2845.032,179.195,2665.837,2959.866,2845.032,2015-09-01,Europe,0.0,None,Regular,Q3,September,Northern
DNK,2015,10,2822.697,175.564,2647.133,2933.092,2822.697,2015-10-01,Europe,0.0,None,Regular,Q4,October,Northern
DNK,2015,11,2261.523,173.373,2088.15,2377.734,2261.523,2015-11-01,Europe,0.0,None,Regular,Q4,November,Northern
DNK,2015,12,2104.646,149.677,1954.969,2204.237,2104.646,2015-12-01,Europe,4.0,"Christmas Eve, New Year's Eve, Christmas Day",Winter_Holidays,Q4,December,Northern
DNK,2016,1,2064.353,140.049,1924.304,2175.472,2064.353,2016-01-01,Europe,1.0,New Year's Day,Winter_Holidays,Q1,January,Northern
DNK,2016,2,2159.939,144.038,2015.901,2261.598,2159.939,2016-02-01,Europe,2.0,"Carnival, Valentine's Day",Regular,Q1,February,Northern
DNK,2016,3,2538.415,167.689,2370.726,2647.803,2538.415,2016-03-01,Europe,5.0,"Palm Sunday, Maundy Thursday, Good Friday",Spring_Holidays,Q1,March,Northern
DNK,2016,4,2569.129,165.831,2403.298,2673.996,2569.129,2016-04-01,Europe,1.0,Great Prayer Day,Spring_Holidays,Q2,April,Northern
DNK,2016,5,2904.048,184.224,2719.824,3016.469,2904.048,2016-05-01,Europe,5.0,"Labor Day / May Day, Liberation Day, Ascension Day",Regular,Q2,May,Northern
DNK,2016,6,3140.864,190.979,2949.885,3252.297,3140.864,2016-06-01,Europe,1.0,Constitution Day,Regular,Q2,June,Northern
DNK,2016,7,3480.953,148.425,3332.528,3562.067,3480.953,2016-07-01,Europe,0.0,None,Regular,Q3,July,Northern
DNK,2016,8,3131.773,170.808,2960.965,3231.157,3131.773,2016-08-01,Europe,0.0,None,Regular,Q3,August,Northern
DNK,2016,9,3053.033,187.858,2865.175,3172.38,3053.033,2016-09-01,Europe,0.0,None,Regular,Q3,September,Northern
DNK,2016,10,3042.096,181.005,2861.091,3153.808,3042.096,2016-10-01,Europe,0.0,None,Regular,Q4,October,Northern
DNK,2016,11,2398.47,178.327,2220.143,2512.12,2398.47,2016-11-01,Europe,0.0,None,Regular,Q4,November,Northern
DNK,2016,12,2280.069,152.384,2127.685,2380.274,2280.069,2016-12-01,Europe,4.0,"Christmas Eve, New Year's Eve, Christmas Day",Winter_Holidays,Q4,December,Northern
DNK,2017,1,2208.716,148.664,2060.052,2311.558,2208.716,2017-01-01,Europe,1.0,New Year's Day,Winter_Holidays,Q1,January,Northern
DNK,2017,2,2208.467,136.706,2071.761,2302.264,2208.467,2017-02-01,Europe,2.0,"Valentine's Day, Carnival",Regular,Q1,February,Northern
DNK,2017,3,2548.433,170.886,2377.547,2659.288,2548.433,2017-03-01,Europe,0.0,None,Regular,Q1,March,Northern
DNK,2017,4,2736.104,155.343,2580.761,2823.505,2736.104,2017-04-01,Europe,5.0,"Palm Sunday, Maundy Thursday, Good Friday",Spring_Holidays,Q2,April,Northern
DNK,2017,5,2954.722,179.266,2775.456,3058.472,2954.722,2017-05-01,Europe,4.0,"Labor Day / May Day, Liberation Day, Great Prayer Day",Regular,Q2,May,Northern
DNK,2017,6,3192.279,182.148,3010.131,3291.878,3192.279,2017-06-01,Europe,3.0,"Constitution Day, Whit Sunday, Whit Monday",Regular,Q2,June,Northern
DNK,2017,7,3531.785,140.308,3391.477,3598.703,3531.785,2017-07-01,Europe,0.0,None,Regular,Q3,July,Northern
DNK,2017,8,3191.707,167.762,3023.945,3278.087,3191.707,2017-08-01,Europe,0.0,None,Regular,Q3,August,Northern
DNK,2017,9,3092.281,179.806,2912.475,3205.563,3092.281,2017-09-01,Europe,0.0,None,Regular,Q3,September,Northern
DNK,2017,10,3030.083,178.378,2851.705,3137.369,3030.083,2017-10-01,Europe,0.0,None,Regular,Q4,October,Northern
DNK,2017,11,2357.263,169.516,2187.747,2471.817,2357.263,2017-11-01,Europe,0.0,None,Regular,Q4,November,Northern
DNK,2017,12,2209.374,141.959,2067.415,2308.575,2209.374,2017-12-01,Europe,4.0,"Christmas Eve, New Year's Eve, Christmas Day",Winter_Holidays,Q4,December,Northern
DNK,2018,1,2183.832,141.801,2042.031,,2183.832,2018-01-01,Europe,1.0,New Year's Day,Winter_Holidays,Q1,January,Northern
DNK,2018,2,2218.27,134.526,2083.744,,2218.27,2018-02-01,Europe,2.0,"Carnival, Valentine's Day",Regular,Q1,February,Northern
DNK,2018,3,2691.52,161.693,2529.827,,2691.52,2018-03-01,Europe,3.0,"Palm Sunday, Maundy Thursday, Good Friday",Spring_Holidays,Q1,March,Northern
DNK,2018,4,2841.987,167.425,2674.562,,2841.987,2018-04-01,Europe,3.0,"Easter Sunday, Easter Monday, Great Prayer Day",Spring_Holidays,Q2,April,Northern
DNK,2018,5,3156.768,182.8,2973.968,,3156.768,2018-05-01,Europe,5.0,"Labor Day / May Day, Liberation Day, Ascension Day",Regular,Q2,May,Northern
DNK,2018,6,3387.213,185.008,3202.205,,3387.213,2018-06-01,Europe,1.0,Constitution Day,Regular,Q2,June,Northern
DNK,2018,7,3686.607,150.524,3536.083,,3686.607,2018-07-01,Europe,0.0,None,Regular,Q3,July,Northern
DNK,2018,8,3371.061,174.892,3196.169,,3371.061,2018-08-01,Europe,0.0,None,Regular,Q3,August,Northern
DNK,2018,9,3239.388,180.674,3058.714,,3239.388,2018-09-01,Europe,0.0,None,Regular,Q3,September,Northern
DNK,2018,10,3147.214,177.718,2969.496,,3147.214,2018-10-01,Europe,0.0,None,Regular,Q4,October,Northern
DNK,2018,11,2478.048,163.247,2314.801,,2478.048,2018-11-01,Europe,0.0,None,Regular,Q4,November,Northern
DNK,2018,12,2299.231,126.296,2172.935,,2299.231,2018-12-01,Europe,4.0,"Christmas Eve, New Year's Eve, Christmas Day",Winter_Holidays,Q4,December,Northern
DOM,2010,1,,,,1019.011,1019.011,2010-01-01,Other,4.0,"New Year's Day, Epiphany, Our Lady of Altagracia",Winter_Holidays,Q1,January,Northern
DOM,2010,2,,,,894.618,894.618,2010-02-01,Other,1.0,Independence Day,Regular,Q1,February,Northern
DOM,2010,3,,,,957.871,957.871,2010-03-01,Other,0.0,None,Regular,Q1,March,Northern
DOM,2010,4,,,,823.841,823.841,2010-04-01,Other,2.0,"Good Friday, Labor Day observed",Spring_Holidays,Q2,April,Northern
DOM,2010,5,,,,690.12,690.12,2010-05-01,Other,2.0,"Mother's Day, Labor Day",Regular,Q2,May,Northern
DOM,2010,6,,,,817.414,817.414,2010-06-01,Other,1.0,Corpus Christi,Regular,Q2,June,Northern
DOM,2010,7,,,,926.918,926.918,2010-07-01,Other,1.0,Father's Day,Summer_Holidays,Q3,July,Northern
DOM,2010,8,,,,866.151,866.151,2010-08-01,Other,1.0,Restoration Day,Summer_Holidays,Q3,August,Northern
DOM,2010,9,,,,582.89,582.89,2010-09-01,Other,1.0,Our Lady of Las Mercedes,Regular,Q3,September,Northern
DOM,2010,10,,,,585.1,585.1,2010-10-01,Other,0.0,None,Regular,Q4,October,Northern
DOM,2010,11,,,,293.651,293.651,2010-11-01,Other,1.0,Constitution Day,Regular,Q4,November,Northern
DOM,2010,12,,,,354.532,354.532,2010-12-01,Other,3.0,"Christmas Eve, New Year's Eve, Christmas Day",Winter_Holidays,Q4,December,Northern
DOM,2011,1,,,,990.851,990.851,2011-01-01,Other,4.0,"New Year's Day, Epiphany, Our Lady of Altagracia",Winter_Holidays,Q1,January,Northern
DOM,2011,2,,,,882.956,882.956,2011-02-01,Other,1.0,Independence Day,Regular,Q1,February,Northern
DOM,2011,3,,,,1002.302,1002.302,2011-03-01,Other,0.0,None,Regular,Q1,March,Northern
DOM,2011,4,,,,880.301,880.301,2011-04-01,Other,1.0,Good Friday,Spring_Holidays,Q2,April,Northern
DOM,2011,5,,,,706.525,706.525,2011-05-01,Other,3.0,"Mother's Day, Labor Day, Labor Day observed",Regular,Q2,May,Northern
DOM,2011,6,,,,323.815,323.815,2011-06-01,Other,1.0,Corpus Christi,Regular,Q2,June,Northern
DOM,2011,7,,,,390.872,390.872,2011-07-01,Other,1.0,Father's Day,Summer_Holidays,Q3,July,Northern
DOM,2011,8,,,,353.851,353.851,2011-08-01,Other,1.0,Restoration Day,Summer_Holidays,Q3,August,Northern
DOM,2011,9,,,,279.267,279.267,2011-09-01,Other,1.0,Our Lady of Las Mercedes,Regular,Q3,September,Northern
DOM,2011,10,,,,277.48,277.48,2011-10-01,Other,0.0,None,Regular,Q4,October,Northern
DOM,2011,11,,,,288.897,288.897,2011-11-01,Other,1.0,Constitution Day,Regular,Q4,November,Northern
DOM,2011,12,,,,352.616,352.616,2011-12-01,Other,3.0,"Christmas Eve, New Year's Eve, Christmas Day",Winter_Holidays,Q4,December,Northern
DOM,2012,1,,,,889.029,889.029,2012-01-01,Other,4.0,"New Year's Day, Epiphany, Our Lady of Altagracia",Winter_Holidays,Q1,January,Northern
DOM,2012,2,,,,823.224,823.224,2012-02-01,Other,1.0,Independence Day,Regular,Q1,February,Northern
DOM,2012,3,,,,918.742,918.742,2012-03-01,Other,0.0,None,Regular,Q1,March,Northern
DOM,2012,4,,,,827.69,827.69,2012-04-01,Other,1.0,Good Friday,Spring_Holidays,Q2,April,Northern
DOM,2012,5,,,,649.197,649.197,2012-05-01,Other,2.0,"Mother's Day, Labor Day",Regular,Q2,May,Northern
DOM,2012,6,,,,326.639,326.639,2012-06-01,Other,1.0,Corpus Christi,Regular,Q2,June,Northern
DOM,2012,7,,,,381.064,381.064,2012-07-01,Other,1.0,Father's Day,Summer_Holidays,Q3,July,Northern
DOM,2012,8,,,,357.054,357.054,2012-08-01,Other,1.0,Restoration Day,Summer_Holidays,Q3,August,Northern
DOM,2012,9,,,,284.38,284.38,2012-09-01,Other,1.0,Our Lady of Las Mercedes,Regular,Q3,September,Northern
DOM,2012,10,,,,263.76,263.76,2012-10-01,Other,0.0,None,Regular,Q4,October,Northern
DOM,2012,11,,,,288.989,288.989,2012-11-01,Other,1.0,Constitution Day,Regular,Q4,November,Northern
DOM,2012,12,,,,342.539,342.539,2012-12-01,Other,3.0,"Christmas Eve, New Year's Eve, Christmas Day",Winter_Holidays,Q4,December,Northern
DOM,2013,1,,,,395.025,395.025,2013-01-01,Other,4.0,"New Year's Day, Epiphany, Our Lady of Altagracia",Winter_Holidays,Q1,January,Northern
DOM,2013,2,,,,339.309,339.309,2013-02-01,Other,1.0,Independence Day,Regular,Q1,February,Northern
DOM,2013,3,,,,404.898,404.898,2013-03-01,Other,1.0,Good Friday,Spring_Holidays,Q1,March,Northern
DOM,2013,4,,,,338.828,338.828,2013-04-01,Other,0.0,None,Regular,Q2,April,Northern
DOM,2013,5,,,,302.079,302.079,2013-05-01,Other,3.0,"Mother's Day, Labor Day, Corpus Christi",Regular,Q2,May,Northern
DOM,2013,6,,,,322.18,322.18,2013-06-01,Other,0.0,None,Regular,Q2,June,Northern
DOM,2013,7,,,,374.046,374.046,2013-07-01,Other,1.0,Father's Day,Summer_Holidays,Q3,July,Northern
DOM,2013,8,,,,358.989,358.989,2013-08-01,Other,1.0,Restoration Day,Summer_Holidays,Q3,August,Northern
DOM,2013,9,,,,270.127,270.127,2013-09-01,Other,1.0,Our Lady of Las Mercedes,Regular,Q3,September,Northern
DOM,2013,10,,,,274.346,274.346,2013-10-01,Other,0.0,None,Regular,Q4,October,Northern
DOM,2013,11,,,,290.815,290.815,2013-11-01,Other,1.0,Constitution Day,Regular,Q4,November,Northern
DOM,2013,12,,,,368.2,368.2,2013-12-01,Other,3.0,"Christmas Eve, New Year's Eve, Christmas Day",Winter_Holidays,Q4,December,Northern
DOM,2014,1,,,,544.822,544.822,2014-01-01,Other,4.0,"New Year's Day, Epiphany, Our Lady of Altagracia",Winter_Holidays,Q1,January,Northern
DOM,2014,2,,,,517.423,517.423,2014-02-01,Other,1.0,Independence Day,Regular,Q1,February,Northern
DOM,2014,3,,,,587.572,587.572,2014-03-01,Other,0.0,None,Regular,Q1,March,Northern
DOM,2014,4,,,,526.365,526.365,2014-04-01,Other,1.0,Good Friday,Spring_Holidays,Q2,April,Northern
DOM,2014,5,,,,449.257,449.257,2014-05-01,Other,2.0,"Mother's Day, Labor Day",Regular,Q2,May,Northern
DOM,2014,6,,,,504.197,504.197,2014-06-01,Other,1.0,Corpus Christi,Regular,Q2,June,Northern
DOM,2014,7,,,,591.198,591.198,2014-07-01,Other,1.0,Father's Day,Summer_Holidays,Q3,July,Northern
DOM,2014,8,,,,511.731,511.731,2014-08-01,Other,1.0,Restoration Day,Summer_Holidays,Q3,August,Northern
DOM,2014,9,,,,343.801,343.801,2014-09-01,Other,1.0,Our Lady of Las Mercedes,Regular,Q3,September,Northern
DOM,2014,10,,,,382.632,382.632,2014-10-01,Other,0.0,None,Regular,Q4,October,Northern
DOM,2014,11,,,,433.598,433.598,2014-11-01,Other,1.0,Constitution Day,Regular,Q4,November,Northern
DOM,2014,12,,,,579.613,579.613,2014-12-01,Other,3.0,"Christmas Eve, New Year's Eve, Christmas Day",Winter_Holidays,Q4,December,Northern
DOM,2015,1,,,,534.875,534.875,2015-01-01,Other,4.0,"New Year's Day, Epiphany, Our Lady of Altagracia",Winter_Holidays,Q1,January,Northern
DOM,2015,2,,,,505.249,505.249,2015-02-01,Other,1.0,Independence Day,Regular,Q1,February,Northern
DOM,2015,3,,,,571.22,571.22,2015-03-01,Other,0.0,None,Regular,Q1,March,Northern
DOM,2015,4,,,,501.422,501.422,2015-04-01,Other,1.0,Good Friday,Spring_Holidays,Q2,April,Northern
DOM,2015,5,,,,457.841,457.841,2015-05-01,Other,2.0,"Mother's Day, Labor Day",Regular,Q2,May,Northern
DOM,2015,6,,,,520.775,520.775,2015-06-01,Other,1.0,Corpus Christi,Regular,Q2,June,Northern
DOM,2015,7,,,,622.956,622.956,2015-07-01,Other,1.0,Father's Day,Summer_Holidays,Q3,July,Northern
DOM,2015,8,,,,527.233,527.233,2015-08-01,Other,1.0,Restoration Day,Summer_Holidays,Q3,August,Northern
DOM,2015,9,,,,372.438,372.438,2015-09-01,Other,1.0,Our Lady of Las Mercedes,Regular,Q3,September,Northern
DOM,2015,10,,,,416.305,416.305,2015-10-01,Other,0.0,None,Regular,Q4,October,Northern
DOM,2015,11,,,,470.234,470.234,2015-11-01,Other,1.0,Constitution Day,Regular,Q4,November,Northern
DOM,2015,12,,,,632.663,632.663,2015-12-01,Other,3.0,"Christmas Eve, New Year's Eve, Christmas Day",Winter_Holidays,Q4,December,Northern
DOM,2016,1,,,,583.769,583.769,2016-01-01,Other,4.0,"New Year's Day, Epiphany, Our Lady of Altagracia",Winter_Holidays,Q1,January,Northern
DOM,2016,2,,,,550.211,550.211,2016-02-01,Other,1.0,Independence Day,Regular,Q1,February,Northern
DOM,2016,3,,,,608.391,608.391,2016-03-01,Other,1.0,Good Friday,Spring_Holidays,Q1,March,Northern
DOM,2016,4,,,,521.69,521.69,2016-04-01,Other,0.0,None,Regular,Q2,April,Northern
DOM,2016,5,,,,482.992,482.992,2016-05-01,Other,4.0,"Mother's Day, Labor Day, Labor Day observed",Regular,Q2,May,Northern
DOM,2016,6,,,,558.958,558.958,2016-06-01,Other,0.0,None,Regular,Q2,June,Northern
DOM,2016,7,,,,678.517,678.517,2016-07-01,Other,1.0,Father's Day,Summer_Holidays,Q3,July,Northern
DOM,2016,8,,,,569.373,569.373,2016-08-01,Other,1.0,Restoration Day,Summer_Holidays,Q3,August,Northern
ECU,2010,1,,,,297.892,297.892,2010-01-01,Latin America,1.0,New Year's Day,Winter_Holidays,Q1,January,Northern
ECU,2010,2,,,,286.923,286.923,2010-02-01,Latin America,4.0,"Carnival, Special working day (compensation for Carnival Monday), Special working day (compensation for Carnival Tuesday)",Regular,Q1,February,Northern
ECU,2010,3,,,,321.268,321.268,2010-03-01,Latin America,0.0,None,Regular,Q1,March,Northern
ECU,2010,4,,,,298.921,298.921,2010-04-01,Latin America,1.0,Good Friday,Spring_Holidays,Q2,April,Northern
ECU,2010,5,,,,291.511,291.511,2010-05-01,Latin America,2.0,"Labor Day / May Day, The Battle of Pichincha",Regular,Q2,May,Northern
ECU,2010,6,,,,298.586,298.586,2010-06-01,Latin America,0.0,None,Regular,Q2,June,Northern
ECU,2010,7,,,,342.91,342.91,2010-07-01,Latin America,1.0,Sim?n Bol?var?s Birthday Memorial,Summer_Holidays,Q3,July,Northern
ECU,2010,8,,,,360.044,360.044,2010-08-01,Latin America,2.0,"Independence Day, Day off for Independence Day",Summer_Holidays,Q3,August,Northern
ECU,2010,9,,,,311.53,311.53,2010-09-01,Latin America,0.0,None,Regular,Q3,September,Northern
ECU,2010,10,,,,330.657,330.657,2010-10-01,Latin America,1.0,Independence of Guayaquil,Regular,Q4,October,Northern
ECU,2010,11,,,,318.558,318.558,2010-11-01,Latin America,2.0,"All Soul's Day, Independence of Cuenca",Regular,Q4,November,Northern
ECU,2010,12,,,,325.424,325.424,2010-12-01,Latin America,3.0,"Foundation of Quito, New Year's Eve, Christmas Day",Winter_Holidays,Q4,December,Northern
ECU,2011,1,,,,327.546,327.546,2011-01-01,Latin America,1.0,New Year's Day,Winter_Holidays,Q1,January,Northern
ECU,2011,2,,,,304.356,304.356,2011-02-01,Latin America,0.0,None,Regular,Q1,February,Northern
ECU,2011,3,,,,341.793,341.793,2011-03-01,Latin America,4.0,"Carnival, Special working day (compensation for Carnival Monday), Special working day (compensation for Carnival Tuesday)",Spring_Holidays,Q1,March,Northern
ECU,2011,4,,,,317.68,317.68,2011-04-01,Latin America,1.0,Good Friday,Spring_Holidays,Q2,April,Northern
ECU,2011,5,,,,337.344,337.344,2011-05-01,Latin America,3.0,"Labor Day / May Day, The Battle of Pichincha, Day off for The Battle of Pichincha",Regular,Q2,May,Northern
ECU,2011,6,,,,330.403,330.403,2011-06-01,Latin America,0.0,None,Regular,Q2,June,Northern
ECU,2011,7,,,,385.306,385.306,2011-07-01,Latin America,1.0,Sim?n Bol?var?s Birthday Memorial,Summer_Holidays,Q3,July,Northern
ECU,2011,8,,,,391.086,391.086,2011-08-01,Latin America,2.0,"Independence Day, Day off for Independence Day",Summer_Holidays,Q3,August,Northern
ECU,2011,9,,,,358.38,358.38,2011-09-01,Latin America,0.0,None,Regular,Q3,September,Northern
ECU,2011,10,,,,360.422,360.422,2011-10-01,Latin America,1.0,Independence of Guayaquil,Regular,Q4,October,Northern
ECU,2011,11,,,,354.981,354.981,2011-11-01,Latin America,2.0,"All Soul's Day, Independence of Cuenca",Regular,Q4,November,Northern
ECU,2011,12,,,,350.127,350.127,2011-12-01,Latin America,3.0,"Foundation of Quito, New Year's Eve, Christmas Day",Winter_Holidays,Q4,December,Northern
ECU,2012,1,,,,342.519,342.519,2012-01-01,Latin America,1.0,New Year's Day,Winter_Holidays,Q1,January,Northern
ECU,2012,2,,,,316.017,316.017,2012-02-01,Latin America,2.0,Carnival,Regular,Q1,February,Northern
ECU,2012,3,,,,343.105,343.105,2012-03-01,Latin America,0.0,None,Regular,Q1,March,Northern
ECU,2012,4,,,,298.874,298.874,2012-04-01,Latin America,2.0,"Good Friday, Day off for Labor Day / May Day",Spring_Holidays,Q2,April,Northern
ECU,2012,5,,,,298.373,298.373,2012-05-01,Latin America,2.0,"Labor Day / May Day, The Battle of Pichincha",Regular,Q2,May,Northern
ECU,2012,6,,,,298.738,298.738,2012-06-01,Latin America,0.0,None,Regular,Q2,June,Northern
ECU,2012,7,,,,324.471,324.471,2012-07-01,Latin America,1.0,Sim?n Bol?var?s Birthday Memorial,Summer_Holidays,Q3,July,Northern
ECU,2012,8,,,,340.387,340.387,2012-08-01,Latin America,1.0,Independence Day,Summer_Holidays,Q3,August,Northern
ECU,2012,9,,,,309.288,309.288,2012-09-01,Latin America,0.0,None,Regular,Q3,September,Northern
EGY,2014,1,,,,2245.813,2245.813,2014-01-01,Other,4.0,"January 1 Bank Holiday, Coptic Christmas Day, Prophet Mohamed's birthday",Winter_Holidays,Q1,January,Northern
EGY,2014,2,,,,1982.046,1982.046,2014-02-01,Other,0.0,None,Regular,Q1,February,Northern
EGY,2014,3,,,,2403.556,2403.556,2014-03-01,Other,0.0,None,Regular,Q1,March,Northern
EGY,2014,4,,,,2569.916,2569.916,2014-04-01,Other,5.0,"Coptic Good Friday, Coptic Holy Saturday, Coptic Easter Sunday",Spring_Holidays,Q2,April,Northern
EGY,2014,5,,,,2588.944,2588.944,2014-05-01,Other,2.0,"Labor Day, Presidential Election Holiday",Regular,Q2,May,Northern
EGY,2014,6,,,,2843.62,2843.62,2014-06-01,Other,1.0,Public sector holiday,Regular,Q2,June,Northern
EGY,2014,7,,,,2763.069,2763.069,2014-07-01,Other,5.0,"July 1 Bank Holiday, Revolution Day July 23, Eid el Fitr",Summer_Holidays,Q3,July,Northern
EGY,2014,8,,,,3346.284,3346.284,2014-08-01,Other,1.0,Flooding of the Nile,Summer_Holidays,Q3,August,Northern
EGY,2014,9,,,,2841.576,2841.576,2014-09-01,Other,1.0,Nayrouz,Regular,Q3,September,Northern
EGY,2014,10,,,,2900.338,2900.338,2014-10-01,Other,9.0,"Arafat Day (public sector holiday), Arafat Day, Eid al-Adha",Regular,Q4,October,Northern
EGY,2014,11,,,,2536.764,2536.764,2014-11-01,Other,0.0,None,Regular,Q4,November,Northern
EGY,2014,12,,,,2362.845,2362.845,2014-12-01,Other,0.0,None,Regular,Q4,December,Northern
EGY,2015,1,,,,2706.241,2706.241,2015-01-01,Other,3.0,"January 1 Bank Holiday, Coptic Christmas Day, Revolution Day January 25",Winter_Holidays,Q1,January,Northern
EGY,2015,2,,,,2387.969,2387.969,2015-02-01,Other,0.0,None,Regular,Q1,February,Northern
EGY,2015,3,,,,2671.19,2671.19,2015-03-01,Other,0.0,None,Regular,Q1,March,Northern
EGY,2015,4,,,,2875.157,2875.157,2015-04-01,Other,5.0,"Coptic Good Friday, Coptic Holy Saturday, Coptic Easter Sunday",Spring_Holidays,Q2,April,Northern
EGY,2015,5,,,,2840.806,2840.806,2015-05-01,Other,1.0,Labor Day,Regular,Q2,May,Northern
EGY,2015,6,,,,2897.851,2897.851,2015-06-01,Other,1.0,June 30 Revolution,Regular,Q2,June,Northern
EGY,2015,7,,,,3091.639,3091.639,2015-07-01,Other,6.0,"July 1 Bank Holiday, Eid el Fitr, Eid el Fitr Day 2",Summer_Holidays,Q3,July,Northern
EGY,2015,8,,,,3269.702,3269.702,2015-08-01,Other,2.0,"Flooding of the Nile, New Suez Canal Launch",Summer_Holidays,Q3,August,Northern
EGY,2015,9,,,,2822.137,2822.137,2015-09-01,Other,9.0,"Nayrouz, Arafat Day (public sector holiday), Arafat Day",Regular,Q3,September,Northern
EGY,2015,10,,,,2806.922,2806.922,2015-10-01,Other,3.0,"Armed Forces Day, Muharram, Extra holiday for elections",Regular,Q4,October,Northern
EGY,2015,11,,,,1962.353,1962.353,2015-11-01,Other,0.0,None,Regular,Q4,November,Northern
EGY,2015,12,,,,1944.542,1944.542,2015-12-01,Other,1.0,Prophet Mohamed's birthday,Winter_Holidays,Q4,December,Northern
EGY,2016,1,,,,2085.644,2085.644,2016-01-01,Other,3.0,"January 1 Bank Holiday, Coptic Christmas Day, Revolution Day January 25",Winter_Holidays,Q1,January,Northern
EGY,2016,2,,,,1836.87,1836.87,2016-02-01,Other,0.0,None,Regular,Q1,February,Northern
EGY,2016,3,,,,1949.248,1949.248,2016-03-01,Other,0.0,None,Regular,Q1,March,Northern
EGY,2016,4,,,,1851.966,1851.966,2016-04-01,Other,3.0,"Coptic Good Friday, Coptic Holy Saturday, Sinai Liberation Day",Spring_Holidays,Q2,April,Northern
EGY,2016,5,,,,1961.581,1961.581,2016-05-01,Other,3.0,"Coptic Easter Sunday, Labor Day, Spring Festival",Regular,Q2,May,Northern
EGY,2016,6,,,,1866.945,1866.945,2016-06-01,Other,1.0,June 30 Revolution,Regular,Q2,June,Northern
EGY,2016,7,,,,2114.745,2114.745,2016-07-01,Other,5.0,"July 1 Bank Holiday, Eid el Fitr, Eid el Fitr Day 2",Summer_Holidays,Q3,July,Northern
EGY,2016,8,,,,2223.858,2223.858,2016-08-01,Other,1.0,Flooding of the Nile,Summer_Holidays,Q3,August,Northern
EGY,2016,9,,,,2324.869,2324.869,2016-09-01,Other,6.0,"Nayrouz, Arafat Day, Eid al-Adha",Regular,Q3,September,Northern
EGY,2016,10,,,,1832.18,1832.18,2016-10-01,Other,2.0,"Muharram, Armed Forces Day",Regular,Q4,October,Northern
EGY,2016,11,,,,1590.459,1590.459,2016-11-01,Other,0.0,None,Regular,Q4,November,Northern
EGY,2017,2,,,,1723.265,1723.265,2017-02-01,Other,0.0,None,Regular,Q1,February,Northern
EGY,2017,3,,,,1810.091,1810.091,2017-03-01,Other,0.0,None,Regular,Q1,March,Northern
ESP,2010,1,8856.126,2489.258,6366.868,11397.341,8856.126,2010-01-01,Europe,4.0,"Reconquest Day, Martyr Vicente's Feast, St. Valero's Feast",Winter_Holidays,Q1,January,Northern
ESP,2010,2,9029.981,2681.978,6348.003,11766.428,9029.981,2010-02-01,Europe,3.0,"Day of Andaluc??a, Valentine's Day, Ash Wednesday",Regular,Q1,February,Northern
ESP,2010,3,11320.004,3211.03,8108.974,14587.075,11320.004,2010-03-01,Europe,4.0,"Day of the Balearic Islands, Fifth of March, San Jose",Spring_Holidays,Q1,March,Northern
ESP,2010,4,11208.04,3147.591,8060.449,14380.475,11208.04,2010-04-01,Europe,7.0,"Maundy Thursday, Easter Monday, Castile and Le??n Day",Spring_Holidays,Q2,April,Northern
ESP,2010,5,13526.313,3190.197,10336.116,16767.653,13526.313,2010-05-01,Europe,9.0,"Day of Madrid, Feast Day of St Isidore, Galicia Literature Day",Regular,Q2,May,Northern
ESP,2010,6,14735.901,3381.575,11354.326,18181.311,14735.901,2010-06-01,Europe,5.0,"Corpus Christi, Day of La Rioja, Day of Murcia",Regular,Q2,June,Northern
ESP,2010,7,17291.187,3818.087,13473.1,21171.445,17291.187,2010-07-01,Europe,2.0,"Feast of Saint James the Apostle, Day of the Institutions",Summer_Holidays,Q3,July,Northern
ESP,2010,8,17854.488,3866.937,13987.551,21787.668,17854.488,2010-08-01,Europe,4.0,"The Day of Our Lady of Africa, The Day of Cantabria, Assumption of Mary",Summer_Holidays,Q3,August,Northern
ESP,2010,9,15381.718,3418.491,11963.227,18859.77,15381.718,2010-09-01,Europe,7.0,"Day of the Independent City of Ceuta, Day of Asturias, Day of Extremadura",Regular,Q3,September,Northern
ESP,2010,10,14441.446,3337.727,11103.719,17830.877,14441.446,2010-10-01,Europe,2.0,"Day of the Valencian Community, Hispanic Day",Regular,Q4,October,Northern
ESP,2010,11,10341.695,2962.252,7379.443,13361.334,10341.695,2010-11-01,Europe,2.0,"Eid al-Adha, All Saints' Day",Regular,Q4,November,Northern
ESP,2010,12,9400.115,2722.083,6678.032,12195.96,9400.115,2010-12-01,Europe,8.0,"Day of Navarre, Christmas Day observed, Christmas Eve",Winter_Holidays,Q4,December,Northern
ESP,2011,1,9473.803,2543.718,6930.085,12091.66,9473.803,2011-01-01,Europe,4.0,"Reconquest Day, Martyr Vicente's Feast, St. Valero's Feast",Winter_Holidays,Q1,January,Northern
ESP,2011,2,9579.589,2657.323,6922.266,12297.602,9579.589,2011-02-01,Europe,2.0,"Day of Andaluc??a, Valentine's Day",Regular,Q1,February,Northern
ESP,2011,3,11961.986,3217.156,8744.83,15257.411,11961.986,2011-03-01,Europe,4.0,"Day of the Balearic Islands, Fifth of March, San Jose",Spring_Holidays,Q1,March,Northern
ESP,2011,4,13999.066,3269.847,10729.219,17337.828,13999.066,2011-04-01,Europe,8.0,"Maundy Thursday, Castile and Le??n Day, Day of Arag??n",Spring_Holidays,Q2,April,Northern
ESP,2011,5,14564.261,3211.582,11352.679,17850.407,14564.261,2011-05-01,Europe,8.0,"Day of Madrid, Feast Day of St Isidore, Galicia Literature Day",Regular,Q2,May,Northern
ESP,2011,6,15977.882,3368.836,12609.046,19421.45,15977.882,2011-06-01,Europe,7.0,"Day of La Rioja, Day of Murcia, San Antonio",Regular,Q2,June,Northern
ESP,2011,7,18690.572,3830.333,14860.239,22596.748,18690.572,2011-07-01,Europe,2.0,"Feast of Saint James the Apostle, Day of the Institutions",Summer_Holidays,Q3,July,Northern
ESP,2011,8,18880.593,3851.994,15028.599,22802.996,18880.593,2011-08-01,Europe,3.0,"The Day of Our Lady of Africa, The Day of Cantabria, Assumption of Mary",Summer_Holidays,Q3,August,Northern
ESP,2011,9,16745.596,3472.218,13273.378,20283.312,16745.596,2011-09-01,Europe,7.0,"Day of the Independent City of Ceuta, Day of Asturias, Day of Extremadura",Regular,Q3,September,Northern
ESP,2011,10,15062.648,3121.085,11941.563,18241.064,15062.648,2011-10-01,Europe,2.0,"Day of the Valencian Community, Hispanic Day",Regular,Q4,October,Northern
ESP,2011,11,10276.522,2746.016,7530.506,13086.883,10276.522,2011-11-01,Europe,2.0,"Eid al-Adha, All Saints' Day",Regular,Q4,November,Northern
ESP,2011,12,9940.712,2676.416,7264.296,12694.96,9940.712,2011-12-01,Europe,8.0,"Day of Navarre, Christmas Day observed, Christmas Eve",Winter_Holidays,Q4,December,Northern
ESP,2012,1,9306.924,2355.761,6951.163,11748.51,9306.924,2012-01-01,Europe,4.0,"Reconquest Day, Martyr Vicente's Feast, St. Valero's Feast",Winter_Holidays,Q1,January,Northern
ESP,2012,2,9207.701,2328.464,6879.237,11622.052,9207.701,2012-02-01,Europe,3.0,"Day of Andaluc??a, Valentine's Day, Ash Wednesday",Regular,Q1,February,Northern
ESP,2012,3,11382.871,2733.854,8649.017,14189.949,11382.871,2012-03-01,Europe,3.0,"Day of the Balearic Islands, Fifth of March, San Jose",Spring_Holidays,Q1,March,Northern
ESP,2012,4,13210.008,2806.439,10403.569,16086.538,13210.008,2012-04-01,Europe,8.0,"Maundy Thursday, Easter Monday, Castile and Le??n Day",Spring_Holidays,Q2,April,Northern
ESP,2012,5,14220.143,2886.037,11334.106,17174.537,14220.143,2012-05-01,Europe,9.0,"Day of Madrid, Feast Day of St Isidore, Galicia Literature Day",Regular,Q2,May,Northern
ESP,2012,6,16003.971,3083.997,12919.974,19172.033,16003.971,2012-06-01,Europe,5.0,"Corpus Christi, Day of La Rioja, Day of Murcia",Regular,Q2,June,Northern
ESP,2012,7,18459.434,3496.835,14962.599,22034.048,18459.434,2012-07-01,Europe,2.0,"Feast of Saint James the Apostle, Day of the Institutions",Summer_Holidays,Q3,July,Northern
ESP,2012,8,18585.614,3461.256,15124.358,22119.694,18585.614,2012-08-01,Europe,4.0,"The Day of Our Lady of Africa, The Day of Our Lady of Africa observed, The Day of Cantabria",Summer_Holidays,Q3,August,Northern
ESP,2012,9,16475.542,3029.41,13446.132,19594.92,16475.542,2012-09-01,Europe,7.0,"Day of the Independent City of Ceuta, Day of Asturias, Day of Extremadura",Regular,Q3,September,Northern
ESP,2012,10,14226.372,2674.409,11551.963,16978.924,14226.372,2012-10-01,Europe,3.0,"Day of the Valencian Community, Eid al-Adha, Hispanic Day",Regular,Q4,October,Northern
ESP,2012,11,9566.851,2166.89,7399.961,11821.713,9566.851,2012-11-01,Europe,1.0,All Saints' Day,Regular,Q4,November,Northern
ESP,2012,12,9125.83,2189.705,6936.125,11389.976,9125.83,2012-12-01,Europe,7.0,"Day of Navarre, Christmas Eve, Feast of the Holy Family",Winter_Holidays,Q4,December,Northern
ESP,2013,1,8590.956,2004.525,6586.431,10681.057,8590.956,2013-01-01,Europe,5.0,"Reconquest Day, Epiphany observed, Martyr Vicente's Feast",Winter_Holidays,Q1,January,Northern
ESP,2013,2,8444.049,1918.746,6525.303,10446.373,8444.049,2013-02-01,Europe,3.0,"Day of Andaluc??a, Ash Wednesday, Valentine's Day",Regular,Q1,February,Northern
ESP,2013,3,11025.94,2284.086,8741.854,13401.839,11025.94,2013-03-01,Europe,7.0,"Day of the Balearic Islands, Fifth of March, San Jose",Spring_Holidays,Q1,March,Northern
ESP,2013,4,12416.632,2359.742,10056.89,14854.904,12416.632,2013-04-01,Europe,4.0,"Easter Monday, Castile and Le??n Day, Day of Arag??n",Spring_Holidays,Q2,April,Northern
ESP,2013,5,14353.5,2451.144,11902.356,16872.251,14353.5,2013-05-01,Europe,10.0,"Day of Madrid, Feast Day of St Isidore, Galicia Literature Day",Regular,Q2,May,Northern
ESP,2013,6,15887.131,2591.524,13295.607,18545.882,15887.131,2013-06-01,Europe,6.0,"Day of La Rioja, Day of Murcia, Day of La Rioja observed",Regular,Q2,June,Northern
ESP,2013,7,18047.426,2921.824,15125.602,21033.179,18047.426,2013-07-01,Europe,2.0,"Feast of Saint James the Apostle, Day of the Institutions",Summer_Holidays,Q3,July,Northern
ESP,2013,8,18561.941,2906.855,15655.086,21527.56,18561.941,2013-08-01,Europe,3.0,"The Day of Our Lady of Africa, The Day of Cantabria, Assumption of Mary",Summer_Holidays,Q3,August,Northern
ESP,2013,9,16374.282,2590.475,13783.807,19031.074,16374.282,2013-09-01,Europe,10.0,"Day of the Independent City of Ceuta, Day of Asturias, Day of Extremadura",Regular,Q3,September,Northern
ESP,2013,10,14422.718,2385.671,12037.047,16866.941,14422.718,2013-10-01,Europe,3.0,"Day of the Valencian Community, Eid al-Adha, Hispanic Day",Regular,Q4,October,Northern
ESP,2013,11,10040.406,2098.072,7942.334,12207.887,10040.406,2013-11-01,Europe,1.0,All Saints' Day,Regular,Q4,November,Northern
ESP,2013,12,9566.992,2086.818,7480.174,11729.165,9566.992,2013-12-01,Europe,8.0,"Day of Navarre, Christmas Eve, Feast of the Holy Family",Winter_Holidays,Q4,December,Northern
ESP,2014,1,9007.027,1860.901,7146.126,10947.402,9007.027,2014-01-01,Europe,4.0,"Reconquest Day, Martyr Vicente's Feast, St. Valero's Feast",Winter_Holidays,Q1,January,Northern
ESP,2014,2,8844.369,1840.095,7004.274,10768.076,8844.369,2014-02-01,Europe,2.0,"Day of Andaluc??a, Valentine's Day",Regular,Q1,February,Northern
ESP,2014,3,11106.476,2239.576,8866.9,13432.431,11106.476,2014-03-01,Europe,4.0,"Day of the Balearic Islands, Fifth of March, San Jose",Spring_Holidays,Q1,March,Northern
ESP,2014,4,13704.291,2461.747,11242.544,16237.631,13704.291,2014-04-01,Europe,8.0,"Maundy Thursday, Easter Monday, Castile and Le??n Day",Spring_Holidays,Q2,April,Northern
ESP,2014,5,15007.861,2446.254,12561.607,17526.599,15007.861,2014-05-01,Europe,7.0,"Day of Madrid, Feast Day of St Isidore, Galicia Literature Day",Regular,Q2,May,Northern
ESP,2014,6,16622.395,2699.025,13923.37,19429.754,16622.395,2014-06-01,Europe,7.0,"Day of La Rioja, Day of Murcia, Whit Monday",Regular,Q2,June,Northern
ESP,2014,7,18749.28,3032.034,15717.246,21885.834,18749.28,2014-07-01,Europe,2.0,"Feast of Saint James the Apostle, Day of the Institutions",Summer_Holidays,Q3,July,Northern
ESP,2014,8,19714.262,3076.628,16637.634,22894.324,19714.262,2014-08-01,Europe,3.0,"The Day of Our Lady of Africa, The Day of Cantabria, Assumption of Mary",Summer_Holidays,Q3,August,Northern
ESP,2014,9,17167.348,2739.484,14427.864,20012.891,17167.348,2014-09-01,Europe,7.0,"Day of the Independent City of Ceuta, Day of Asturias, Day of Extremadura",Regular,Q3,September,Northern
ESP,2014,10,15099.949,2520.978,12578.971,17717.803,15099.949,2014-10-01,Europe,4.0,"Eid al-Adha, Day of the Valencian Community, Hispanic Day",Regular,Q4,October,Northern
ESP,2014,11,10351.465,2138.142,8213.323,12598.328,10351.465,2014-11-01,Europe,1.0,All Saints' Day,Regular,Q4,November,Northern
ESP,2014,12,9979.659,2151.681,7827.978,12238.524,9979.659,2014-12-01,Europe,8.0,"Day of Navarre, St Stephen's Day, Christmas Eve",Winter_Holidays,Q4,December,Northern
ESP,2015,1,9496.882,1899.789,7597.093,11527.013,9496.882,2015-01-01,Europe,4.0,"Reconquest Day, Martyr Vicente's Feast, St. Valero's Feast",Winter_Holidays,Q1,January,Northern
ESP,2015,2,9372.113,1943.47,7428.643,11438.826,9372.113,2015-02-01,Europe,4.0,"St. Eul??lia's Feast, Day of Andaluc??a, Valentine's Day",Regular,Q1,February,Northern
ESP,2015,3,11835.533,2380.358,9455.175,14361.008,11835.533,2015-03-01,Europe,5.0,"Day of the Balearic Islands, Fifth of March, San Jose",Spring_Holidays,Q1,March,Northern
ESP,2015,4,14086.347,2578.972,11507.375,16790.044,14086.347,2015-04-01,Europe,7.0,"Maundy Thursday, Easter Monday, Castile and Le??n Day",Spring_Holidays,Q2,April,Northern
ESP,2015,5,15967.412,2606.022,13361.39,18696.402,15967.412,2015-05-01,Europe,8.0,"Day of Madrid, Feast Day of St Isidore, Galicia Literature Day",Regular,Q2,May,Northern
ESP,2015,6,17215.856,2797.837,14418.019,20147.47,17215.856,2015-06-01,Europe,6.0,"Whit Monday, Corpus Christi, Day of La Rioja",Regular,Q2,June,Northern
ESP,2015,7,19737.822,3210.397,16527.425,23086.663,19737.822,2015-07-01,Europe,3.0,"Festa da Dorna, Feast of Saint James the Apostle, Day of the Institutions",Summer_Holidays,Q3,July,Northern
ESP,2015,8,20551.587,3277.945,17273.642,23980.501,20551.587,2015-08-01,Europe,4.0,"The Day of Our Lady of Africa, St. Isabel's Feast, The Day of Cantabria",Summer_Holidays,Q3,August,Northern
ESP,2015,9,17960.01,2905.676,15054.334,21010.238,17960.01,2015-09-01,Europe,8.0,"Day of the Independent City of Ceuta, Day of Asturias, Day of Extremadura",Regular,Q3,September,Northern
ESP,2015,10,16311.112,2664.344,13646.768,19108.43,16311.112,2015-10-01,Europe,2.0,"Day of the Valencian Community, Hispanic Day",Regular,Q4,October,Northern
ESP,2015,11,11297.437,2288.6,9008.837,13755.02,11297.437,2015-11-01,Europe,2.0,"All Saints' Day, All Saints' Day observed",Regular,Q4,November,Northern
ESP,2015,12,10820.392,2327.703,8492.689,13338.895,10820.392,2015-12-01,Europe,9.0,"Day of Navarre, St Stephen's Day, Christmas Eve",Winter_Holidays,Q4,December,Northern
ESP,2016,1,10576.079,2150.34,8425.739,12951.418,10576.079,2016-01-01,Europe,4.0,"Reconquest Day, Martyr Vicente's Feast, St. Valero's Feast",Winter_Holidays,Q1,January,Northern
ESP,2016,2,10841.422,2247.438,8593.984,13304.464,10841.422,2016-02-01,Europe,4.0,"Day of Andaluc??a, Day of Andaluc??a observed, Ash Wednesday",Regular,Q1,February,Northern
ESP,2016,3,13524.242,2704.371,10819.871,16449.82,13524.242,2016-03-01,Europe,9.0,"Day of the Balearic Islands, Fifth of March, San Jose",Spring_Holidays,Q1,March,Northern
ESP,2016,4,15092.08,2675.525,12416.555,17977.914,15092.08,2016-04-01,Europe,3.0,"Castile and Le??n Day, Day of Arag??n, St George's Day",Spring_Holidays,Q2,April,Northern
ESP,2016,5,17691.974,2904.386,14787.588,20805.846,17691.974,2016-05-01,Europe,11.0,"Day of Madrid, Feast Day of St Isidore, Whit Monday",Regular,Q2,May,Northern
ESP,2016,6,19024.463,3065.396,15959.067,22306.725,19024.463,2016-06-01,Europe,4.0,"Day of La Rioja, Day of Murcia, San Antonio",Regular,Q2,June,Northern
ESP,2016,7,22032.687,3364.89,18667.797,25654.521,22032.687,2016-07-01,Europe,2.0,"Feast of Saint James the Apostle, Day of the Institutions",Summer_Holidays,Q3,July,Northern
ESP,2016,8,22166.098,3379.255,18786.843,25796.656,22166.098,2016-08-01,Europe,3.0,"The Day of Our Lady of Africa, The Day of Cantabria, Assumption of Mary",Summer_Holidays,Q3,August,Northern
ESP,2016,9,19829.99,3115.591,16714.399,23171.969,19829.99,2016-09-01,Europe,9.0,"Day of the Independent City of Ceuta, Day of Asturias, Day of Extremadura",Regular,Q3,September,Northern
ESP,2016,10,18353.58,2841.561,15512.019,21433.987,18353.58,2016-10-01,Europe,3.0,"80th anniversary of the constitution of the Basque Government in Guernica, Day of the Valencian Community, Hispanic Day",Regular,Q4,October,Northern
ESP,2016,11,12408.391,2529.236,9879.155,15157.768,12408.391,2016-11-01,Europe,1.0,All Saints' Day,Regular,Q4,November,Northern
ESP,2016,12,12331.031,2456.649,9874.382,15017.286,12331.031,2016-12-01,Europe,9.0,"Day of Navarre, Christmas Day observed, St Stephen's Day",Winter_Holidays,Q4,December,Northern
ESP,2017,1,11721.882,2277.647,9444.235,14241.232,11721.882,2017-01-01,Europe,3.0,"Reconquest Day, New Year's Day, Epiphany",Winter_Holidays,Q1,January,Northern
ESP,2017,2,11510.948,2254.331,9256.617,13982.683,11510.948,2017-02-01,Europe,2.0,"Day of Andaluc??a, Valentine's Day",Regular,Q1,February,Northern
ESP,2017,3,14162.252,2801.433,11360.819,17195.059,14162.252,2017-03-01,Europe,6.0,"Day of the Balearic Islands, Fifth of March, Martyr Vicente's Feast",Spring_Holidays,Q1,March,Northern
ESP,2017,4,17738.888,3025.838,14713.05,20993.244,17738.888,2017-04-01,Europe,8.0,"Maundy Thursday, Easter Monday, Castile and Le??n Day",Spring_Holidays,Q2,April,Northern
ESP,2017,5,19041.33,3076.963,15964.367,22354.937,19041.33,2017-05-01,Europe,7.0,"Day of Madrid, Feast Day of St Isidore, Galicia Literature Day",Regular,Q2,May,Northern
ESP,2017,6,20926.797,3311.844,17614.953,24479.468,20926.797,2017-06-01,Europe,7.0,"Whit Monday, Day of La Rioja, Day of Murcia",Regular,Q2,June,Northern
ESP,2017,7,23635.177,3625.598,20009.579,27535.765,23635.177,2017-07-01,Europe,2.0,"Feast of Saint James the Apostle, Day of the Institutions",Summer_Holidays,Q3,July,Northern
ESP,2017,8,23573.035,3557.776,20015.259,27388.616,23573.035,2017-08-01,Europe,3.0,"The Day of Our Lady of Africa, The Day of Cantabria, Assumption of Mary",Summer_Holidays,Q3,August,Northern
ESP,2017,9,21439.063,3352.993,18086.07,25048.887,21439.063,2017-09-01,Europe,8.0,"Day of the Independent City of Ceuta, Eid al-Adha, Day of Asturias",Regular,Q3,September,Northern
ESP,2017,10,19379.552,3174.219,16205.333,22809.968,19379.552,2017-10-01,Europe,3.0,"Day of the Valencian Community, St. Valero's Feast, Hispanic Day",Regular,Q4,October,Northern
ESP,2017,11,13457.715,2857.566,10600.149,16544.907,13457.715,2017-11-01,Europe,1.0,All Saints' Day,Regular,Q4,November,Northern
ESP,2017,12,13237.45,2850.248,10387.202,16333.404,13237.45,2017-12-01,Europe,8.0,"Day of Navarre, St Stephen's Day, Christmas Eve",Winter_Holidays,Q4,December,Northern
ESP,2018,1,12604.441,2651.518,9952.923,,12604.441,2018-01-01,Europe,3.0,"Reconquest Day, St. Valero's Feast, Epiphany",Winter_Holidays,Q1,January,Northern
ESP,2018,2,12425.769,2625.813,9799.956,,12425.769,2018-02-01,Europe,3.0,"Day of Andaluc??a, Ash Wednesday, Valentine's Day",Regular,Q1,February,Northern
ESP,2018,3,15651.657,3190.742,12460.915,,15651.657,2018-03-01,Europe,6.0,"Day of the Balearic Islands, Fifth of March, San Jose",Spring_Holidays,Q1,March,Northern
ESP,2018,4,18081.12,3313.832,14767.288,,18081.12,2018-04-01,Europe,5.0,"Easter Monday, Castile and Le??n Day, Day of Arag??n",Spring_Holidays,Q2,April,Northern
ESP,2018,5,20102.304,3468.104,16634.2,,20102.304,2018-05-01,Europe,10.0,"Day of Madrid, Feast Day of St Isidore, Galicia Literature Day",Regular,Q2,May,Northern
ESP,2018,6,21901.051,3596.831,18304.22,,21901.051,2018-06-01,Europe,4.0,"Day of La Rioja, Day of Murcia, San Antonio",Regular,Q2,June,Northern
ESP,2018,7,24212.494,3937.602,20274.892,,24212.494,2018-07-01,Europe,2.0,"Feast of Saint James the Apostle, Day of the Institutions",Summer_Holidays,Q3,July,Northern
ESP,2018,8,24145.09,3892.869,20252.221,,24145.09,2018-08-01,Europe,5.0,"The Day of Our Lady of Africa, The Day of Our Lady of Africa observed, Eid al-Adha",Summer_Holidays,Q3,August,Northern
ESP,2018,9,22288.388,3683.941,18604.447,,22288.388,2018-09-01,Europe,7.0,"Day of the Independent City of Ceuta, Day of Asturias, Day of Extremadura",Regular,Q3,September,Northern
ESP,2018,10,20534.431,3522.298,17012.133,,20534.431,2018-10-01,Europe,2.0,"Day of the Valencian Community, Hispanic Day",Regular,Q4,October,Northern
ESP,2018,11,14384.398,3092.578,11291.82,,14384.398,2018-11-01,Europe,1.0,All Saints' Day,Regular,Q4,November,Northern
ESP,2018,12,14280.286,3081.061,11199.225,,14280.286,2018-12-01,Europe,8.0,"Day of Navarre, St Stephen's Day, Christmas Eve",Winter_Holidays,Q4,December,Northern
EST,2010,1,88.328,1.834,86.494,88.528,88.328,2010-01-01,Other,1.0,New Year's Day,Winter_Holidays,Q1,January,Northern
EST,2010,2,83.729,1.34,82.389,83.903,83.729,2010-02-01,Other,1.0,Independence Day,Regular,Q1,February,Northern
EST,2010,3,109.021,1.591,107.43,109.283,109.021,2010-03-01,Other,0.0,None,Regular,Q1,March,Northern
EST,2010,4,87.198,1.156,86.042,88.801,87.198,2010-04-01,Other,2.0,"Good Friday, Easter Sunday",Spring_Holidays,Q2,April,Northern
EST,2010,5,124.222,1.934,122.288,124.735,124.222,2010-05-01,Other,2.0,"Labor Day, Pentecost",Regular,Q2,May,Northern
EST,2010,6,138.498,2.243,136.255,139.164,138.498,2010-06-01,Other,2.0,"Victory Day, Midsummer Day",Regular,Q2,June,Northern
EST,2010,7,135.412,3.374,132.038,135.151,135.412,2010-07-01,Other,0.0,None,Regular,Q3,July,Northern
EST,2010,8,137.726,2.975,134.751,138.086,137.726,2010-08-01,Other,1.0,Independence Restoration Day,Summer_Holidays,Q3,August,Northern
EST,2010,9,133.593,2.181,131.412,133.237,133.593,2010-09-01,Other,0.0,None,Regular,Q3,September,Northern
EST,2010,10,131.427,2.235,129.192,131.503,131.427,2010-10-01,Other,0.0,None,Regular,Q4,October,Northern
EST,2010,11,108.565,1.869,106.696,109.039,108.565,2010-11-01,Other,0.0,None,Regular,Q4,November,Northern
EST,2010,12,103.343,1.922,101.421,103.401,103.343,2010-12-01,Other,3.0,"Christmas Eve, Christmas Day, Boxing Day",Winter_Holidays,Q4,December,Northern
EST,2011,1,110.607,1.873,108.734,111.205,110.607,2011-01-01,Other,1.0,New Year's Day,Winter_Holidays,Q1,January,Northern
EST,2011,2,103.79,1.595,102.195,104.199,103.79,2011-02-01,Other,1.0,Independence Day,Regular,Q1,February,Northern
EST,2011,3,136.764,2.171,134.593,137.257,136.764,2011-03-01,Other,0.0,None,Regular,Q1,March,Northern
EST,2011,4,149.33,2.316,147.014,149.705,149.33,2011-04-01,Other,2.0,"Good Friday, Easter Sunday",Spring_Holidays,Q2,April,Northern
EST,2011,5,180.284,2.795,177.489,180.751,180.284,2011-05-01,Other,1.0,Labor Day,Regular,Q2,May,Northern
EST,2011,6,186.556,3.042,183.514,186.945,186.556,2011-06-01,Other,3.0,"Pentecost, Victory Day, Midsummer Day",Regular,Q2,June,Northern
EST,2011,7,188.606,3.526,185.08,189.026,188.606,2011-07-01,Other,0.0,None,Regular,Q3,July,Northern
EST,2011,8,192.778,3.446,189.332,193.321,192.778,2011-08-01,Other,1.0,Independence Restoration Day,Summer_Holidays,Q3,August,Northern
EST,2011,9,185.063,2.187,182.876,185.359,185.063,2011-09-01,Other,0.0,None,Regular,Q3,September,Northern
EST,2011,10,179.521,2.144,177.377,180.105,179.521,2011-10-01,Other,0.0,None,Regular,Q4,October,Northern
EST,2011,11,151.528,1.891,149.637,152.219,151.528,2011-11-01,Other,0.0,None,Regular,Q4,November,Northern
EST,2011,12,142.742,1.98,140.762,143.08,142.742,2011-12-01,Other,3.0,"Christmas Eve, Christmas Day, Boxing Day",Winter_Holidays,Q4,December,Northern
EST,2012,1,133.273,1.514,131.759,133.493,133.273,2012-01-01,Other,1.0,New Year's Day,Winter_Holidays,Q1,January,Northern
EST,2012,2,125.804,1.614,124.19,126.054,125.804,2012-02-01,Other,1.0,Independence Day,Regular,Q1,February,Northern
EST,2012,3,163.573,2.038,161.535,163.783,163.573,2012-03-01,Other,0.0,None,Regular,Q1,March,Northern
EST,2012,4,191.656,2.086,189.57,192.027,191.656,2012-04-01,Other,2.0,"Good Friday, Easter Sunday",Spring_Holidays,Q2,April,Northern
EST,2012,5,215.075,1.97,213.105,215.679,215.075,2012-05-01,Other,2.0,"Labor Day, Pentecost",Regular,Q2,May,Northern
EST,2012,6,224.968,2.344,222.624,225.565,224.968,2012-06-01,Other,2.0,"Victory Day, Midsummer Day",Regular,Q2,June,Northern
EST,2012,7,227.873,2.469,225.404,228.287,227.873,2012-07-01,Other,0.0,None,Regular,Q3,July,Northern
EST,2012,8,223.484,2.549,220.935,223.815,223.484,2012-08-01,Other,1.0,Independence Restoration Day,Summer_Holidays,Q3,August,Northern
EST,2012,9,208.067,2.456,205.611,208.506,208.067,2012-09-01,Other,0.0,None,Regular,Q3,September,Northern
EST,2012,10,202.796,2.456,200.34,202.93,202.796,2012-10-01,Other,0.0,None,Regular,Q4,October,Northern
EST,2012,11,150.764,2.201,148.563,150.973,150.764,2012-11-01,Other,0.0,None,Regular,Q4,November,Northern
EST,2012,12,135.094,1.388,133.706,135.178,135.094,2012-12-01,Other,3.0,"Christmas Eve, Christmas Day, Boxing Day",Winter_Holidays,Q4,December,Northern
EST,2013,1,123.139,1.273,121.866,123.461,123.139,2013-01-01,Other,1.0,New Year's Day,Winter_Holidays,Q1,January,Northern
EST,2013,2,108.612,1.168,107.444,108.891,108.612,2013-02-01,Other,1.0,Independence Day,Regular,Q1,February,Northern
EST,2013,3,143.652,1.252,142.4,144.017,143.652,2013-03-01,Other,2.0,"Good Friday, Easter Sunday",Spring_Holidays,Q1,March,Northern
EST,2013,4,160.495,1.104,159.391,161.127,160.495,2013-04-01,Other,0.0,None,Regular,Q2,April,Northern
EST,2013,5,183.407,1.741,181.666,184.252,183.407,2013-05-01,Other,2.0,"Labor Day, Pentecost",Regular,Q2,May,Northern
EST,2013,6,200.012,1.721,198.291,199.831,200.012,2013-06-01,Other,2.0,"Victory Day, Midsummer Day",Regular,Q2,June,Northern
EST,2013,7,198.795,2.541,196.254,198.501,198.795,2013-07-01,Other,0.0,None,Regular,Q3,July,Northern
EST,2013,8,200.405,2.326,198.079,199.782,200.405,2013-08-01,Other,1.0,Independence Restoration Day,Summer_Holidays,Q3,August,Northern
EST,2013,9,190.431,1.635,188.796,190.329,190.431,2013-09-01,Other,0.0,None,Regular,Q3,September,Northern
EST,2013,10,187.84,1.671,186.169,188.005,187.84,2013-10-01,Other,0.0,None,Regular,Q4,October,Northern
EST,2013,11,136.779,1.447,135.332,136.043,136.779,2013-11-01,Other,0.0,None,Regular,Q4,November,Northern
EST,2013,12,124.998,1.325,123.673,124.562,124.998,2013-12-01,Other,3.0,"Christmas Eve, Christmas Day, Boxing Day",Winter_Holidays,Q4,December,Northern
EST,2014,1,120.548,1.205,119.343,119.911,120.548,2014-01-01,Other,1.0,New Year's Day,Winter_Holidays,Q1,January,Northern
EST,2014,2,113.71,0.961,112.749,113.157,113.71,2014-02-01,Other,1.0,Independence Day,Regular,Q1,February,Northern
EST,2014,3,149.286,1.075,148.211,148.901,149.286,2014-03-01,Other,0.0,None,Regular,Q1,March,Northern
EST,2014,4,159.035,1.326,157.709,158.758,159.035,2014-04-01,Other,2.0,"Good Friday, Easter Sunday",Spring_Holidays,Q2,April,Northern
EST,2014,5,186.132,1.369,184.763,185.567,186.132,2014-05-01,Other,1.0,Labor Day,Regular,Q2,May,Northern
EST,2014,6,200.877,1.712,199.165,200.507,200.877,2014-06-01,Other,3.0,"Pentecost, Victory Day, Midsummer Day",Regular,Q2,June,Northern
EST,2014,7,212.112,2.256,209.856,211.92,212.112,2014-07-01,Other,0.0,None,Regular,Q3,July,Northern
EST,2014,8,208.671,1.942,206.729,208.537,208.671,2014-08-01,Other,1.0,Independence Restoration Day,Summer_Holidays,Q3,August,Northern
EST,2014,9,195.525,1.204,194.321,195.301,195.525,2014-09-01,Other,0.0,None,Regular,Q3,September,Northern
EST,2014,10,189.193,1.357,187.836,189.084,189.193,2014-10-01,Other,0.0,None,Regular,Q4,October,Northern
EST,2014,11,147.57,1.067,146.503,148.372,147.57,2014-11-01,Other,0.0,None,Regular,Q4,November,Northern
EST,2014,12,137.147,1.156,135.991,137.276,137.147,2014-12-01,Other,3.0,"Christmas Eve, Christmas Day, Boxing Day",Winter_Holidays,Q4,December,Northern
EST,2015,1,127.698,1.052,126.646,128.089,127.698,2015-01-01,Other,1.0,New Year's Day,Winter_Holidays,Q1,January,Northern
EST,2015,2,121.827,1.092,120.735,122.462,121.827,2015-02-01,Other,1.0,Independence Day,Regular,Q1,February,Northern
EST,2015,3,162.494,1.342,161.152,162.797,162.494,2015-03-01,Other,0.0,None,Regular,Q1,March,Northern
EST,2015,4,174.411,1.474,172.937,174.527,174.411,2015-04-01,Other,2.0,"Good Friday, Easter Sunday",Spring_Holidays,Q2,April,Northern
EST,2015,5,200.502,1.662,198.84,201.53,200.502,2015-05-01,Other,2.0,"Labor Day, Pentecost",Regular,Q2,May,Northern
EST,2015,6,217.155,1.908,215.247,217.812,217.155,2015-06-01,Other,2.0,"Victory Day, Midsummer Day",Regular,Q2,June,Northern
EST,2015,7,230.818,2.331,228.487,231.251,230.818,2015-07-01,Other,0.0,None,Regular,Q3,July,Northern
EST,2015,8,233.652,2.183,231.469,234.237,233.652,2015-08-01,Other,1.0,Independence Restoration Day,Summer_Holidays,Q3,August,Northern
EST,2015,9,207.006,1.651,205.355,207.426,207.006,2015-09-01,Other,0.0,None,Regular,Q3,September,Northern
EST,2015,10,206.634,1.866,204.768,207.276,206.634,2015-10-01,Other,0.0,None,Regular,Q4,October,Northern
EST,2015,11,145.37,1.604,143.766,145.679,145.37,2015-11-01,Other,0.0,None,Regular,Q4,November,Northern
EST,2015,12,133.411,1.394,132.017,133.577,133.411,2015-12-01,Other,3.0,"Christmas Eve, Christmas Day, Boxing Day",Winter_Holidays,Q4,December,Northern
EST,2016,1,126.673,1.156,125.517,127.472,126.673,2016-01-01,Other,1.0,New Year's Day,Winter_Holidays,Q1,January,Northern
EST,2016,2,127.811,1.328,126.483,128.037,127.811,2016-02-01,Other,1.0,Independence Day,Regular,Q1,February,Northern
EST,2016,3,157.596,1.674,155.922,158.023,157.596,2016-03-01,Other,2.0,"Good Friday, Easter Sunday",Spring_Holidays,Q1,March,Northern
EST,2016,4,179.293,0.032,179.261,180.268,179.293,2016-04-01,Other,0.0,None,Regular,Q2,April,Northern
EST,2016,5,200.537,,200.537,201.061,200.537,2016-05-01,Other,2.0,"Labor Day, Pentecost",Regular,Q2,May,Northern
EST,2016,6,224.055,0.762,223.293,224.76,224.055,2016-06-01,Other,2.0,"Victory Day, Midsummer Day",Regular,Q2,June,Northern
EST,2016,7,227.231,2.296,224.935,227.867,227.231,2016-07-01,Other,0.0,None,Regular,Q3,July,Northern
EST,2016,8,227.497,2.386,225.111,228.175,227.497,2016-08-01,Other,1.0,Independence Restoration Day,Summer_Holidays,Q3,August,Northern
EST,2016,9,214.518,1.776,212.742,214.649,214.518,2016-09-01,Other,0.0,None,Regular,Q3,September,Northern
EST,2016,10,210.284,2.276,208.008,210.735,210.284,2016-10-01,Other,0.0,None,Regular,Q4,October,Northern
EST,2016,11,159.672,1.901,157.771,159.969,159.672,2016-11-01,Other,0.0,None,Regular,Q4,November,Northern
EST,2016,12,159.822,1.774,158.048,159.663,159.822,2016-12-01,Other,3.0,"Christmas Eve, Christmas Day, Boxing Day",Winter_Holidays,Q4,December,Northern
EST,2017,1,154.185,1.455,152.73,154.783,154.185,2017-01-01,Other,1.0,New Year's Day,Winter_Holidays,Q1,January,Northern
EST,2017,2,149.119,1.438,147.681,149.564,149.119,2017-02-01,Other,1.0,Independence Day,Regular,Q1,February,Northern
EST,2017,3,184.307,1.64,182.667,184.431,184.307,2017-03-01,Other,0.0,None,Regular,Q1,March,Northern
EST,2017,4,202.889,1.773,201.116,203.958,202.889,2017-04-01,Other,2.0,"Good Friday, Easter Sunday",Spring_Holidays,Q2,April,Northern
EST,2017,5,232.518,2.166,230.352,234.008,232.518,2017-05-01,Other,1.0,Labor Day,Regular,Q2,May,Northern
EST,2017,6,258.805,2.322,256.483,259.775,258.805,2017-06-01,Other,3.0,"Pentecost, Victory Day, Midsummer Day",Regular,Q2,June,Northern
EST,2017,7,270.526,2.933,267.593,272.688,270.526,2017-07-01,Other,0.0,None,Regular,Q3,July,Northern
EST,2017,8,272.676,2.856,269.82,274.075,272.676,2017-08-01,Other,1.0,Independence Restoration Day,Summer_Holidays,Q3,August,Northern
EST,2017,9,264.776,2.023,262.753,266.751,264.776,2017-09-01,Other,0.0,None,Regular,Q3,September,Northern
EST,2017,10,255.403,2.074,253.329,257.027,255.403,2017-10-01,Other,0.0,None,Regular,Q4,October,Northern
EST,2017,11,201.932,1.891,200.041,202.701,201.932,2017-11-01,Other,0.0,None,Regular,Q4,November,Northern
EST,2017,12,188.009,1.953,186.056,188.6,188.009,2017-12-01,Other,3.0,"Christmas Eve, Christmas Day, Boxing Day",Winter_Holidays,Q4,December,Northern
EST,2018,1,174.049,1.72,172.329,,174.049,2018-01-01,Other,1.0,New Year's Day,Winter_Holidays,Q1,January,Northern
EST,2018,2,170.81,1.747,169.063,,170.81,2018-02-01,Other,1.0,Independence Day,Regular,Q1,February,Northern
EST,2018,3,209.683,2.546,207.137,,209.683,2018-03-01,Other,1.0,Good Friday,Spring_Holidays,Q1,March,Northern
EST,2018,4,237.676,2.159,235.517,,237.676,2018-04-01,Other,1.0,Easter Sunday,Spring_Holidays,Q2,April,Northern
EST,2018,5,273.84,2.549,271.291,,273.84,2018-05-01,Other,2.0,"Labor Day, Pentecost",Regular,Q2,May,Northern
EST,2018,6,298.147,2.687,295.46,,298.147,2018-06-01,Other,2.0,"Victory Day, Midsummer Day",Regular,Q2,June,Northern
EST,2018,7,310.856,3.264,307.592,,310.856,2018-07-01,Other,0.0,None,Regular,Q3,July,Northern
EST,2018,8,304.734,2.573,302.161,,304.734,2018-08-01,Other,1.0,Independence Restoration Day,Summer_Holidays,Q3,August,Northern
EST,2018,9,283.175,2.188,280.987,,283.175,2018-09-01,Other,0.0,None,Regular,Q3,September,Northern
EST,2018,10,283.994,2.243,281.751,,283.994,2018-10-01,Other,0.0,None,Regular,Q4,October,Northern
EST,2018,11,226.791,2.142,224.649,,226.791,2018-11-01,Other,0.0,None,Regular,Q4,November,Northern
EST,2018,12,221.773,1.966,219.807,,221.773,2018-12-01,Other,3.0,"Christmas Eve, Christmas Day, Boxing Day",Winter_Holidays,Q4,December,Northern
FIN,2010,1,1052.616,190.01,862.606,1211.792,1052.616,2010-01-01,Europe,2.0,"New Year's Day, Epiphany",Winter_Holidays,Q1,January,Northern
FIN,2010,2,1041.402,219.4,822.002,1214.599,1041.402,2010-02-01,Europe,1.0,Valentine's Day,Regular,Q1,February,Northern
FIN,2010,3,1267.8,271.326,996.474,1476.742,1267.8,2010-03-01,Europe,0.0,None,Regular,Q1,March,Northern
FIN,2010,4,860.07,147.681,712.389,978.632,860.07,2010-04-01,Europe,3.0,"Good Friday, Easter Sunday, Easter Monday",Spring_Holidays,Q2,April,Northern
FIN,2010,5,1222.318,184.809,1037.509,1365.093,1222.318,2010-05-01,Europe,3.0,"May Day, Ascension Day, Whit Sunday",Regular,Q2,May,Northern
FIN,2010,6,1346.123,175.967,1170.156,1480.505,1346.123,2010-06-01,Europe,1.0,Midsummer,Regular,Q2,June,Northern
FIN,2010,7,1303.233,116.757,1186.476,1393.846,1303.233,2010-07-01,Europe,0.0,None,Regular,Q3,July,Northern
FIN,2010,8,1275.217,156.87,1118.347,1403.362,1275.217,2010-08-01,Europe,0.0,None,Regular,Q3,August,Northern
FIN,2010,9,1286.259,205.073,1081.186,1449.94,1286.259,2010-09-01,Europe,0.0,None,Regular,Q3,September,Northern
FIN,2010,10,1342.615,195.739,1146.876,1493.72,1342.615,2010-10-01,Europe,0.0,None,Regular,Q4,October,Northern
FIN,2010,11,1137.52,217.334,920.186,1309.069,1137.52,2010-11-01,Europe,1.0,All Saints' Day,Regular,Q4,November,Northern
FIN,2010,12,1085.463,169.29,916.173,1205.836,1085.463,2010-12-01,Europe,4.0,"New Year's Eve, Independence Day, Christmas Day",Winter_Holidays,Q4,December,Northern
FIN,2011,1,1161.332,202.757,958.575,1299.345,1161.332,2011-01-01,Europe,2.0,"New Year's Day, Epiphany",Winter_Holidays,Q1,January,Northern
FIN,2011,2,1130.671,223.867,906.804,1291.05,1130.671,2011-02-01,Europe,1.0,Valentine's Day,Regular,Q1,February,Northern
FIN,2011,3,1351.546,278.591,1072.955,1553.1,1351.546,2011-03-01,Europe,0.0,None,Regular,Q1,March,Northern
FIN,2011,4,1367.587,259.895,1107.692,1555.925,1367.587,2011-04-01,Europe,3.0,"Good Friday, Easter Sunday, Easter Monday",Spring_Holidays,Q2,April,Northern
FIN,2011,5,1443.21,241.435,1201.775,1612.285,1443.21,2011-05-01,Europe,1.0,May Day,Regular,Q2,May,Northern
FIN,2011,6,1550.563,221.515,1329.048,1714.458,1550.563,2011-06-01,Europe,3.0,"Ascension Day, Whit Sunday, Midsummer",Regular,Q2,June,Northern
FIN,2011,7,1514.558,160.434,1354.124,1634.687,1514.558,2011-07-01,Europe,0.0,None,Regular,Q3,July,Northern
FIN,2011,8,1435.078,194.47,1240.608,1581.654,1435.078,2011-08-01,Europe,0.0,None,Regular,Q3,August,Northern
FIN,2011,9,1431.985,244.318,1187.667,1604.939,1431.985,2011-09-01,Europe,0.0,None,Regular,Q3,September,Northern
FIN,2011,10,1468.349,232.668,1235.681,1631.614,1468.349,2011-10-01,Europe,0.0,None,Regular,Q4,October,Northern
FIN,2011,11,1197.71,243.281,954.429,1381.035,1197.71,2011-11-01,Europe,1.0,All Saints' Day,Regular,Q4,November,Northern
FIN,2011,12,1321.809,250.815,1070.994,1501.766,1321.809,2011-12-01,Europe,4.0,"New Year's Eve, Independence Day, Christmas Day",Winter_Holidays,Q4,December,Northern
FIN,2012,1,1256.353,246.19,1010.163,1454.0,1256.353,2012-01-01,Europe,2.0,"New Year's Day, Epiphany",Winter_Holidays,Q1,January,Northern
FIN,2012,2,1251.262,273.035,978.227,1475.046,1251.262,2012-02-01,Europe,1.0,Valentine's Day,Regular,Q1,February,Northern
FIN,2012,3,1437.276,325.863,1111.413,1705.972,1437.276,2012-03-01,Europe,0.0,None,Regular,Q1,March,Northern
FIN,2012,4,1388.408,251.304,1137.104,1589.277,1388.408,2012-04-01,Europe,3.0,"Good Friday, Easter Sunday, Easter Monday",Spring_Holidays,Q2,April,Northern
FIN,2012,5,1415.611,223.568,1192.043,1593.544,1415.611,2012-05-01,Europe,3.0,"May Day, Ascension Day, Whit Sunday",Regular,Q2,May,Northern
FIN,2012,6,1516.745,205.947,1310.798,1688.096,1516.745,2012-06-01,Europe,1.0,Midsummer,Regular,Q2,June,Northern
FIN,2012,7,1454.574,147.028,1307.546,1583.892,1454.574,2012-07-01,Europe,0.0,None,Regular,Q3,July,Northern
FIN,2012,8,1415.81,189.868,1225.942,1570.224,1415.81,2012-08-01,Europe,0.0,None,Regular,Q3,August,Northern
FIN,2012,9,1415.054,220.5,1194.554,1595.014,1415.054,2012-09-01,Europe,0.0,None,Regular,Q3,September,Northern
FIN,2012,10,1433.37,209.495,1223.875,1597.035,1433.37,2012-10-01,Europe,0.0,None,Regular,Q4,October,Northern
FIN,2012,11,1197.779,220.998,976.781,1377.286,1197.779,2012-11-01,Europe,1.0,All Saints' Day,Regular,Q4,November,Northern
FIN,2012,12,1276.573,207.384,1069.189,1433.031,1276.573,2012-12-01,Europe,4.0,"New Year's Eve, Independence Day, Christmas Day",Winter_Holidays,Q4,December,Northern
FIN,2013,1,1190.652,199.958,990.694,1351.938,1190.652,2013-01-01,Europe,2.0,"New Year's Day, Epiphany",Winter_Holidays,Q1,January,Northern
FIN,2013,2,1181.445,224.683,956.762,1365.026,1181.445,2013-02-01,Europe,1.0,Valentine's Day,Regular,Q1,February,Northern
FIN,2013,3,1377.146,271.11,1106.036,1605.18,1377.146,2013-03-01,Europe,2.0,"Good Friday, Easter Sunday",Spring_Holidays,Q1,March,Northern
FIN,2013,4,1357.674,226.995,1130.679,1542.073,1357.674,2013-04-01,Europe,1.0,Easter Monday,Spring_Holidays,Q2,April,Northern
FIN,2013,5,1420.393,200.544,1219.849,1579.328,1420.393,2013-05-01,Europe,3.0,"May Day, Ascension Day, Whit Sunday",Regular,Q2,May,Northern
FIN,2013,6,1537.015,180.241,1356.774,1685.723,1537.015,2013-06-01,Europe,1.0,Midsummer,Regular,Q2,June,Northern
FIN,2013,7,1538.437,130.453,1407.984,1652.252,1538.437,2013-07-01,Europe,0.0,None,Regular,Q3,July,Northern
FIN,2013,8,1493.923,166.5,1327.423,1634.767,1493.923,2013-08-01,Europe,0.0,None,Regular,Q3,August,Northern
FIN,2013,9,1461.236,209.39,1251.846,1631.917,1461.236,2013-09-01,Europe,0.0,None,Regular,Q3,September,Northern
FIN,2013,10,1478.043,202.653,1275.39,1638.614,1478.043,2013-10-01,Europe,0.0,None,Regular,Q4,October,Northern
FIN,2013,11,1193.585,211.86,981.725,1373.305,1193.585,2013-11-01,Europe,1.0,All Saints' Day,Regular,Q4,November,Northern
FIN,2013,12,1335.842,215.12,1120.722,1505.654,1335.842,2013-12-01,Europe,4.0,"New Year's Eve, Independence Day, Christmas Day",Winter_Holidays,Q4,December,Northern
FIN,2014,1,1252.591,210.783,1041.808,1428.043,1252.591,2014-01-01,Europe,2.0,"New Year's Day, Epiphany",Winter_Holidays,Q1,January,Northern
FIN,2014,2,1226.866,232.089,994.777,1422.316,1226.866,2014-02-01,Europe,1.0,Valentine's Day,Regular,Q1,February,Northern
FIN,2014,3,1426.007,283.757,1142.25,1665.567,1426.007,2014-03-01,Europe,0.0,None,Regular,Q1,March,Northern
FIN,2014,4,1420.894,221.023,1199.871,1601.568,1420.894,2014-04-01,Europe,3.0,"Good Friday, Easter Sunday, Easter Monday",Spring_Holidays,Q2,April,Northern
FIN,2014,5,1465.517,201.949,1263.568,1630.228,1465.517,2014-05-01,Europe,2.0,"May Day, Ascension Day",Regular,Q2,May,Northern
FIN,2014,6,1609.155,192.18,1416.975,1769.495,1609.155,2014-06-01,Europe,2.0,"Whit Sunday, Midsummer",Regular,Q2,June,Northern
FIN,2014,7,1563.729,130.431,1433.298,1674.548,1563.729,2014-07-01,Europe,0.0,None,Regular,Q3,July,Northern
FIN,2014,8,1537.721,177.697,1360.024,1686.583,1537.721,2014-08-01,Europe,0.0,None,Regular,Q3,August,Northern
FIN,2014,9,1495.137,212.735,1282.402,1667.9,1495.137,2014-09-01,Europe,0.0,None,Regular,Q3,September,Northern
FIN,2014,10,1546.467,212.435,1334.032,1715.049,1546.467,2014-10-01,Europe,0.0,None,Regular,Q4,October,Northern
FIN,2014,11,1261.839,221.129,1040.71,1449.544,1261.839,2014-11-01,Europe,1.0,All Saints' Day,Regular,Q4,November,Northern
FIN,2014,12,1366.008,219.986,1146.022,1540.539,1366.008,2014-12-01,Europe,4.0,"New Year's Eve, Independence Day, Christmas Day",Winter_Holidays,Q4,December,Northern
FIN,2015,1,1246.361,200.422,1045.939,1409.742,1246.361,2015-01-01,Europe,2.0,"New Year's Day, Epiphany",Winter_Holidays,Q1,January,Northern
FIN,2015,2,1246.082,233.711,1012.371,1439.561,1246.082,2015-02-01,Europe,1.0,Valentine's Day,Regular,Q1,February,Northern
FIN,2015,3,1440.44,278.331,1162.109,1672.013,1440.44,2015-03-01,Europe,0.0,None,Regular,Q1,March,Northern
FIN,2015,4,1410.426,219.654,1190.772,1591.839,1410.426,2015-04-01,Europe,3.0,"Good Friday, Easter Sunday, Easter Monday",Spring_Holidays,Q2,April,Northern
FIN,2015,5,1474.746,205.844,1268.902,1642.501,1474.746,2015-05-01,Europe,3.0,"May Day, Ascension Day, Whit Sunday",Regular,Q2,May,Northern
FIN,2015,6,1599.596,198.065,1401.531,1760.203,1599.596,2015-06-01,Europe,1.0,Midsummer,Regular,Q2,June,Northern
FIN,2015,7,1607.679,147.618,1460.061,1721.039,1607.679,2015-07-01,Europe,0.0,None,Regular,Q3,July,Northern
FIN,2015,8,1579.508,187.203,1392.305,1734.337,1579.508,2015-08-01,Europe,0.0,None,Regular,Q3,August,Northern
FIN,2015,9,1530.338,218.95,1311.388,1705.214,1530.338,2015-09-01,Europe,0.0,None,Regular,Q3,September,Northern
FIN,2015,10,1590.824,224.742,1366.082,1766.733,1590.824,2015-10-01,Europe,1.0,All Saints' Day,Regular,Q4,October,Northern
FIN,2015,11,1315.051,239.831,1075.22,1516.012,1315.051,2015-11-01,Europe,0.0,None,Regular,Q4,November,Northern
FIN,2015,12,1438.195,244.765,1193.43,1626.91,1438.195,2015-12-01,Europe,4.0,"New Year's Eve, Independence Day, Christmas Day",Winter_Holidays,Q4,December,Northern
FIN,2016,1,1310.388,221.145,1089.243,1490.049,1310.388,2016-01-01,Europe,2.0,"New Year's Day, Epiphany",Winter_Holidays,Q1,January,Northern
FIN,2016,2,1350.495,264.109,1086.386,1570.64,1350.495,2016-02-01,Europe,1.0,Valentine's Day,Regular,Q1,February,Northern
FIN,2016,3,1489.029,285.024,1204.005,1730.433,1489.029,2016-03-01,Europe,3.0,"Good Friday, Easter Sunday, Easter Monday",Spring_Holidays,Q1,March,Northern
FIN,2016,4,1419.066,234.394,1184.672,1609.9,1419.066,2016-04-01,Europe,0.0,None,Regular,Q2,April,Northern
FIN,2016,5,1526.576,215.661,1310.915,1706.843,1526.576,2016-05-01,Europe,3.0,"May Day, Ascension Day, Whit Sunday",Regular,Q2,May,Northern
FIN,2016,6,1644.55,196.714,1447.836,1810.22,1644.55,2016-06-01,Europe,1.0,Midsummer,Regular,Q2,June,Northern
FIN,2016,7,1642.879,136.396,1506.483,1743.922,1642.879,2016-07-01,Europe,0.0,None,Regular,Q3,July,Northern
FIN,2016,8,1597.493,185.964,1411.529,1756.432,1597.493,2016-08-01,Europe,0.0,None,Regular,Q3,August,Northern
FIN,2016,9,1584.146,230.012,1354.134,1776.05,1584.146,2016-09-01,Europe,0.0,None,Regular,Q3,September,Northern
FIN,2016,10,1583.955,214.426,1369.529,1758.298,1583.955,2016-10-01,Europe,0.0,None,Regular,Q4,October,Northern
FIN,2016,11,1368.336,250.151,1118.185,1580.665,1368.336,2016-11-01,Europe,1.0,All Saints' Day,Regular,Q4,November,Northern
FIN,2016,12,1583.041,254.884,1328.157,1777.723,1583.041,2016-12-01,Europe,4.0,"New Year's Eve, Independence Day, Christmas Day",Winter_Holidays,Q4,December,Northern
FIN,2017,1,1444.45,249.961,1194.489,1651.608,1444.45,2017-01-01,Europe,2.0,"New Year's Day, Epiphany",Winter_Holidays,Q1,January,Northern
FIN,2017,2,1414.963,267.415,1147.548,1636.33,1414.963,2017-02-01,Europe,1.0,Valentine's Day,Regular,Q1,February,Northern
FIN,2017,3,1583.773,299.521,1284.252,1835.193,1583.773,2017-03-01,Europe,0.0,None,Regular,Q1,March,Northern
FIN,2017,4,1574.73,232.604,1342.126,1767.804,1574.73,2017-04-01,Europe,3.0,"Good Friday, Easter Sunday, Easter Monday",Spring_Holidays,Q2,April,Northern
FIN,2017,5,1694.938,212.765,1482.173,1855.712,1694.938,2017-05-01,Europe,2.0,"May Day, Ascension Day",Regular,Q2,May,Northern
FIN,2017,6,1825.647,187.552,1638.095,1953.351,1825.647,2017-06-01,Europe,2.0,"Whit Sunday, Midsummer",Regular,Q2,June,Northern
FIN,2017,7,1830.037,126.227,1703.81,1901.682,1830.037,2017-07-01,Europe,0.0,None,Regular,Q3,July,Northern
FIN,2017,8,1791.313,185.198,1606.115,1927.09,1791.313,2017-08-01,Europe,0.0,None,Regular,Q3,August,Northern
FIN,2017,9,1767.359,228.501,1538.858,1922.685,1767.359,2017-09-01,Europe,0.0,None,Regular,Q3,September,Northern
FIN,2017,10,1784.812,225.763,1559.049,1953.44,1784.812,2017-10-01,Europe,0.0,None,Regular,Q4,October,Northern
FIN,2017,11,1563.301,268.866,1294.435,1778.436,1563.301,2017-11-01,Europe,1.0,All Saints' Day,Regular,Q4,November,Northern
FIN,2017,12,1779.624,274.293,1505.331,1966.368,1779.624,2017-12-01,Europe,4.0,"New Year's Eve, Independence Day, Christmas Day",Winter_Holidays,Q4,December,Northern
FIN,2018,1,1625.31,278.967,1346.343,,1625.31,2018-01-01,Europe,2.0,"New Year's Day, Epiphany",Winter_Holidays,Q1,January,Northern
FIN,2018,2,1599.966,295.415,1304.551,,1599.966,2018-02-01,Europe,1.0,Valentine's Day,Regular,Q1,February,Northern
FIN,2018,3,1818.956,326.912,1492.044,,1818.956,2018-03-01,Europe,1.0,Good Friday,Spring_Holidays,Q1,March,Northern
FIN,2018,4,1783.442,260.17,1523.272,,1783.442,2018-04-01,Europe,2.0,"Easter Sunday, Easter Monday",Spring_Holidays,Q2,April,Northern
FIN,2018,5,1898.459,229.351,1669.108,,1898.459,2018-05-01,Europe,3.0,"May Day, Ascension Day, Whit Sunday",Regular,Q2,May,Northern
FIN,2018,6,2033.407,201.151,1832.256,,2033.407,2018-06-01,Europe,1.0,Midsummer,Regular,Q2,June,Northern
FIN,2018,7,2045.461,153.933,1891.528,,2045.461,2018-07-01,Europe,0.0,None,Regular,Q3,July,Northern
FIN,2018,8,1958.823,192.274,1766.549,,1958.823,2018-08-01,Europe,0.0,None,Regular,Q3,August,Northern
FIN,2018,9,1899.198,231.651,1667.547,,1899.198,2018-09-01,Europe,0.0,None,Regular,Q3,September,Northern
FIN,2018,10,1915.859,239.026,1676.833,,1915.859,2018-10-01,Europe,0.0,None,Regular,Q4,October,Northern
FIN,2018,11,1648.033,274.654,1373.379,,1648.033,2018-11-01,Europe,1.0,All Saints' Day,Regular,Q4,November,Northern
FIN,2018,12,1946.616,308.16,1638.456,,1946.616,2018-12-01,Europe,4.0,"New Year's Eve, Independence Day, Christmas Day",Winter_Holidays,Q4,December,Northern
FRA,2010,1,8013.729,1858.247,6155.482,8933.803,8013.729,2010-01-01,Europe,1.0,New Year's Day,Winter_Holidays,Q1,January,Northern
FRA,2010,2,7617.465,1766.65,5850.815,8584.127,7617.465,2010-02-01,Europe,0.0,None,Regular,Q1,February,Northern
FRA,2010,3,9252.808,2157.837,7094.971,10476.041,9252.808,2010-03-01,Europe,0.0,None,Regular,Q1,March,Northern
FRA,2010,4,8650.577,1886.777,6763.8,9701.404,8650.577,2010-04-01,Europe,3.0,"Good Friday, Easter Sunday, Easter Monday",Spring_Holidays,Q2,April,Northern
FRA,2010,5,10829.461,2297.133,8532.328,12242.146,10829.461,2010-05-01,Europe,6.0,"Whit Sunday, Mother's Day, Labor Day / May Day",Regular,Q2,May,Northern
FRA,2010,6,10957.697,2408.768,8548.929,12436.128,10957.697,2010-06-01,Europe,1.0,Father's Day,Regular,Q2,June,Northern
FRA,2010,7,12556.643,2562.835,9993.808,13829.141,12556.643,2010-07-01,Europe,1.0,Bastille Day,Summer_Holidays,Q3,July,Northern
FRA,2010,8,12287.209,2372.584,9914.625,13327.409,12287.209,2010-08-01,Europe,1.0,Assumption of Mary,Summer_Holidays,Q3,August,Northern
FRA,2010,9,10788.765,2225.727,8563.038,12159.483,10788.765,2010-09-01,Europe,0.0,None,Regular,Q3,September,Northern
FRA,2010,10,10530.337,2223.298,8307.039,11914.907,10530.337,2010-10-01,Europe,0.0,None,Regular,Q4,October,Northern
FRA,2010,11,8635.091,2090.407,6544.684,10014.801,8635.091,2010-11-01,Europe,2.0,"All Saints' Day, Armistice Day",Regular,Q4,November,Northern
FRA,2010,12,8577.425,2077.341,6500.084,9803.217,8577.425,2010-12-01,Europe,4.0,"St Stephen's Day, Christmas Eve, New Year's Eve",Winter_Holidays,Q4,December,Northern
FRA,2011,1,8534.426,2029.09,6505.336,9666.252,8534.426,2011-01-01,Europe,1.0,New Year's Day,Winter_Holidays,Q1,January,Northern
FRA,2011,2,8033.804,1911.195,6122.609,9184.92,8033.804,2011-02-01,Europe,0.0,None,Regular,Q1,February,Northern
FRA,2011,3,9490.702,2200.529,7290.173,10880.341,9490.702,2011-03-01,Europe,0.0,None,Regular,Q1,March,Northern
FRA,2011,4,10846.023,2301.672,8544.351,12289.846,10846.023,2011-04-01,Europe,3.0,"Good Friday, Easter Sunday, Easter Monday",Spring_Holidays,Q2,April,Northern
FRA,2011,5,11260.615,2402.182,8858.433,12890.589,11260.615,2011-05-01,Europe,3.0,"Mother's Day, Labor Day / May Day, WWII Victory Day",Regular,Q2,May,Northern
FRA,2011,6,11527.957,2534.281,8993.676,13159.757,11527.957,2011-06-01,Europe,4.0,"Whit Sunday, Father's Day, Ascension Day",Regular,Q2,June,Northern
FRA,2011,7,13202.996,2653.42,10549.576,14628.869,13202.996,2011-07-01,Europe,1.0,Bastille Day,Summer_Holidays,Q3,July,Northern
FRA,2011,8,12483.7,2378.797,10104.903,13647.077,12483.7,2011-08-01,Europe,1.0,Assumption of Mary,Summer_Holidays,Q3,August,Northern
FRA,2011,9,11558.81,2382.91,9175.9,13084.309,11558.81,2011-09-01,Europe,0.0,None,Regular,Q3,September,Northern
FRA,2011,10,10897.892,2326.226,8571.666,12396.493,10897.892,2011-10-01,Europe,0.0,None,Regular,Q4,October,Northern
FRA,2011,11,8842.73,2130.594,6712.136,10275.857,8842.73,2011-11-01,Europe,2.0,"All Saints' Day, Armistice Day",Regular,Q4,November,Northern
FRA,2011,12,9333.602,2279.145,7054.457,10702.037,9333.602,2011-12-01,Europe,4.0,"St Stephen's Day, Christmas Eve, New Year's Eve",Winter_Holidays,Q4,December,Northern
FRA,2012,1,8750.735,2091.218,6659.517,9926.86,8750.735,2012-01-01,Europe,1.0,New Year's Day,Winter_Holidays,Q1,January,Northern
FRA,2012,2,8335.525,1951.419,6384.106,9458.858,8335.525,2012-02-01,Europe,0.0,None,Regular,Q1,February,Northern
FRA,2012,3,9951.848,2277.619,7674.229,11342.064,9951.848,2012-03-01,Europe,0.0,None,Regular,Q1,March,Northern
FRA,2012,4,11277.694,2339.312,8938.382,12729.481,11277.694,2012-04-01,Europe,3.0,"Good Friday, Easter Sunday, Easter Monday",Spring_Holidays,Q2,April,Northern
FRA,2012,5,11431.852,2364.142,9067.71,13011.989,11431.852,2012-05-01,Europe,5.0,"Whit Sunday, Labor Day / May Day, WWII Victory Day",Regular,Q2,May,Northern
FRA,2012,6,11922.585,2556.94,9365.645,13672.697,11922.585,2012-06-01,Europe,2.0,"Mother's Day, Father's Day",Regular,Q2,June,Northern
FRA,2012,7,13536.826,2757.863,10778.963,15163.082,13536.826,2012-07-01,Europe,1.0,Bastille Day,Summer_Holidays,Q3,July,Northern
FRA,2012,8,13192.853,2489.598,10703.255,14555.109,13192.853,2012-08-01,Europe,1.0,Assumption of Mary,Summer_Holidays,Q3,August,Northern
FRA,2012,9,11946.555,2396.813,9549.742,13540.834,11946.555,2012-09-01,Europe,0.0,None,Regular,Q3,September,Northern
FRA,2012,10,10927.954,2325.543,8602.411,12495.859,10927.954,2012-10-01,Europe,0.0,None,Regular,Q4,October,Northern
FRA,2012,11,9179.142,2196.759,6982.383,10710.218,9179.142,2012-11-01,Europe,2.0,"All Saints' Day, Armistice Day",Regular,Q4,November,Northern
FRA,2012,12,9310.893,2249.436,7061.457,10720.771,9310.893,2012-12-01,Europe,4.0,"St Stephen's Day, Christmas Eve, New Year's Eve",Winter_Holidays,Q4,December,Northern
FRA,2013,1,8648.378,2029.49,6618.888,9727.721,8648.378,2013-01-01,Europe,1.0,New Year's Day,Winter_Holidays,Q1,January,Northern
FRA,2013,2,8273.792,1996.605,6277.187,9422.845,8273.792,2013-02-01,Europe,0.0,None,Regular,Q1,February,Northern
FRA,2013,3,10306.089,2305.712,8000.377,11614.362,10306.089,2013-03-01,Europe,2.0,"Good Friday, Easter Sunday",Spring_Holidays,Q1,March,Northern
FRA,2013,4,11183.932,2418.892,8765.04,12642.214,11183.932,2013-04-01,Europe,1.0,Easter Monday,Spring_Holidays,Q2,April,Northern
FRA,2013,5,12105.1,2498.755,9606.345,13564.006,12105.1,2013-05-01,Europe,6.0,"Whit Sunday, Mother's Day, Labor Day / May Day",Regular,Q2,May,Northern
FRA,2013,6,12210.129,2578.634,9631.495,13791.385,12210.129,2013-06-01,Europe,1.0,Father's Day,Regular,Q2,June,Northern
FRA,2013,7,13550.913,2809.231,10741.682,15019.54,13550.913,2013-07-01,Europe,1.0,Bastille Day,Summer_Holidays,Q3,July,Northern
FRA,2013,8,13836.436,2582.065,11254.371,14999.451,13836.436,2013-08-01,Europe,1.0,Assumption of Mary,Summer_Holidays,Q3,August,Northern
FRA,2013,9,12216.344,2455.672,9760.672,13701.866,12216.344,2013-09-01,Europe,0.0,None,Regular,Q3,September,Northern
FRA,2013,10,11513.218,2458.974,9054.244,13049.354,11513.218,2013-10-01,Europe,0.0,None,Regular,Q4,October,Northern
FRA,2013,11,9203.807,2176.129,7027.678,10641.99,9203.807,2013-11-01,Europe,2.0,"All Saints' Day, Armistice Day",Regular,Q4,November,Northern
FRA,2013,12,9714.737,2313.838,7400.899,11095.779,9714.737,2013-12-01,Europe,4.0,"St Stephen's Day, Christmas Eve, New Year's Eve",Winter_Holidays,Q4,December,Northern
FRA,2014,1,9064.682,2052.571,7012.111,10187.663,9064.682,2014-01-01,Europe,1.0,New Year's Day,Winter_Holidays,Q1,January,Northern
FRA,2014,2,8617.924,1983.371,6634.553,9786.551,8617.924,2014-02-01,Europe,0.0,None,Regular,Q1,February,Northern
FRA,2014,3,10378.139,2288.84,8089.299,11741.285,10378.139,2014-03-01,Europe,0.0,None,Regular,Q1,March,Northern
FRA,2014,4,11763.853,2398.588,9365.265,13245.209,11763.853,2014-04-01,Europe,3.0,"Good Friday, Easter Sunday, Easter Monday",Spring_Holidays,Q2,April,Northern
FRA,2014,5,12405.522,2386.227,10019.295,13904.063,12405.522,2014-05-01,Europe,4.0,"Mother's Day, Labor Day / May Day, WWII Victory Day",Regular,Q2,May,Northern
FRA,2014,6,12867.582,2672.673,10194.909,14605.145,12867.582,2014-06-01,Europe,3.0,"Whit Sunday, Father's Day, Whit Monday",Regular,Q2,June,Northern
FRA,2014,7,13913.622,2731.1,11182.522,15402.771,13913.622,2014-07-01,Europe,1.0,Bastille Day,Summer_Holidays,Q3,July,Northern
FRA,2014,8,14548.741,2536.819,12011.922,15760.504,14548.741,2014-08-01,Europe,1.0,Assumption of Mary,Summer_Holidays,Q3,August,Northern
FRA,2014,9,11434.54,1986.923,9447.617,12568.096,11434.54,2014-09-01,Europe,0.0,None,Regular,Q3,September,Northern
FRA,2014,10,11970.793,2454.215,9516.578,13547.234,11970.793,2014-10-01,Europe,0.0,None,Regular,Q4,October,Northern
FRA,2014,11,9364.723,2114.97,7249.753,10806.697,9364.723,2014-11-01,Europe,2.0,"All Saints' Day, Armistice Day",Regular,Q4,November,Northern
FRA,2014,12,10030.55,2314.652,7715.898,11452.142,10030.55,2014-12-01,Europe,4.0,"St Stephen's Day, Christmas Eve, New Year's Eve",Winter_Holidays,Q4,December,Northern
FRA,2015,1,9330.402,2053.546,7276.856,10406.368,9330.402,2015-01-01,Europe,1.0,New Year's Day,Winter_Holidays,Q1,January,Northern
FRA,2015,2,8973.519,2018.312,6955.207,10121.316,8973.519,2015-02-01,Europe,0.0,None,Regular,Q1,February,Northern
FRA,2015,3,10519.596,2276.636,8242.96,11875.472,10519.596,2015-03-01,Europe,0.0,None,Regular,Q1,March,Northern
FRA,2015,4,11754.598,2330.996,9423.602,13109.483,11754.598,2015-04-01,Europe,3.0,"Good Friday, Easter Sunday, Easter Monday",Spring_Holidays,Q2,April,Northern
FRA,2015,5,12887.801,2446.547,10441.254,14355.328,12887.801,2015-05-01,Europe,6.0,"Whit Sunday, Mother's Day, Labor Day / May Day",Regular,Q2,May,Northern
FRA,2015,6,12990.793,2594.716,10396.077,14621.799,12990.793,2015-06-01,Europe,1.0,Father's Day,Regular,Q2,June,Northern
FRA,2015,7,14637.298,2703.031,11934.267,16029.529,14637.298,2015-07-01,Europe,1.0,Bastille Day,Summer_Holidays,Q3,July,Northern
FRA,2015,8,15051.15,2531.99,12519.16,16180.428,15051.15,2015-08-01,Europe,1.0,Assumption of Mary,Summer_Holidays,Q3,August,Northern
FRA,2015,9,12976.938,2407.038,10569.9,14492.484,12976.938,2015-09-01,Europe,0.0,None,Regular,Q3,September,Northern
FRA,2015,10,12573.842,2483.056,10090.786,14111.446,12573.842,2015-10-01,Europe,0.0,None,Regular,Q4,October,Northern
FRA,2015,11,9279.859,2061.323,7218.536,10646.689,9279.859,2015-11-01,Europe,2.0,"All Saints' Day, Armistice Day",Regular,Q4,November,Northern
FRA,2015,12,9891.773,2258.917,7632.856,11222.338,9891.773,2015-12-01,Europe,4.0,"St Stephen's Day, Christmas Eve, New Year's Eve",Winter_Holidays,Q4,December,Northern
FRA,2016,1,9500.484,2074.25,7426.234,10881.72,9500.484,2016-01-01,Europe,1.0,New Year's Day,Winter_Holidays,Q1,January,Northern
FRA,2016,2,9421.939,2094.892,7327.047,10932.784,9421.939,2016-02-01,Europe,0.0,None,Regular,Q1,February,Northern
FRA,2016,3,10771.06,2282.172,8488.888,12393.72,10771.06,2016-03-01,Europe,3.0,"Good Friday, Easter Sunday, Easter Monday",Spring_Holidays,Q1,March,Northern
FRA,2016,4,12360.62,2467.19,9893.43,14251.84,12360.62,2016-04-01,Europe,0.0,None,Regular,Q2,April,Northern
FRA,2016,5,13087.761,2531.212,10556.549,15108.878,13087.761,2016-05-01,Europe,6.0,"Whit Sunday, Mother's Day, Labor Day / May Day",Regular,Q2,May,Northern
FRA,2016,6,13149.053,2630.333,10518.72,15309.791,13149.053,2016-06-01,Europe,1.0,Father's Day,Regular,Q2,June,Northern
FRA,2016,7,15149.478,2756.897,12392.581,17197.245,15149.478,2016-07-01,Europe,1.0,Bastille Day,Summer_Holidays,Q3,July,Northern
FRA,2016,8,14964.678,2524.795,12439.883,16770.338,14964.678,2016-08-01,Europe,1.0,Assumption of Mary,Summer_Holidays,Q3,August,Northern
FRA,2016,9,13187.194,2467.197,10719.997,15240.441,13187.194,2016-09-01,Europe,0.0,None,Regular,Q3,September,Northern
FRA,2016,10,12801.655,2532.424,10269.231,14782.692,12801.655,2016-10-01,Europe,0.0,None,Regular,Q4,October,Northern
FRA,2016,11,9950.959,2208.258,7742.701,11627.789,9950.959,2016-11-01,Europe,2.0,"All Saints' Day, Armistice Day",Regular,Q4,November,Northern
FRA,2016,12,10935.721,2398.316,8537.405,12596.088,10935.721,2016-12-01,Europe,4.0,"St Stephen's Day, Christmas Eve, New Year's Eve",Winter_Holidays,Q4,December,Northern
FRA,2017,1,10253.846,2190.45,8063.396,11710.202,10253.846,2017-01-01,Europe,1.0,New Year's Day,Winter_Holidays,Q1,January,Northern
FRA,2017,2,9890.411,2097.346,7793.065,11367.644,9890.411,2017-02-01,Europe,0.0,None,Regular,Q1,February,Northern
FRA,2017,3,11308.326,2353.014,8955.312,12989.969,11308.326,2017-03-01,Europe,0.0,None,Regular,Q1,March,Northern
FRA,2017,4,13452.179,2529.702,10922.477,15367.587,13452.179,2017-04-01,Europe,3.0,"Good Friday, Easter Sunday, Easter Monday",Spring_Holidays,Q2,April,Northern
FRA,2017,5,13616.813,2567.003,11049.81,15678.453,13616.813,2017-05-01,Europe,4.0,"Mother's Day, Labor Day / May Day, WWII Victory Day",Regular,Q2,May,Northern
FRA,2017,6,13863.102,2781.151,11081.951,16145.985,13863.102,2017-06-01,Europe,3.0,"Whit Sunday, Father's Day, Whit Monday",Regular,Q2,June,Northern
FRA,2017,7,16130.763,2933.012,13197.751,18303.699,16130.763,2017-07-01,Europe,1.0,Bastille Day,Summer_Holidays,Q3,July,Northern
FRA,2017,8,15980.8,2675.968,13304.832,17884.698,15980.8,2017-08-01,Europe,1.0,Assumption of Mary,Summer_Holidays,Q3,August,Northern
FRA,2017,9,14103.738,2572.795,11530.943,16242.312,14103.738,2017-09-01,Europe,0.0,None,Regular,Q3,September,Northern
FRA,2017,10,13524.224,2622.463,10901.761,15564.967,13524.224,2017-10-01,Europe,0.0,None,Regular,Q4,October,Northern
FRA,2017,11,10657.504,2286.147,8371.357,11557.276,10657.504,2017-11-01,Europe,2.0,"All Saints' Day, Armistice Day",Regular,Q4,November,Northern
FRA,2017,12,11314.779,2414.973,8899.806,12979.816,11314.779,2017-12-01,Europe,4.0,"St Stephen's Day, Christmas Eve, New Year's Eve",Winter_Holidays,Q4,December,Northern
FRA,2018,1,10885.368,2302.505,8582.863,,10885.368,2018-01-01,Europe,1.0,New Year's Day,Winter_Holidays,Q1,January,Northern
FRA,2018,2,10183.848,2080.617,8103.231,,10183.848,2018-02-01,Europe,0.0,None,Regular,Q1,February,Northern
FRA,2018,3,12250.339,2432.437,9817.902,,12250.339,2018-03-01,Europe,1.0,Good Friday,Spring_Holidays,Q1,March,Northern
FRA,2018,4,13606.815,2534.073,11072.742,,13606.815,2018-04-01,Europe,2.0,"Easter Sunday, Easter Monday",Spring_Holidays,Q2,April,Northern
FRA,2018,5,14195.103,2627.829,11567.274,,14195.103,2018-05-01,Europe,6.0,"Whit Sunday, Mother's Day, Labor Day / May Day",Regular,Q2,May,Northern
FRA,2018,6,14826.254,2863.874,11962.38,,14826.254,2018-06-01,Europe,1.0,Father's Day,Regular,Q2,June,Northern
FRA,2018,7,16759.218,3065.231,13693.987,,16759.218,2018-07-01,Europe,1.0,Bastille Day,Summer_Holidays,Q3,July,Northern
FRA,2018,8,16673.238,2818.678,13854.56,,16673.238,2018-08-01,Europe,1.0,Assumption of Mary,Summer_Holidays,Q3,August,Northern
FRA,2018,9,14945.124,2687.711,12257.413,,14945.124,2018-09-01,Europe,0.0,None,Regular,Q3,September,Northern
FRA,2018,10,14439.815,2761.325,11678.49,,14439.815,2018-10-01,Europe,0.0,None,Regular,Q4,October,Northern
FRA,2018,11,11348.905,2369.629,8979.276,,11348.905,2018-11-01,Europe,2.0,"All Saints' Day, Armistice Day",Regular,Q4,November,Northern
FRA,2018,12,11877.152,2491.199,9385.953,,11877.152,2018-12-01,Europe,4.0,"St Stephen's Day, Christmas Eve, New Year's Eve",Winter_Holidays,Q4,December,Northern
FRO,2015,1,,,,15.461,15.461,2015-01-01,Other,1.0,New Year,Winter_Holidays,Q1,January,Northern
FRO,2015,2,,,,12.756,12.756,2015-02-01,Other,0.0,None,Regular,Q1,February,Northern
FRO,2015,3,,,,22.604,22.604,2015-03-01,Other,0.0,None,Regular,Q1,March,Northern
FRO,2015,4,,,,19.971,19.971,2015-04-01,Other,5.0,"Maundy Thursday, Good Friday, Easter Sunday",Spring_Holidays,Q2,April,Northern
FRO,2015,5,,,,23.987,23.987,2015-05-01,Other,4.0,"Prayer Day, Ascension Day, Whit Sunday",Regular,Q2,May,Northern
FRO,2015,6,,,,28.909,28.909,2015-06-01,Other,1.0,Constitution Day,Regular,Q2,June,Northern
FRO,2015,7,,,,40.798,40.798,2015-07-01,Other,2.0,"St. Olav's Eve, St. Olav's Day (National Day)",Summer_Holidays,Q3,July,Northern
FRO,2015,8,,,,32.098,32.098,2015-08-01,Other,0.0,None,Regular,Q3,August,Northern
FRO,2015,9,,,,23.334,23.334,2015-09-01,Other,0.0,None,Regular,Q3,September,Northern
FRO,2015,10,,,,22.582,22.582,2015-10-01,Other,0.0,None,Regular,Q4,October,Northern
FRO,2015,11,,,,17.496,17.496,2015-11-01,Other,0.0,None,Regular,Q4,November,Northern
FRO,2015,12,,,,16.389,16.389,2015-12-01,Other,4.0,"Christmas Eve, Christmas Day, Boxing Day",Winter_Holidays,Q4,December,Northern
FRO,2016,1,,,,16.354,16.354,2016-01-01,Other,1.0,New Year,Winter_Holidays,Q1,January,Northern
FRO,2016,2,,,,16.367,16.367,2016-02-01,Other,0.0,None,Regular,Q1,February,Northern
FRO,2016,3,,,,23.417,23.417,2016-03-01,Other,4.0,"Maundy Thursday, Good Friday, Easter Sunday",Spring_Holidays,Q1,March,Northern
FRO,2016,4,,,,20.162,20.162,2016-04-01,Other,2.0,"Prayer Day, National Flag Day",Spring_Holidays,Q2,April,Northern
FRO,2016,5,,,,26.028,26.028,2016-05-01,Other,3.0,"Ascension Day, Whit Sunday, Whit Monday",Regular,Q2,May,Northern
FRO,2016,6,,,,29.422,29.422,2016-06-01,Other,1.0,Constitution Day,Regular,Q2,June,Northern
FRO,2016,7,,,,42.955,42.955,2016-07-01,Other,2.0,"St. Olav's Eve, St. Olav's Day (National Day)",Summer_Holidays,Q3,July,Northern
FRO,2016,8,,,,33.937,33.937,2016-08-01,Other,0.0,None,Regular,Q3,August,Northern
FRO,2016,9,,,,24.553,24.553,2016-09-01,Other,0.0,None,Regular,Q3,September,Northern
FRO,2016,10,,,,23.654,23.654,2016-10-01,Other,0.0,None,Regular,Q4,October,Northern
FRO,2016,11,,,,17.851,17.851,2016-11-01,Other,0.0,None,Regular,Q4,November,Northern
FRO,2016,12,,,,17.693,17.693,2016-12-01,Other,4.0,"Christmas Eve, Christmas Day, Boxing Day",Winter_Holidays,Q4,December,Northern
FRO,2017,1,,,,17.757,17.757,2017-01-01,Other,1.0,New Year,Winter_Holidays,Q1,January,Northern
FRO,2017,2,,,,14.735,14.735,2017-02-01,Other,0.0,None,Regular,Q1,February,Northern
FRO,2017,3,,,,18.094,18.094,2017-03-01,Other,0.0,None,Regular,Q1,March,Northern
FRO,2017,4,,,,29.433,29.433,2017-04-01,Other,5.0,"Maundy Thursday, Good Friday, Easter Sunday",Spring_Holidays,Q2,April,Northern
FRO,2017,5,,,,32.594,32.594,2017-05-01,Other,2.0,"Prayer Day, Ascension Day",Regular,Q2,May,Northern
FRO,2017,6,,,,36.657,36.657,2017-06-01,Other,3.0,"Constitution Day, Whit Sunday, Whit Monday",Regular,Q2,June,Northern
FRO,2017,7,,,,51.765,51.765,2017-07-01,Other,2.0,"St. Olav's Eve, St. Olav's Day (National Day)",Summer_Holidays,Q3,July,Northern
FRO,2017,8,,,,41.162,41.162,2017-08-01,Other,0.0,None,Regular,Q3,August,Northern
FRO,2017,9,,,,28.867,28.867,2017-09-01,Other,0.0,None,Regular,Q3,September,Northern
FRO,2017,10,,,,29.405,29.405,2017-10-01,Other,0.0,None,Regular,Q4,October,Northern
FRO,2017,11,,,,20.39,20.39,2017-11-01,Other,0.0,None,Regular,Q4,November,Northern
FRO,2017,12,,,,20.529,20.529,2017-12-01,Other,4.0,"Christmas Eve, Christmas Day, Boxing Day",Winter_Holidays,Q4,December,Northern
GBR,2010,1,12254.789,1380.903,10873.886,13585.092,12254.789,2010-01-01,Europe,2.0,"2nd January (substitute day), Burns Night",Winter_Holidays,Q1,January,Northern
GBR,2010,2,12471.114,1604.265,10866.849,14023.125,12471.114,2010-02-01,Europe,2.0,"Chinese New Year, Valentine's Day",Regular,Q1,February,Northern
GBR,2010,3,14614.54,1827.721,12786.819,16379.075,14614.54,2010-03-01,Europe,2.0,"St Patrick's Day, Mothering Sunday",Spring_Holidays,Q1,March,Northern
GBR,2010,4,12613.558,1409.196,11204.362,13966.869,12613.558,2010-04-01,Europe,4.0,"Easter Monday, Shakespeare Day, St. George's Day",Spring_Holidays,Q2,April,Northern
GBR,2010,5,16650.57,1687.884,14962.686,18268.444,16650.57,2010-05-01,Europe,2.0,"Early May Bank Holiday, Spring Bank Holiday",Regular,Q2,May,Northern
GBR,2010,6,18690.048,1934.658,16755.39,20550.443,18690.048,2010-06-01,Europe,2.0,"Queen's Birthday, Father's Day",Regular,Q2,June,Northern
GBR,2010,7,21122.342,2062.692,19059.65,23108.195,21122.342,2010-07-01,Europe,1.0,Battle of the Boyne,Summer_Holidays,Q3,July,Northern
GBR,2010,8,21397.885,2058.664,19339.221,23378.022,21397.885,2010-08-01,Europe,2.0,Summer Bank Holiday,Summer_Holidays,Q3,August,Northern
GBR,2010,9,19456.295,2003.248,17453.047,21388.415,19456.295,2010-09-01,Europe,0.0,None,Regular,Q3,September,Northern
GBR,2010,10,18048.65,1997.807,16050.843,19980.105,18048.65,2010-10-01,Europe,1.0,Halloween,Regular,Q4,October,Northern
GBR,2010,11,13299.407,1709.547,11589.86,14944.783,13299.407,2010-11-01,Europe,4.0,"St Andrew's Day, Guy Fawkes Day, Remembrance Sunday",Regular,Q4,November,Northern
GBR,2010,12,12268.536,1306.157,10962.379,13515.745,12268.536,2010-12-01,Europe,6.0,"Christmas Eve, New Year's Eve, Christmas Day",Winter_Holidays,Q4,December,Northern
GBR,2011,1,12707.212,1444.976,11262.236,14096.536,12707.212,2011-01-01,Europe,4.0,"2nd January (substitute day), Burns Night, New Year's Day Holiday",Winter_Holidays,Q1,January,Northern
GBR,2011,2,12449.019,1532.253,10916.766,13930.869,12449.019,2011-02-01,Europe,2.0,"Chinese New Year, Valentine's Day",Regular,Q1,February,Northern
GBR,2011,3,14444.658,1763.588,12681.07,16142.296,14444.658,2011-03-01,Europe,1.0,St Patrick's Day,Spring_Holidays,Q1,March,Northern
GBR,2011,4,16635.915,1706.348,14929.567,18277.466,16635.915,2011-04-01,Europe,5.0,"Easter Monday, Mothering Sunday, Shakespeare Day",Spring_Holidays,Q2,April,Northern
GBR,2011,5,17925.22,1764.959,16160.261,19624.645,17925.22,2011-05-01,Europe,3.0,"St. George's Day, Early May Bank Holiday, Spring Bank Holiday",Regular,Q2,May,Northern
GBR,2011,6,19360.3,1876.159,17484.141,21176.001,19360.3,2011-06-01,Europe,2.0,"Queen's Birthday, Father's Day",Regular,Q2,June,Northern
GBR,2011,7,21616.363,1943.316,19673.047,23496.883,21616.363,2011-07-01,Europe,1.0,Battle of the Boyne,Summer_Holidays,Q3,July,Northern
GBR,2011,8,21602.203,1955.975,19646.228,23485.825,21602.203,2011-08-01,Europe,2.0,Summer Bank Holiday,Summer_Holidays,Q3,August,Northern
GBR,2011,9,19944.537,1882.114,18062.423,21769.242,19944.537,2011-09-01,Europe,0.0,None,Regular,Q3,September,Northern
GBR,2011,10,17972.962,1825.57,16147.392,19748.334,17972.962,2011-10-01,Europe,1.0,Halloween,Regular,Q4,October,Northern
GBR,2011,11,13207.116,1678.515,11528.601,14829.859,13207.116,2011-11-01,Europe,4.0,"St Andrew's Day, Guy Fawkes Day, Remembrance Sunday",Regular,Q4,November,Northern
GBR,2011,12,13671.248,1548.397,12122.851,15074.405,13671.248,2011-12-01,Europe,5.0,"Christmas Eve, New Year's Eve, Christmas Day",Winter_Holidays,Q4,December,Northern
GBR,2012,1,12794.334,1408.903,11385.431,14153.342,12794.334,2012-01-01,Europe,5.0,"2nd January (substitute day), Burns Night, Chinese New Year",Winter_Holidays,Q1,January,Northern
GBR,2012,2,12757.782,1532.54,11225.242,14244.639,12757.782,2012-02-01,Europe,1.0,Valentine's Day,Regular,Q1,February,Northern
GBR,2012,3,15059.277,1735.41,13323.867,16747.618,15059.277,2012-03-01,Europe,3.0,"St Patrick's Day, Day off for St Patrick's Day, Mothering Sunday",Spring_Holidays,Q1,March,Northern
GBR,2012,4,16562.599,1743.49,14819.109,18257.052,16562.599,2012-04-01,Europe,4.0,"Easter Monday, Shakespeare Day, St. George's Day",Spring_Holidays,Q2,April,Northern
GBR,2012,5,17791.6,1833.325,15958.275,19565.931,17791.6,2012-05-01,Europe,1.0,Early May Bank Holiday,Regular,Q2,May,Northern
GBR,2012,6,19742.454,1817.161,17925.293,21516.818,19742.454,2012-06-01,Europe,4.0,"Queen's Birthday, Father's Day, Spring Bank Holiday",Regular,Q2,June,Northern
GBR,2012,7,21173.37,1866.187,19307.183,23010.509,21173.37,2012-07-01,Europe,1.0,Battle of the Boyne,Summer_Holidays,Q3,July,Northern
GBR,2012,8,21481.747,1883.102,19598.645,23325.595,21481.747,2012-08-01,Europe,2.0,Summer Bank Holiday,Summer_Holidays,Q3,August,Northern
GBR,2012,9,20021.956,1819.066,18202.89,21824.001,20021.956,2012-09-01,Europe,0.0,None,Regular,Q3,September,Northern
GBR,2012,10,18014.804,1826.603,16188.201,19817.028,18014.804,2012-10-01,Europe,1.0,Halloween,Regular,Q4,October,Northern
GBR,2012,11,13778.837,1746.506,12032.331,15490.507,13778.837,2012-11-01,Europe,3.0,"St Andrew's Day, Guy Fawkes Day, Remembrance Sunday",Regular,Q4,November,Northern
GBR,2012,12,13888.255,1567.492,12320.763,15411.906,13888.255,2012-12-01,Europe,5.0,"First Sunday of Advent, Christmas Eve, New Year's Eve",Winter_Holidays,Q4,December,Northern
GBR,2013,1,12737.418,1374.397,11363.021,14064.403,12737.418,2013-01-01,Europe,2.0,"2nd January, Burns Night",Winter_Holidays,Q1,January,Northern
GBR,2013,2,12712.13,1512.726,11199.404,14190.332,12712.13,2013-02-01,Europe,2.0,"Chinese New Year, Valentine's Day",Regular,Q1,February,Northern
GBR,2013,3,15542.768,1725.282,13817.486,17226.815,15542.768,2013-03-01,Europe,4.0,"St Patrick's Day, Day off for St Patrick's Day, Mothering Sunday",Spring_Holidays,Q1,March,Northern
GBR,2013,4,16628.828,1728.663,14900.165,18298.368,16628.828,2013-04-01,Europe,3.0,"Easter Monday, Shakespeare Day, St. George's Day",Spring_Holidays,Q2,April,Northern
GBR,2013,5,19041.393,1872.962,17168.431,20854.648,19041.393,2013-05-01,Europe,2.0,"Early May Bank Holiday, Spring Bank Holiday",Regular,Q2,May,Northern
GBR,2013,6,20534.953,1884.768,18650.185,22368.104,20534.953,2013-06-01,Europe,2.0,"Queen's Birthday, Father's Day",Regular,Q2,June,Northern
GBR,2013,7,22157.287,2007.903,20149.384,24106.449,22157.287,2013-07-01,Europe,1.0,Battle of the Boyne,Summer_Holidays,Q3,July,Northern
GBR,2013,8,22685.429,2004.618,20680.811,24627.37,22685.429,2013-08-01,Europe,2.0,Summer Bank Holiday,Summer_Holidays,Q3,August,Northern
GBR,2013,9,20770.978,1918.098,18852.88,22634.499,20770.978,2013-09-01,Europe,0.0,None,Regular,Q3,September,Northern
GBR,2013,10,18889.084,1920.309,16968.775,20745.589,18889.084,2013-10-01,Europe,1.0,Halloween,Regular,Q4,October,Northern
GBR,2013,11,14202.535,1754.545,12447.99,15908.886,14202.535,2013-11-01,Europe,3.0,"St Andrew's Day, Guy Fawkes Day, Remembrance Sunday",Regular,Q4,November,Northern
GBR,2013,12,14566.177,1614.218,12951.959,16130.985,14566.177,2013-12-01,Europe,6.0,"St Andrew's Day observed, First Sunday of Advent, Christmas Eve",Winter_Holidays,Q4,December,Northern
GBR,2014,1,13470.31,1461.39,12008.92,14878.774,13470.31,2014-01-01,Europe,3.0,"2nd January, Burns Night, Chinese New Year",Winter_Holidays,Q1,January,Northern
GBR,2014,2,13249.17,1555.737,11693.433,14754.585,13249.17,2014-02-01,Europe,1.0,Valentine's Day,Regular,Q1,February,Northern
GBR,2014,3,15519.953,1761.705,13758.248,17225.107,15519.953,2014-03-01,Europe,2.0,"St Patrick's Day, Mothering Sunday",Spring_Holidays,Q1,March,Northern
GBR,2014,4,18075.203,1805.96,16269.243,19839.646,18075.203,2014-04-01,Europe,4.0,"Easter Monday, Shakespeare Day, St. George's Day",Spring_Holidays,Q2,April,Northern
GBR,2014,5,19861.998,1897.155,17964.843,21700.561,19861.998,2014-05-01,Europe,2.0,"Early May Bank Holiday, Spring Bank Holiday",Regular,Q2,May,Northern
GBR,2014,6,21296.412,1925.051,19371.361,23164.417,21296.412,2014-06-01,Europe,2.0,"Queen's Birthday, Father's Day",Regular,Q2,June,Northern
GBR,2014,7,22976.005,2017.736,20958.269,24922.833,22976.005,2014-07-01,Europe,2.0,"Battle of the Boyne, Battle of the Boyne observed",Summer_Holidays,Q3,July,Northern
GBR,2014,8,23782.567,1988.785,21793.782,25697.846,23782.567,2014-08-01,Europe,2.0,Summer Bank Holiday,Summer_Holidays,Q3,August,Northern
GBR,2014,9,21599.908,1914.148,19685.76,23449.01,21599.908,2014-09-01,Europe,0.0,None,Regular,Q3,September,Northern
GBR,2014,10,19720.748,1964.134,17756.614,21618.373,19720.748,2014-10-01,Europe,1.0,Halloween,Regular,Q4,October,Northern
GBR,2014,11,14979.167,1834.435,13144.732,16755.861,14979.167,2014-11-01,Europe,4.0,"St Andrew's Day, Guy Fawkes Day, Remembrance Sunday",Regular,Q4,November,Northern
GBR,2014,12,15490.681,1735.93,13754.751,17160.96,15490.681,2014-12-01,Europe,5.0,"St Andrew's Day observed, Christmas Eve, New Year's Eve",Winter_Holidays,Q4,December,Northern
GBR,2015,1,14341.428,1535.379,12806.049,15818.211,14341.428,2015-01-01,Europe,2.0,"2nd January, Burns Night",Winter_Holidays,Q1,January,Northern
GBR,2015,2,14183.231,1667.337,12515.894,15790.817,14183.231,2015-02-01,Europe,2.0,"Valentine's Day, Chinese New Year",Regular,Q1,February,Northern
GBR,2015,3,16894.634,1914.422,14980.212,18746.653,16894.634,2015-03-01,Europe,2.0,"St Patrick's Day, Mothering Sunday",Spring_Holidays,Q1,March,Northern
GBR,2015,4,18529.782,1904.302,16625.48,20370.821,18529.782,2015-04-01,Europe,4.0,"Easter Monday, Shakespeare Day, St. George's Day",Spring_Holidays,Q2,April,Northern
GBR,2015,5,20791.446,1974.74,18816.706,22706.404,20791.446,2015-05-01,Europe,3.0,"Victory in Europe Day, Early May Bank Holiday, Spring Bank Holiday",Regular,Q2,May,Northern
GBR,2015,6,22259.414,2041.07,20218.344,24251.744,22259.414,2015-06-01,Europe,2.0,"Queen's Birthday, Father's Day",Regular,Q2,June,Northern
GBR,2015,7,24427.872,2127.85,22300.022,26494.075,24427.872,2015-07-01,Europe,2.0,"Battle of the Boyne, Battle of the Boyne observed",Summer_Holidays,Q3,July,Northern
GBR,2015,8,24946.702,2079.543,22867.159,26967.349,24946.702,2015-08-01,Europe,2.0,Summer Bank Holiday,Summer_Holidays,Q3,August,Northern
GBR,2015,9,22742.506,2024.844,20717.662,24660.964,22742.506,2015-09-01,Europe,0.0,None,Regular,Q3,September,Northern
GBR,2015,10,21014.595,2012.257,19002.338,22973.536,21014.595,2015-10-01,Europe,1.0,Halloween,Regular,Q4,October,Northern
GBR,2015,11,15882.794,1830.455,14052.339,17666.911,15882.794,2015-11-01,Europe,4.0,"St Andrew's Day, Guy Fawkes Day, Remembrance Sunday",Regular,Q4,November,Northern
GBR,2015,12,16256.033,1716.629,14539.404,17909.457,16256.033,2015-12-01,Europe,5.0,"Christmas Eve, New Year's Eve, Christmas Day",Winter_Holidays,Q4,December,Northern
GBR,2016,1,15285.237,1538.35,13746.887,16778.432,15285.237,2016-01-01,Europe,2.0,"2nd January (substitute day), Burns Night",Winter_Holidays,Q1,January,Northern
GBR,2016,2,15602.504,1718.889,13883.615,17288.126,15602.504,2016-02-01,Europe,2.0,"Chinese New Year, Valentine's Day",Regular,Q1,February,Northern
GBR,2016,3,18328.072,1888.08,16439.992,20172.431,18328.072,2016-03-01,Europe,4.0,"St Patrick's Day, Easter Monday, Mothering Sunday",Spring_Holidays,Q1,March,Northern
GBR,2016,4,19451.507,1889.235,17562.272,21266.228,19451.507,2016-04-01,Europe,2.0,"Shakespeare Day, St. George's Day",Spring_Holidays,Q2,April,Northern
GBR,2016,5,21879.677,1975.283,19904.394,23812.394,21879.677,2016-05-01,Europe,2.0,"Early May Bank Holiday, Spring Bank Holiday",Regular,Q2,May,Northern
GBR,2016,6,23671.944,2029.695,21642.249,25677.069,23671.944,2016-06-01,Europe,2.0,"Queen's Birthday, Father's Day",Regular,Q2,June,Northern
GBR,2016,7,26212.471,2112.668,24099.803,28269.21,26212.471,2016-07-01,Europe,1.0,Battle of the Boyne,Summer_Holidays,Q3,July,Northern
GBR,2016,8,26611.629,2153.457,24458.172,28710.395,26611.629,2016-08-01,Europe,2.0,Summer Bank Holiday,Summer_Holidays,Q3,August,Northern
GBR,2016,9,24248.072,2048.827,22199.245,26251.07,24248.072,2016-09-01,Europe,0.0,None,Regular,Q3,September,Northern
GBR,2016,10,22330.674,2037.673,20293.001,24318.407,22330.674,2016-10-01,Europe,1.0,Halloween,Regular,Q4,October,Northern
GBR,2016,11,17020.895,1888.767,15132.128,18860.039,17020.895,2016-11-01,Europe,4.0,"St Andrew's Day, Guy Fawkes Day, Remembrance Sunday",Regular,Q4,November,Northern
GBR,2016,12,18226.191,1796.018,16430.173,19972.404,18226.191,2016-12-01,Europe,5.0,"Christmas Eve, New Year's Eve, Christmas Day",Winter_Holidays,Q4,December,Northern
GBR,2017,1,16837.713,1607.749,15229.964,18400.908,16837.713,2017-01-01,Europe,6.0,"2nd January (substitute day), Burns Night, Chinese New Year",Winter_Holidays,Q1,January,Northern
GBR,2017,2,16661.42,1704.76,14956.66,18331.189,16661.42,2017-02-01,Europe,1.0,Valentine's Day,Regular,Q1,February,Northern
GBR,2017,3,19315.393,1945.946,17369.447,21226.488,19315.393,2017-03-01,Europe,2.0,"St Patrick's Day, Mothering Sunday",Spring_Holidays,Q1,March,Northern
GBR,2017,4,22138.439,1973.272,20165.167,24078.63,22138.439,2017-04-01,Europe,4.0,"Easter Monday, Shakespeare Day, St. George's Day",Spring_Holidays,Q2,April,Northern
GBR,2017,5,23581.805,2041.056,21540.749,25589.828,23581.805,2017-05-01,Europe,2.0,"Early May Bank Holiday, Spring Bank Holiday",Regular,Q2,May,Northern
GBR,2017,6,25255.767,2094.002,23161.765,27318.167,25255.767,2017-06-01,Europe,2.0,"Queen's Birthday, Father's Day",Regular,Q2,June,Northern
GBR,2017,7,27616.26,2146.262,25469.998,29705.623,27616.26,2017-07-01,Europe,1.0,Battle of the Boyne,Summer_Holidays,Q3,July,Northern
GBR,2017,8,28151.384,2183.853,25967.531,30306.249,28151.384,2017-08-01,Europe,2.0,Summer Bank Holiday,Summer_Holidays,Q3,August,Northern
GBR,2017,9,25668.788,2039.696,23629.092,27632.202,25668.788,2017-09-01,Europe,0.0,None,Regular,Q3,September,Northern
GBR,2017,10,23215.001,2051.158,21163.843,25257.177,23215.001,2017-10-01,Europe,1.0,Halloween,Regular,Q4,October,Northern
GBR,2017,11,17651.755,1871.969,15779.786,19495.269,17651.755,2017-11-01,Europe,3.0,"St Andrew's Day, Guy Fawkes Day, Remembrance Sunday",Regular,Q4,November,Northern
GBR,2017,12,18535.729,1757.473,16778.256,20259.907,18535.729,2017-12-01,Europe,5.0,"First Sunday of Advent, Christmas Eve, New Year's Eve",Winter_Holidays,Q4,December,Northern
GBR,2018,1,17134.006,1588.801,15545.205,,17134.006,2018-01-01,Europe,2.0,"2nd January, Burns Night",Winter_Holidays,Q1,January,Northern
GBR,2018,2,16928.973,1631.498,15297.475,,16928.973,2018-02-01,Europe,2.0,"Valentine's Day, Chinese New Year",Regular,Q1,February,Northern
GBR,2018,3,19970.313,1820.078,18150.235,,19970.313,2018-03-01,Europe,4.0,"St Patrick's Day, Day off for St Patrick's Day, Mothering Sunday",Spring_Holidays,Q1,March,Northern
GBR,2018,4,22118.281,1991.961,20126.32,,22118.281,2018-04-01,Europe,3.0,"Easter Monday, Shakespeare Day, St. George's Day",Spring_Holidays,Q2,April,Northern
GBR,2018,5,24278.054,2118.595,22159.459,,24278.054,2018-05-01,Europe,2.0,"Early May Bank Holiday, Spring Bank Holiday",Regular,Q2,May,Northern
GBR,2018,6,26347.056,2124.097,24222.959,,26347.056,2018-06-01,Europe,3.0,"Queen's Birthday, Father's Day, Windrush Day",Regular,Q2,June,Northern
GBR,2018,7,28284.256,2206.091,26078.165,,28284.256,2018-07-01,Europe,1.0,Battle of the Boyne,Summer_Holidays,Q3,July,Northern
GBR,2018,8,28740.892,2242.468,26498.424,,28740.892,2018-08-01,Europe,2.0,Summer Bank Holiday,Summer_Holidays,Q3,August,Northern
GBR,2018,9,26089.333,2055.654,24033.679,,26089.333,2018-09-01,Europe,0.0,None,Regular,Q3,September,Northern
GBR,2018,10,24342.698,2116.464,22226.234,,24342.698,2018-10-01,Europe,1.0,Halloween,Regular,Q4,October,Northern
GBR,2018,11,18599.307,1938.749,16660.558,,18599.307,2018-11-01,Europe,3.0,"St Andrew's Day, Guy Fawkes Day, Remembrance Sunday",Regular,Q4,November,Northern
GBR,2018,12,19356.986,1826.321,17530.665,,19356.986,2018-12-01,Europe,5.0,"First Sunday of Advent, Christmas Eve, New Year's Eve",Winter_Holidays,Q4,December,Northern
GEO,2010,1,,,,49.838,49.838,2010-01-01,Other,4.0,"New Year's Day, New Year's (Day 2), Orthodox Christmas Day",Winter_Holidays,Q1,January,Northern
GEO,2010,2,,,,40.486,40.486,2010-02-01,Other,1.0,Valentine's Day,Regular,Q1,February,Northern
GEO,2010,3,,,,49.514,49.514,2010-03-01,Other,3.0,"Nowruz, Mothers' Day, International Women's Day",Spring_Holidays,Q1,March,Northern
GEO,2010,4,,,,49.733,49.733,2010-04-01,Other,5.0,"Orthodox Good Friday, Orthodox Holy Saturday, Orthodox Easter Sunday",Spring_Holidays,Q2,April,Northern
GEO,2010,5,,,,59.8,59.8,2010-05-01,Other,3.0,"Victory Day, St Andrew's Day, Independence Day",Regular,Q2,May,Northern
GEO,2010,6,,,,73.719,73.719,2010-06-01,Other,1.0,Fathers' Day,Regular,Q2,June,Northern
GEO,2010,7,,,,96.115,96.115,2010-07-01,Other,0.0,None,Regular,Q3,July,Northern
GEO,2010,8,,,,103.826,103.826,2010-08-01,Other,1.0,Day of the Assumption of Mary,Summer_Holidays,Q3,August,Northern
GEO,2010,9,,,,91.452,91.452,2010-09-01,Other,0.0,None,Regular,Q3,September,Northern
GEO,2010,10,,,,79.535,79.535,2010-10-01,Other,1.0,Svetitskhovloba,Regular,Q4,October,Northern
GEO,2010,11,,,,62.979,62.979,2010-11-01,Other,1.0,St George's Day,Regular,Q4,November,Northern
GEO,2010,12,,,,65.773,65.773,2010-12-01,Other,1.0,New Year's Eve,Winter_Holidays,Q4,December,Northern
GEO,2011,1,,,,63.359,63.359,2011-01-01,Other,4.0,"New Year's Day, New Year's (Day 2), Orthodox Christmas Day",Winter_Holidays,Q1,January,Northern
GEO,2011,2,,,,52.995,52.995,2011-02-01,Other,1.0,Valentine's Day,Regular,Q1,February,Northern
GEO,2011,3,,,,64.414,64.414,2011-03-01,Other,3.0,"Nowruz, Mothers' Day, International Women's Day",Spring_Holidays,Q1,March,Northern
GEO,2011,4,,,,70.534,70.534,2011-04-01,Other,5.0,"Independence Restoration Day, Orthodox Good Friday, Orthodox Holy Saturday",Spring_Holidays,Q2,April,Northern
GEO,2011,5,,,,82.867,82.867,2011-05-01,Other,3.0,"Victory Day, St Andrew's Day, Independence Day",Regular,Q2,May,Northern
GEO,2011,6,,,,94.791,94.791,2011-06-01,Other,1.0,Fathers' Day,Regular,Q2,June,Northern
GEO,2011,7,,,,116.674,116.674,2011-07-01,Other,0.0,None,Regular,Q3,July,Northern
GEO,2011,8,,,,130.998,130.998,2011-08-01,Other,1.0,Day of the Assumption of Mary,Summer_Holidays,Q3,August,Northern
GEO,2011,9,,,,123.058,123.058,2011-09-01,Other,0.0,None,Regular,Q3,September,Northern
GEO,2011,10,,,,100.041,100.041,2011-10-01,Other,1.0,Svetitskhovloba,Regular,Q4,October,Northern
GEO,2011,11,,,,77.775,77.775,2011-11-01,Other,1.0,St George's Day,Regular,Q4,November,Northern
GEO,2011,12,,,,81.173,81.173,2011-12-01,Other,1.0,New Year's Eve,Winter_Holidays,Q4,December,Northern
GEO,2012,1,,,,85.361,85.361,2012-01-01,Other,4.0,"New Year's Day, New Year's (Day 2), Orthodox Christmas Day",Winter_Holidays,Q1,January,Northern
GEO,2012,2,,,,72.876,72.876,2012-02-01,Other,1.0,Valentine's Day,Regular,Q1,February,Northern
GEO,2012,3,,,,88.895,88.895,2012-03-01,Other,3.0,"Nowruz, Mothers' Day, International Women's Day",Spring_Holidays,Q1,March,Northern
GEO,2012,4,,,,99.486,99.486,2012-04-01,Other,5.0,"Independence Restoration Day, Orthodox Good Friday, Orthodox Holy Saturday",Spring_Holidays,Q2,April,Northern
GEO,2012,5,,,,108.233,108.233,2012-05-01,Other,3.0,"Victory Day, St Andrew's Day, Independence Day",Regular,Q2,May,Northern
GEO,2012,6,,,,129.6,129.6,2012-06-01,Other,1.0,Fathers' Day,Regular,Q2,June,Northern
GEO,2012,7,,,,153.658,153.658,2012-07-01,Other,0.0,None,Regular,Q3,July,Northern
GEO,2012,8,,,,173.967,173.967,2012-08-01,Other,1.0,Day of the Assumption of Mary,Summer_Holidays,Q3,August,Northern
GEO,2012,9,,,,158.551,158.551,2012-09-01,Other,0.0,None,Regular,Q3,September,Northern
GEO,2012,10,,,,121.273,121.273,2012-10-01,Other,1.0,Svetitskhovloba,Regular,Q4,October,Northern
GEO,2012,11,,,,99.441,99.441,2012-11-01,Other,1.0,St George's Day,Regular,Q4,November,Northern
GEO,2012,12,,,,97.813,97.813,2012-12-01,Other,1.0,New Year's Eve,Winter_Holidays,Q4,December,Northern
GEO,2013,1,,,,91.766,91.766,2013-01-01,Other,4.0,"New Year's Day, New Year's (Day 2), Orthodox Christmas Day",Winter_Holidays,Q1,January,Northern
GEO,2013,2,,,,85.38,85.38,2013-02-01,Other,1.0,Valentine's Day,Regular,Q1,February,Northern
GEO,2013,3,,,,106.106,106.106,2013-03-01,Other,3.0,"Nowruz, Mothers' Day, International Women's Day",Spring_Holidays,Q1,March,Northern
GEO,2013,4,,,,112.028,112.028,2013-04-01,Other,1.0,Independence Restoration Day,Spring_Holidays,Q2,April,Northern
GEO,2013,5,,,,134.84,134.84,2013-05-01,Other,7.0,"Orthodox Good Friday, Orthodox Holy Saturday, Orthodox Easter Sunday",Regular,Q2,May,Northern
GEO,2013,6,,,,156.937,156.937,2013-06-01,Other,1.0,Fathers' Day,Regular,Q2,June,Northern
GEO,2013,7,,,,182.489,182.489,2013-07-01,Other,0.0,None,Regular,Q3,July,Northern
GEO,2013,8,,,,217.703,217.703,2013-08-01,Other,1.0,Day of the Assumption of Mary,Summer_Holidays,Q3,August,Northern
GEO,2013,9,,,,190.296,190.296,2013-09-01,Other,0.0,None,Regular,Q3,September,Northern
GEO,2013,10,,,,148.615,148.615,2013-10-01,Other,2.0,"Svetitskhovloba, Presidential Election Day",Regular,Q4,October,Northern
GEO,2013,11,,,,111.1,111.1,2013-11-01,Other,1.0,St George's Day,Regular,Q4,November,Northern
GEO,2013,12,,,,107.515,107.515,2013-12-01,Other,1.0,New Year's Eve,Winter_Holidays,Q4,December,Northern
GEO,2014,1,,,,123.47,123.47,2014-01-01,Other,4.0,"New Year's Day, New Year's (Day 2), Orthodox Christmas Day",Winter_Holidays,Q1,January,Northern
GEO,2014,2,,,,109.462,109.462,2014-02-01,Other,1.0,Valentine's Day,Regular,Q1,February,Northern
GEO,2014,3,,,,128.524,128.524,2014-03-01,Other,3.0,"Nowruz, Mothers' Day, International Women's Day",Spring_Holidays,Q1,March,Northern
GEO,2014,4,,,,138.228,138.228,2014-04-01,Other,5.0,"Independence Restoration Day, Orthodox Good Friday, Orthodox Holy Saturday",Spring_Holidays,Q2,April,Northern
GEO,2014,5,,,,162.191,162.191,2014-05-01,Other,3.0,"Victory Day, St Andrew's Day, Independence Day",Regular,Q2,May,Northern
GEO,2014,6,,,,194.213,194.213,2014-06-01,Other,1.0,Fathers' Day,Regular,Q2,June,Northern
GEO,2014,7,,,,233.154,233.154,2014-07-01,Other,0.0,None,Regular,Q3,July,Northern
GEO,2014,8,,,,275.567,275.567,2014-08-01,Other,1.0,Day of the Assumption of Mary,Summer_Holidays,Q3,August,Northern
GEO,2014,9,,,,213.709,213.709,2014-09-01,Other,0.0,None,Regular,Q3,September,Northern
GEO,2014,10,,,,167.694,167.694,2014-10-01,Other,1.0,Svetitskhovloba,Regular,Q4,October,Northern
GEO,2014,11,,,,134.853,134.853,2014-11-01,Other,1.0,St George's Day,Regular,Q4,November,Northern
GEO,2014,12,,,,126.374,126.374,2014-12-01,Other,1.0,New Year's Eve,Winter_Holidays,Q4,December,Northern
GEO,2015,1,,,,123.853,123.853,2015-01-01,Other,4.0,"New Year's Day, New Year's (Day 2), Orthodox Christmas Day",Winter_Holidays,Q1,January,Northern
GEO,2015,2,,,,105.731,105.731,2015-02-01,Other,1.0,Valentine's Day,Regular,Q1,February,Northern
GEO,2015,3,,,,132.536,132.536,2015-03-01,Other,3.0,"Nowruz, Mothers' Day, International Women's Day",Spring_Holidays,Q1,March,Northern
GEO,2015,4,,,,148.738,148.738,2015-04-01,Other,5.0,"Independence Restoration Day, Orthodox Good Friday, Orthodox Holy Saturday",Spring_Holidays,Q2,April,Northern
GEO,2015,5,,,,176.219,176.219,2015-05-01,Other,3.0,"Victory Day, St Andrew's Day, Independence Day",Regular,Q2,May,Northern
GEO,2015,6,,,,204.266,204.266,2015-06-01,Other,1.0,Fathers' Day,Regular,Q2,June,Northern
GEO,2015,7,,,,277.526,277.526,2015-07-01,Other,0.0,None,Regular,Q3,July,Northern
GEO,2015,8,,,,329.968,329.968,2015-08-01,Other,1.0,Day of the Assumption of Mary,Summer_Holidays,Q3,August,Northern
GEO,2015,9,,,,267.258,267.258,2015-09-01,Other,0.0,None,Regular,Q3,September,Northern
GEO,2015,10,,,,204.29,204.29,2015-10-01,Other,1.0,Svetitskhovloba,Regular,Q4,October,Northern
GEO,2015,11,,,,146.492,146.492,2015-11-01,Other,1.0,St George's Day,Regular,Q4,November,Northern
GEO,2015,12,,,,140.116,140.116,2015-12-01,Other,1.0,New Year's Eve,Winter_Holidays,Q4,December,Northern
GEO,2016,1,,,,141.743,141.743,2016-01-01,Other,4.0,"New Year's Day, New Year's (Day 2), Orthodox Christmas Day",Winter_Holidays,Q1,January,Northern
GEO,2016,2,,,,127.605,127.605,2016-02-01,Other,1.0,Valentine's Day,Regular,Q1,February,Northern
GEO,2016,3,,,,162.976,162.976,2016-03-01,Other,3.0,"Nowruz, Mothers' Day, International Women's Day",Spring_Holidays,Q1,March,Northern
GEO,2016,4,,,,178.011,178.011,2016-04-01,Other,3.0,"Independence Restoration Day, Orthodox Good Friday, Orthodox Holy Saturday",Spring_Holidays,Q2,April,Northern
GEO,2016,5,,,,221.399,221.399,2016-05-01,Other,5.0,"Orthodox Easter Sunday, Orthodox Easter Monday, Victory Day",Regular,Q2,May,Northern
GEO,2016,6,,,,249.642,249.642,2016-06-01,Other,1.0,Fathers' Day,Regular,Q2,June,Northern
GEO,2016,7,,,,351.891,351.891,2016-07-01,Other,0.0,None,Regular,Q3,July,Northern
GEO,2016,8,,,,391.741,391.741,2016-08-01,Other,1.0,Day of the Assumption of Mary,Summer_Holidays,Q3,August,Northern
GEO,2016,9,,,,353.666,353.666,2016-09-01,Other,0.0,None,Regular,Q3,September,Northern
GEO,2016,10,,,,263.441,263.441,2016-10-01,Other,1.0,Svetitskhovloba,Regular,Q4,October,Northern
GEO,2016,11,,,,195.583,195.583,2016-11-01,Other,1.0,St George's Day,Regular,Q4,November,Northern
GEO,2016,12,,,,198.68,198.68,2016-12-01,Other,1.0,New Year's Eve,Winter_Holidays,Q4,December,Northern
GEO,2017,1,,,,194.104,194.104,2017-01-01,Other,4.0,"New Year's Day, New Year's (Day 2), Orthodox Christmas Day",Winter_Holidays,Q1,January,Northern
GEO,2017,2,,,,177.199,177.199,2017-02-01,Other,1.0,Valentine's Day,Regular,Q1,February,Northern
GEO,2017,3,,,,248.382,248.382,2017-03-01,Other,3.0,"Nowruz, Mothers' Day, International Women's Day",Spring_Holidays,Q1,March,Northern
GEO,2017,4,,,,282.132,282.132,2017-04-01,Other,5.0,"Independence Restoration Day, Orthodox Good Friday, Orthodox Holy Saturday",Spring_Holidays,Q2,April,Northern
GEO,2017,5,,,,318.979,318.979,2017-05-01,Other,3.0,"Victory Day, St Andrew's Day, Independence Day",Regular,Q2,May,Northern
GEO,2017,6,,,,383.278,383.278,2017-06-01,Other,1.0,Fathers' Day,Regular,Q2,June,Northern
GEO,2017,7,,,,520.893,520.893,2017-07-01,Other,0.0,None,Regular,Q3,July,Northern
GEO,2017,8,,,,570.701,570.701,2017-08-01,Other,1.0,Day of the Assumption of Mary,Summer_Holidays,Q3,August,Northern
GEO,2017,9,,,,496.36,496.36,2017-09-01,Other,0.0,None,Regular,Q3,September,Northern
GEO,2017,10,,,,356.683,356.683,2017-10-01,Other,1.0,Svetitskhovloba,Regular,Q4,October,Northern
GEO,2017,11,,,,257.859,257.859,2017-11-01,Other,1.0,St George's Day,Regular,Q4,November,Northern
GEO,2017,12,,,,257.009,257.009,2017-12-01,Other,1.0,New Year's Eve,Winter_Holidays,Q4,December,Northern
GIB,2010,1,,,,19.068,19.068,2010-01-01,Other,1.0,New Year's Day,Winter_Holidays,Q1,January,Northern
GIB,2010,2,,,,19.193,19.193,2010-02-01,Other,1.0,Valentine's Day,Regular,Q1,February,Northern
GIB,2010,3,,,,23.754,23.754,2010-03-01,Other,1.0,Commonwealth Day,Spring_Holidays,Q1,March,Northern
GIB,2010,4,,,,18.78,18.78,2010-04-01,Other,2.0,"Good Friday, Easter Monday",Spring_Holidays,Q2,April,Northern
GIB,2010,5,,,,27.25,27.25,2010-05-01,Other,2.0,"May Day, Spring Bank Holiday",Regular,Q2,May,Northern
GIB,2010,6,,,,28.659,28.659,2010-06-01,Other,0.0,None,Regular,Q2,June,Northern
GIB,2010,7,,,,29.44,29.44,2010-07-01,Other,0.0,None,Regular,Q3,July,Northern
GIB,2010,8,,,,30.424,30.424,2010-08-01,Other,0.0,None,Regular,Q3,August,Northern
GIB,2010,9,,,,30.872,30.872,2010-09-01,Other,1.0,Gibraltar Day,Regular,Q3,September,Northern
GIB,2010,10,,,,32.6,32.6,2010-10-01,Other,0.0,None,Regular,Q4,October,Northern
GIB,2010,11,,,,25.026,25.026,2010-11-01,Other,0.0,None,Regular,Q4,November,Northern
GIB,2010,12,,,,20.259,20.259,2010-12-01,Other,4.0,"Christmas Eve, New Year's Eve, Christmas Day",Winter_Holidays,Q4,December,Northern
GIB,2011,1,,,,19.46,19.46,2011-01-01,Other,1.0,New Year's Day,Winter_Holidays,Q1,January,Northern
GIB,2011,2,,,,20.064,20.064,2011-02-01,Other,1.0,Valentine's Day,Regular,Q1,February,Northern
GIB,2011,3,,,,25.405,25.405,2011-03-01,Other,1.0,Commonwealth Day,Spring_Holidays,Q1,March,Northern
GIB,2011,4,,,,30.292,30.292,2011-04-01,Other,2.0,"Good Friday, Easter Monday",Spring_Holidays,Q2,April,Northern
GIB,2011,5,,,,33.584,33.584,2011-05-01,Other,2.0,"May Day, Spring Bank Holiday",Regular,Q2,May,Northern
GIB,2011,6,,,,37.312,37.312,2011-06-01,Other,0.0,None,Regular,Q2,June,Northern
GIB,2011,7,,,,41.178,41.178,2011-07-01,Other,0.0,None,Regular,Q3,July,Northern
GIB,2011,8,,,,43.501,43.501,2011-08-01,Other,0.0,None,Regular,Q3,August,Northern
GIB,2011,9,,,,39.801,39.801,2011-09-01,Other,1.0,Gibraltar Day,Regular,Q3,September,Northern
GIB,2011,10,,,,36.356,36.356,2011-10-01,Other,0.0,None,Regular,Q4,October,Northern
GIB,2011,11,,,,29.304,29.304,2011-11-01,Other,0.0,None,Regular,Q4,November,Northern
GIB,2011,12,,,,26.756,26.756,2011-12-01,Other,4.0,"Christmas Eve, New Year's Eve, Christmas Day",Winter_Holidays,Q4,December,Northern
GIB,2012,1,,,,23.75,23.75,2012-01-01,Other,1.0,New Year's Day,Winter_Holidays,Q1,January,Northern
GIB,2012,2,,,,26.053,26.053,2012-02-01,Other,1.0,Valentine's Day,Regular,Q1,February,Northern
GIB,2012,3,,,,29.867,29.867,2012-03-01,Other,1.0,Commonwealth Day,Spring_Holidays,Q1,March,Northern
GIB,2012,4,,,,33.012,33.012,2012-04-01,Other,2.0,"Good Friday, Easter Monday",Spring_Holidays,Q2,April,Northern
GIB,2012,5,,,,33.916,33.916,2012-05-01,Other,1.0,May Day,Regular,Q2,May,Northern
GIB,2012,6,,,,36.009,36.009,2012-06-01,Other,1.0,Spring Bank Holiday,Regular,Q2,June,Northern
GIB,2012,7,,,,40.421,40.421,2012-07-01,Other,0.0,None,Regular,Q3,July,Northern
GIB,2012,8,,,,40.459,40.459,2012-08-01,Other,0.0,None,Regular,Q3,August,Northern
GIB,2012,9,,,,36.566,36.566,2012-09-01,Other,1.0,Gibraltar Day,Regular,Q3,September,Northern
GIB,2012,10,,,,35.335,35.335,2012-10-01,Other,0.0,None,Regular,Q4,October,Northern
GIB,2012,11,,,,25.887,25.887,2012-11-01,Other,0.0,None,Regular,Q4,November,Northern
GIB,2012,12,,,,25.944,25.944,2012-12-01,Other,4.0,"Christmas Eve, New Year's Eve, Christmas Day",Winter_Holidays,Q4,December,Northern
GIB,2013,1,,,,19.162,19.162,2013-01-01,Other,1.0,New Year's Day,Winter_Holidays,Q1,January,Northern
GIB,2013,2,,,,23.789,23.789,2013-02-01,Other,1.0,Valentine's Day,Regular,Q1,February,Northern
GIB,2013,3,,,,28.207,28.207,2013-03-01,Other,2.0,"Commonwealth Day, Good Friday",Spring_Holidays,Q1,March,Northern
GIB,2013,4,,,,28.37,28.37,2013-04-01,Other,1.0,Easter Monday,Spring_Holidays,Q2,April,Northern
GIB,2013,5,,,,32.211,32.211,2013-05-01,Other,2.0,"May Day, Spring Bank Holiday",Regular,Q2,May,Northern
GIB,2013,6,,,,36.273,36.273,2013-06-01,Other,0.0,None,Regular,Q2,June,Northern
GIB,2013,7,,,,40.698,40.698,2013-07-01,Other,0.0,None,Regular,Q3,July,Northern
GIB,2013,8,,,,41.296,41.296,2013-08-01,Other,0.0,None,Regular,Q3,August,Northern
GIB,2013,9,,,,39.789,39.789,2013-09-01,Other,1.0,Gibraltar Day,Regular,Q3,September,Northern
GIB,2013,10,,,,35.809,35.809,2013-10-01,Other,0.0,None,Regular,Q4,October,Northern
GIB,2013,11,,,,29.736,29.736,2013-11-01,Other,0.0,None,Regular,Q4,November,Northern
GIB,2013,12,,,,28.536,28.536,2013-12-01,Other,4.0,"Christmas Eve, New Year's Eve, Christmas Day",Winter_Holidays,Q4,December,Northern
GIB,2014,1,,,,25.651,25.651,2014-01-01,Other,1.0,New Year's Day,Winter_Holidays,Q1,January,Northern
GIB,2014,2,,,,27.515,27.515,2014-02-01,Other,1.0,Valentine's Day,Regular,Q1,February,Northern
GIB,2014,3,,,,32.564,32.564,2014-03-01,Other,1.0,Commonwealth Day,Spring_Holidays,Q1,March,Northern
GIB,2014,4,,,,33.087,33.087,2014-04-01,Other,2.0,"Good Friday, Easter Monday",Spring_Holidays,Q2,April,Northern
GIB,2014,5,,,,34.427,34.427,2014-05-01,Other,2.0,"May Day, Spring Bank Holiday",Regular,Q2,May,Northern
GIB,2014,6,,,,36.07,36.07,2014-06-01,Other,0.0,None,Regular,Q2,June,Northern
GIB,2014,7,,,,41.342,41.342,2014-07-01,Other,0.0,None,Regular,Q3,July,Northern
GIB,2014,8,,,,43.074,43.074,2014-08-01,Other,0.0,None,Regular,Q3,August,Northern
GIB,2014,9,,,,40.286,40.286,2014-09-01,Other,1.0,Gibraltar Day,Regular,Q3,September,Northern
GIB,2014,10,,,,39.827,39.827,2014-10-01,Other,0.0,None,Regular,Q4,October,Northern
GIB,2014,11,,,,31.399,31.399,2014-11-01,Other,0.0,None,Regular,Q4,November,Northern
GIB,2014,12,,,,29.861,29.861,2014-12-01,Other,4.0,"Christmas Eve, New Year's Eve, Christmas Day",Winter_Holidays,Q4,December,Northern
GIB,2015,1,,,,24.355,24.355,2015-01-01,Other,2.0,"New Year's Day, Second Day of New Year",Winter_Holidays,Q1,January,Northern
GIB,2015,2,,,,25.105,25.105,2015-02-01,Other,1.0,Valentine's Day,Regular,Q1,February,Northern
GIB,2015,3,,,,31.224,31.224,2015-03-01,Other,1.0,Commonwealth Day,Spring_Holidays,Q1,March,Northern
GIB,2015,4,,,,33.461,33.461,2015-04-01,Other,2.0,"Good Friday, Easter Monday",Spring_Holidays,Q2,April,Northern
GIB,2015,5,,,,39.935,39.935,2015-05-01,Other,2.0,"May Day, Spring Bank Holiday",Regular,Q2,May,Northern
GIB,2015,6,,,,42.132,42.132,2015-06-01,Other,0.0,None,Regular,Q2,June,Northern
GIB,2015,7,,,,46.608,46.608,2015-07-01,Other,0.0,None,Regular,Q3,July,Northern
GIB,2015,8,,,,47.359,47.359,2015-08-01,Other,0.0,None,Regular,Q3,August,Northern
GIB,2015,9,,,,45.27,45.27,2015-09-01,Other,1.0,Gibraltar Day,Regular,Q3,September,Northern
GIB,2015,10,,,,43.76,43.76,2015-10-01,Other,0.0,None,Regular,Q4,October,Northern
GIB,2015,11,,,,33.875,33.875,2015-11-01,Other,0.0,None,Regular,Q4,November,Northern
GIB,2015,12,,,,31.252,31.252,2015-12-01,Other,4.0,"Christmas Eve, New Year's Eve, Christmas Day",Winter_Holidays,Q4,December,Northern
GIB,2016,1,,,,28.651,28.651,2016-01-01,Other,1.0,New Year's Day,Winter_Holidays,Q1,January,Northern
GIB,2016,2,,,,30.132,30.132,2016-02-01,Other,1.0,Valentine's Day,Regular,Q1,February,Northern
GIB,2016,3,,,,38.557,38.557,2016-03-01,Other,3.0,"Commonwealth Day, Good Friday, Easter Monday",Spring_Holidays,Q1,March,Northern
GIB,2016,4,,,,41.417,41.417,2016-04-01,Other,0.0,None,Regular,Q2,April,Northern
GIB,2016,5,,,,49.583,49.583,2016-05-01,Other,3.0,"May Day, May Day observed, Spring Bank Holiday",Regular,Q2,May,Northern
GIB,2016,6,,,,50.341,50.341,2016-06-01,Other,0.0,None,Regular,Q2,June,Northern
GIB,2016,7,,,,58.719,58.719,2016-07-01,Other,0.0,None,Regular,Q3,July,Northern
GIB,2016,8,,,,60.36,60.36,2016-08-01,Other,0.0,None,Regular,Q3,August,Northern
GIB,2016,9,,,,57.443,57.443,2016-09-01,Other,2.0,"Gibraltar Day, Gibraltar Day observed",Regular,Q3,September,Northern
GIB,2016,10,,,,53.671,53.671,2016-10-01,Other,0.0,None,Regular,Q4,October,Northern
GIB,2016,11,,,,39.351,39.351,2016-11-01,Other,0.0,None,Regular,Q4,November,Northern
GIB,2016,12,,,,40.005,40.005,2016-12-01,Other,4.0,"Christmas Eve, New Year's Eve, Christmas Day",Winter_Holidays,Q4,December,Northern
GIB,2017,1,,,,32.541,32.541,2017-01-01,Other,2.0,"New Year's Day, New Year's Day observed",Winter_Holidays,Q1,January,Northern
GIB,2017,2,,,,36.208,36.208,2017-02-01,Other,1.0,Valentine's Day,Regular,Q1,February,Northern
GIB,2017,3,,,,45.124,45.124,2017-03-01,Other,1.0,Commonwealth Day,Spring_Holidays,Q1,March,Northern
GIB,2017,4,,,,57.04,57.04,2017-04-01,Other,2.0,"Good Friday, Easter Monday",Spring_Holidays,Q2,April,Northern
GIB,2017,5,,,,57.881,57.881,2017-05-01,Other,2.0,"May Day, Spring Bank Holiday",Regular,Q2,May,Northern
GIB,2017,6,,,,57.695,57.695,2017-06-01,Other,0.0,None,Regular,Q2,June,Northern
GIB,2017,7,,,,63.858,63.858,2017-07-01,Other,0.0,None,Regular,Q3,July,Northern
GIB,2017,8,,,,65.411,65.411,2017-08-01,Other,0.0,None,Regular,Q3,August,Northern
GIB,2017,9,,,,62.554,62.554,2017-09-01,Other,2.0,"Gibraltar Day, Gibraltar Day observed",Regular,Q3,September,Northern
GIB,2017,10,,,,41.689,41.689,2017-10-01,Other,0.0,None,Regular,Q4,October,Northern
GIB,2017,11,,,,26.19,26.19,2017-11-01,Other,0.0,None,Regular,Q4,November,Northern
GIB,2017,12,,,,24.993,24.993,2017-12-01,Other,4.0,"Christmas Eve, New Year's Eve, Christmas Day",Winter_Holidays,Q4,December,Northern
GLP,2010,1,,,,165.114,165.114,2010-01-01,Other,0.0,None,Regular,Q1,January,Northern
GLP,2010,2,,,,152.55,152.55,2010-02-01,Other,0.0,None,Regular,Q1,February,Northern
GLP,2010,3,,,,172.877,172.877,2010-03-01,Other,0.0,None,Regular,Q1,March,Northern
GLP,2010,4,,,,152.608,152.608,2010-04-01,Other,0.0,None,Regular,Q2,April,Northern
GLP,2010,5,,,,134.194,134.194,2010-05-01,Other,0.0,None,Regular,Q2,May,Northern
GLP,2010,6,,,,131.533,131.533,2010-06-01,Other,0.0,None,Regular,Q2,June,Northern
GLP,2010,7,,,,194.306,194.306,2010-07-01,Other,0.0,None,Regular,Q3,July,Northern
GLP,2010,8,,,,207.235,207.235,2010-08-01,Other,0.0,None,Regular,Q3,August,Northern
GLP,2010,9,,,,108.178,108.178,2010-09-01,Other,0.0,None,Regular,Q3,September,Northern
GLP,2010,10,,,,117.779,117.779,2010-10-01,Other,0.0,None,Regular,Q4,October,Northern
GLP,2010,11,,,,130.59,130.59,2010-11-01,Other,0.0,None,Regular,Q4,November,Northern
GLP,2010,12,,,,169.28,169.28,2010-12-01,Other,0.0,None,Regular,Q4,December,Northern
GLP,2011,1,,,,176.565,176.565,2011-01-01,Other,0.0,None,Regular,Q1,January,Northern
GLP,2011,2,,,,164.622,164.622,2011-02-01,Other,0.0,None,Regular,Q1,February,Northern
GLP,2011,3,,,,179.5,179.5,2011-03-01,Other,0.0,None,Regular,Q1,March,Northern
GLP,2011,4,,,,172.592,172.592,2011-04-01,Other,0.0,None,Regular,Q2,April,Northern
GLP,2011,5,,,,139.37,139.37,2011-05-01,Other,0.0,None,Regular,Q2,May,Northern
GLP,2011,6,,,,144.616,144.616,2011-06-01,Other,0.0,None,Regular,Q2,June,Northern
GLP,2011,7,,,,204.972,204.972,2011-07-01,Other,0.0,None,Regular,Q3,July,Northern
GLP,2011,8,,,,213.185,213.185,2011-08-01,Other,0.0,None,Regular,Q3,August,Northern
GLP,2011,9,,,,190.643,190.643,2011-09-01,Other,0.0,None,Regular,Q3,September,Northern
GLP,2011,10,,,,124.778,124.778,2011-10-01,Other,0.0,None,Regular,Q4,October,Northern
GLP,2011,11,,,,132.29,132.29,2011-11-01,Other,0.0,None,Regular,Q4,November,Northern
GLP,2011,12,,,,189.887,189.887,2011-12-01,Other,0.0,None,Regular,Q4,December,Northern
GLP,2012,1,,,,191.059,191.059,2012-01-01,Other,0.0,None,Regular,Q1,January,Northern
GLP,2012,2,,,,190.37,190.37,2012-02-01,Other,0.0,None,Regular,Q1,February,Northern
GLP,2012,3,,,,181.858,181.858,2012-03-01,Other,0.0,None,Regular,Q1,March,Northern
GLP,2012,4,,,,184.415,184.415,2012-04-01,Other,0.0,None,Regular,Q2,April,Northern
GLP,2012,5,,,,132.48,132.48,2012-05-01,Other,0.0,None,Regular,Q2,May,Northern
GLP,2012,6,,,,125.375,125.375,2012-06-01,Other,0.0,None,Regular,Q2,June,Northern
GLP,2012,7,,,,197.322,197.322,2012-07-01,Other,0.0,None,Regular,Q3,July,Northern
GLP,2012,8,,,,210.76,210.76,2012-08-01,Other,0.0,None,Regular,Q3,August,Northern
GLP,2012,9,,,,112.49,112.49,2012-09-01,Other,0.0,None,Regular,Q3,September,Northern
GLP,2012,10,,,,111.251,111.251,2012-10-01,Other,0.0,None,Regular,Q4,October,Northern
GLP,2012,11,,,,135.932,135.932,2012-11-01,Other,0.0,None,Regular,Q4,November,Northern
GLP,2012,12,,,,171.347,171.347,2012-12-01,Other,0.0,None,Regular,Q4,December,Northern
GLP,2013,1,,,,175.999,175.999,2013-01-01,Other,0.0,None,Regular,Q1,January,Northern
GLP,2013,2,,,,176.442,176.442,2013-02-01,Other,0.0,None,Regular,Q1,February,Northern
GLP,2013,3,,,,191.056,191.056,2013-03-01,Other,0.0,None,Regular,Q1,March,Northern
GLP,2013,4,,,,169.628,169.628,2013-04-01,Other,0.0,None,Regular,Q2,April,Northern
GLP,2013,5,,,,144.866,144.866,2013-05-01,Other,0.0,None,Regular,Q2,May,Northern
GLP,2013,6,,,,138.625,138.625,2013-06-01,Other,0.0,None,Regular,Q2,June,Northern
GLP,2013,7,,,,198.885,198.885,2013-07-01,Other,0.0,None,Regular,Q3,July,Northern
GLP,2013,8,,,,216.037,216.037,2013-08-01,Other,0.0,None,Regular,Q3,August,Northern
GLP,2013,9,,,,111.364,111.364,2013-09-01,Other,0.0,None,Regular,Q3,September,Northern
GLP,2013,10,,,,125.728,125.728,2013-10-01,Other,0.0,None,Regular,Q4,October,Northern
GLP,2013,11,,,,141.566,141.566,2013-11-01,Other,0.0,None,Regular,Q4,November,Northern
GLP,2013,12,,,,185.705,185.705,2013-12-01,Other,0.0,None,Regular,Q4,December,Northern
GLP,2014,1,,,,196.316,196.316,2014-01-01,Other,0.0,None,Regular,Q1,January,Northern
GLP,2014,2,,,,186.782,186.782,2014-02-01,Other,0.0,None,Regular,Q1,February,Northern
GLP,2014,3,,,,202.485,202.485,2014-03-01,Other,0.0,None,Regular,Q1,March,Northern
GLP,2014,4,,,,180.642,180.642,2014-04-01,Other,0.0,None,Regular,Q2,April,Northern
GLP,2014,5,,,,147.139,147.139,2014-05-01,Other,0.0,None,Regular,Q2,May,Northern
GLP,2014,6,,,,137.688,137.688,2014-06-01,Other,0.0,None,Regular,Q2,June,Northern
GLP,2014,7,,,,198.405,198.405,2014-07-01,Other,0.0,None,Regular,Q3,July,Northern
GLP,2014,8,,,,217.643,217.643,2014-08-01,Other,0.0,None,Regular,Q3,August,Northern
GLP,2014,9,,,,104.659,104.659,2014-09-01,Other,0.0,None,Regular,Q3,September,Northern
GLP,2014,10,,,,134.098,134.098,2014-10-01,Other,0.0,None,Regular,Q4,October,Northern
GLP,2014,11,,,,137.252,137.252,2014-11-01,Other,0.0,None,Regular,Q4,November,Northern
GLP,2014,12,,,,185.971,185.971,2014-12-01,Other,0.0,None,Regular,Q4,December,Northern
GLP,2015,1,,,,197.431,197.431,2015-01-01,Other,0.0,None,Regular,Q1,January,Northern
GLP,2015,2,,,,202.111,202.111,2015-02-01,Other,0.0,None,Regular,Q1,February,Northern
GLP,2015,3,,,,197.368,197.368,2015-03-01,Other,0.0,None,Regular,Q1,March,Northern
GLP,2015,4,,,,187.096,187.096,2015-04-01,Other,0.0,None,Regular,Q2,April,Northern
GLP,2015,5,,,,152.822,152.822,2015-05-01,Other,0.0,None,Regular,Q2,May,Northern
GLP,2015,6,,,,140.6,140.6,2015-06-01,Other,0.0,None,Regular,Q2,June,Northern
GLP,2015,7,,,,199.483,199.483,2015-07-01,Other,0.0,None,Regular,Q3,July,Northern
GLP,2015,8,,,,225.822,225.822,2015-08-01,Other,0.0,None,Regular,Q3,August,Northern
GLP,2015,9,,,,110.125,110.125,2015-09-01,Other,0.0,None,Regular,Q3,September,Northern
GLP,2015,10,,,,137.362,137.362,2015-10-01,Other,0.0,None,Regular,Q4,October,Northern
GLP,2015,11,,,,139.077,139.077,2015-11-01,Other,0.0,None,Regular,Q4,November,Northern
GLP,2015,12,,,,200.466,200.466,2015-12-01,Other,0.0,None,Regular,Q4,December,Northern
GLP,2016,1,,,,216.102,216.102,2016-01-01,Other,0.0,None,Regular,Q1,January,Northern
GLP,2016,2,,,,216.013,216.013,2016-02-01,Other,0.0,None,Regular,Q1,February,Northern
GLP,2016,3,,,,224.995,224.995,2016-03-01,Other,0.0,None,Regular,Q1,March,Northern
GLP,2016,4,,,,191.269,191.269,2016-04-01,Other,0.0,None,Regular,Q2,April,Northern
GLP,2016,5,,,,156.654,156.654,2016-05-01,Other,0.0,None,Regular,Q2,May,Northern
GLP,2016,6,,,,149.255,149.255,2016-06-01,Other,0.0,None,Regular,Q2,June,Northern
GLP,2016,7,,,,225.053,225.053,2016-07-01,Other,0.0,None,Regular,Q3,July,Northern
GLP,2016,8,,,,241.324,241.324,2016-08-01,Other,0.0,None,Regular,Q3,August,Northern
GLP,2016,9,,,,117.087,117.087,2016-09-01,Other,0.0,None,Regular,Q3,September,Northern
GLP,2016,10,,,,145.14,145.14,2016-10-01,Other,0.0,None,Regular,Q4,October,Northern
GLP,2016,11,,,,154.043,154.043,2016-11-01,Other,0.0,None,Regular,Q4,November,Northern
GLP,2016,12,,,,214.281,214.281,2016-12-01,Other,0.0,None,Regular,Q4,December,Northern
GLP,2017,1,,,,223.868,223.868,2017-01-01,Other,0.0,None,Regular,Q1,January,Northern
GLP,2017,2,,,,225.261,225.261,2017-02-01,Other,0.0,None,Regular,Q1,February,Northern
GLP,2017,3,,,,237.737,237.737,2017-03-01,Other,0.0,None,Regular,Q1,March,Northern
GLP,2017,4,,,,218.267,218.267,2017-04-01,Other,0.0,None,Regular,Q2,April,Northern
GLP,2017,5,,,,160.445,160.445,2017-05-01,Other,0.0,None,Regular,Q2,May,Northern
GLP,2017,6,,,,163.584,163.584,2017-06-01,Other,0.0,None,Regular,Q2,June,Northern
GLP,2017,7,,,,226.555,226.555,2017-07-01,Other,0.0,None,Regular,Q3,July,Northern
GRC,2010,1,1225.835,502.672,723.163,1051.703,1225.835,2010-01-01,Other,1.0,The Three Holy Hierarchs,Winter_Holidays,Q1,January,Northern
GRC,2010,2,1095.128,460.193,634.935,952.745,1095.128,2010-02-01,Other,1.0,Valentine's Day,Regular,Q1,February,Northern
GRC,2010,3,1383.457,505.213,878.244,1165.97,1383.457,2010-03-01,Other,2.0,"25th of March (national holiday), Annunciation of the Lord",Spring_Holidays,Q1,March,Northern
GRC,2010,4,1669.686,539.686,1130.0,1259.031,1669.686,2010-04-01,Other,2.0,"Orthodox Easter Sunday, Orthodox Easter Monday",Spring_Holidays,Q2,April,Northern
GRC,2010,5,3122.08,534.886,2587.194,1346.739,3122.08,2010-05-01,Other,1.0,Orthodox Holy Spirit Sunday,Regular,Q2,May,Northern
GRC,2010,6,4044.552,556.869,3487.683,1436.857,4044.552,2010-06-01,Other,0.0,None,Regular,Q2,June,Northern
GRC,2010,7,5185.291,676.585,4508.706,1699.296,5185.291,2010-07-01,Other,1.0,The Restoration of Democracy,Summer_Holidays,Q3,July,Northern
GRC,2010,8,5485.981,696.262,4789.719,1714.878,5485.981,2010-08-01,Other,1.0,Dormition of the Holy Virgin,Summer_Holidays,Q3,August,Northern
GRC,2010,9,4385.964,590.305,3795.659,1508.085,4385.964,2010-09-01,Other,0.0,None,Regular,Q3,September,Northern
GRC,2010,10,2657.051,496.128,2160.923,1314.154,2657.051,2010-10-01,Other,0.0,None,Regular,Q4,October,Northern
GRC,2010,11,1175.718,431.028,744.69,989.816,1175.718,2010-11-01,Other,2.0,"Polytechneio, Armed Forces Day",Regular,Q4,November,Northern
GRC,2010,12,1157.329,393.051,764.278,972.678,1157.329,2010-12-01,Other,1.0,Christmas Day,Winter_Holidays,Q4,December,Northern
GRC,2011,1,1065.253,368.876,696.377,1400.622,1065.253,2011-01-01,Other,1.0,The Three Holy Hierarchs,Winter_Holidays,Q1,January,Northern
GRC,2011,2,932.804,342.58,590.224,1249.885,932.804,2011-02-01,Other,1.0,Valentine's Day,Regular,Q1,February,Northern
GRC,2011,3,1178.419,399.492,778.927,1543.346,1178.419,2011-03-01,Other,2.0,"25th of March (national holiday), Annunciation of the Lord",Spring_Holidays,Q1,March,Northern
GRC,2011,4,1819.762,481.733,1338.029,2251.047,1819.762,2011-04-01,Other,2.0,"Orthodox Easter Sunday, Orthodox Easter Monday",Spring_Holidays,Q2,April,Northern
GRC,2011,5,3265.986,512.605,2753.381,3678.646,3265.986,2011-05-01,Other,0.0,None,Regular,Q2,May,Northern
GRC,2011,6,4524.096,556.068,3968.028,4949.122,4524.096,2011-06-01,Other,1.0,Orthodox Holy Spirit Sunday,Regular,Q2,June,Northern
GRC,2011,7,5653.529,667.485,4986.044,6146.295,5653.529,2011-07-01,Other,1.0,The Restoration of Democracy,Summer_Holidays,Q3,July,Northern
GRC,2011,8,5797.464,678.771,5118.693,6292.314,5797.464,2011-08-01,Other,1.0,Dormition of the Holy Virgin,Summer_Holidays,Q3,August,Northern
GRC,2011,9,4706.546,575.981,4130.565,5137.591,4706.546,2011-09-01,Other,0.0,None,Regular,Q3,September,Northern
GRC,2011,10,2732.079,466.111,2265.968,3125.379,2732.079,2011-10-01,Other,0.0,None,Regular,Q4,October,Northern
GRC,2011,11,1035.114,345.748,689.366,1350.913,1035.114,2011-11-01,Other,2.0,"Polytechneio, Armed Forces Day",Regular,Q4,November,Northern
GRC,2011,12,1059.687,355.463,704.224,1388.741,1059.687,2011-12-01,Other,1.0,Christmas Day,Winter_Holidays,Q4,December,Northern
GRC,2012,1,971.14,334.873,636.267,1282.224,971.14,2012-01-01,Other,1.0,The Three Holy Hierarchs,Winter_Holidays,Q1,January,Northern
GRC,2012,2,856.022,320.898,535.124,1152.609,856.022,2012-02-01,Other,1.0,Valentine's Day,Regular,Q1,February,Northern
GRC,2012,3,1059.203,379.392,679.811,1408.383,1059.203,2012-03-01,Other,2.0,"25th of March (national holiday), Annunciation of the Lord",Spring_Holidays,Q1,March,Northern
GRC,2012,4,1765.467,465.099,1300.368,2167.521,1765.467,2012-04-01,Other,2.0,"Orthodox Easter Sunday, Orthodox Easter Monday",Spring_Holidays,Q2,April,Northern
GRC,2012,5,2971.253,446.156,2525.097,3316.33,2971.253,2012-05-01,Other,0.0,None,Regular,Q2,May,Northern
GRC,2012,6,4307.437,504.385,3803.052,4649.344,4307.437,2012-06-01,Other,1.0,Orthodox Holy Spirit Sunday,Regular,Q2,June,Northern
GRC,2012,7,5446.517,609.398,4837.119,5860.505,5446.517,2012-07-01,Other,1.0,The Restoration of Democracy,Summer_Holidays,Q3,July,Northern
GRC,2012,8,5629.745,612.001,5017.744,6032.362,5629.745,2012-08-01,Other,1.0,Dormition of the Holy Virgin,Summer_Holidays,Q3,August,Northern
GRC,2012,9,4613.948,544.296,4069.652,4992.52,4613.948,2012-09-01,Other,0.0,None,Regular,Q3,September,Northern
GRC,2012,10,2478.639,436.371,2042.268,2784.01,2478.639,2012-10-01,Other,0.0,None,Regular,Q4,October,Northern
GRC,2012,11,1005.551,337.577,667.974,1313.852,1005.551,2012-11-01,Other,2.0,"Polytechneio, Armed Forces Day",Regular,Q4,November,Northern
GRC,2012,12,977.414,328.513,648.901,1283.292,977.414,2012-12-01,Other,1.0,Christmas Day,Winter_Holidays,Q4,December,Northern
GRC,2013,1,868.161,307.178,560.983,1153.939,868.161,2013-01-01,Other,1.0,The Three Holy Hierarchs,Winter_Holidays,Q1,January,Northern
GRC,2013,2,804.904,311.141,493.763,1089.967,804.904,2013-02-01,Other,1.0,Valentine's Day,Regular,Q1,February,Northern
GRC,2013,3,1020.534,350.676,669.858,1341.721,1020.534,2013-03-01,Other,2.0,"25th of March (national holiday), Annunciation of the Lord",Spring_Holidays,Q1,March,Northern
GRC,2013,4,1518.73,386.012,1132.718,1854.278,1518.73,2013-04-01,Other,0.0,None,Regular,Q2,April,Northern
GRC,2013,5,3348.977,462.433,2886.544,3697.961,3348.977,2013-05-01,Other,2.0,"Orthodox Easter Sunday, Orthodox Easter Monday",Regular,Q2,May,Northern
GRC,2013,6,4735.479,520.462,4215.017,5000.618,4735.479,2013-06-01,Other,1.0,Orthodox Holy Spirit Sunday,Regular,Q2,June,Northern
GRC,2013,7,5768.258,599.215,5169.043,6176.12,5768.258,2013-07-01,Other,1.0,The Restoration of Democracy,Summer_Holidays,Q3,July,Northern
GRC,2013,8,6073.082,605.316,5467.766,6482.684,6073.082,2013-08-01,Other,1.0,Dormition of the Holy Virgin,Summer_Holidays,Q3,August,Northern
GRC,2013,9,5011.62,539.763,4471.857,5381.309,5011.62,2013-09-01,Other,0.0,None,Regular,Q3,September,Northern
GRC,2013,10,2791.126,443.304,2347.822,3150.536,2791.126,2013-10-01,Other,0.0,None,Regular,Q4,October,Northern
GRC,2013,11,1047.697,334.348,713.349,1358.085,1047.697,2013-11-01,Other,2.0,"Polytechneio, Armed Forces Day",Regular,Q4,November,Northern
GRC,2013,12,1035.366,338.257,697.109,1353.987,1035.366,2013-12-01,Other,1.0,Christmas Day,Winter_Holidays,Q4,December,Northern
GRC,2014,1,943.218,313.948,629.27,1227.692,943.218,2014-01-01,Other,1.0,The Three Holy Hierarchs,Winter_Holidays,Q1,January,Northern
GRC,2014,2,887.154,311.736,575.418,1167.427,887.154,2014-02-01,Other,1.0,Valentine's Day,Regular,Q1,February,Northern
GRC,2014,3,1079.638,355.812,723.826,1397.93,1079.638,2014-03-01,Other,2.0,"25th of March (national holiday), Annunciation of the Lord",Spring_Holidays,Q1,March,Northern
GRC,2014,4,1955.11,506.289,1448.821,2401.483,1955.11,2014-04-01,Other,2.0,"Orthodox Easter Sunday, Orthodox Easter Monday",Spring_Holidays,Q2,April,Northern
GRC,2014,5,3771.893,546.951,3224.942,4214.668,3771.893,2014-05-01,Other,0.0,None,Regular,Q2,May,Northern
GRC,2014,6,5377.59,622.138,4755.452,5871.86,5377.59,2014-06-01,Other,1.0,Orthodox Holy Spirit Sunday,Regular,Q2,June,Northern
GRC,2014,7,6628.494,729.48,5899.014,7187.775,6628.494,2014-07-01,Other,1.0,The Restoration of Democracy,Summer_Holidays,Q3,July,Northern
GRC,2014,8,7000.561,744.87,6255.691,7567.171,7000.561,2014-08-01,Other,1.0,Dormition of the Holy Virgin,Summer_Holidays,Q3,August,Northern
GRC,2014,9,5542.649,660.196,4882.453,6091.87,5542.649,2014-09-01,Other,0.0,None,Regular,Q3,September,Northern
GRC,2014,10,3309.727,569.877,2739.85,3811.47,3309.727,2014-10-01,Other,0.0,None,Regular,Q4,October,Northern
GRC,2014,11,1319.184,450.509,868.675,1736.149,1319.184,2014-11-01,Other,2.0,"Polytechneio, Armed Forces Day",Regular,Q4,November,Northern
GRC,2014,12,1302.615,455.35,847.265,1718.316,1302.615,2014-12-01,Other,1.0,Christmas Day,Winter_Holidays,Q4,December,Northern
GRC,2015,1,1193.377,433.886,759.491,1597.905,1193.377,2015-01-01,Other,1.0,The Three Holy Hierarchs,Winter_Holidays,Q1,January,Northern
GRC,2015,2,1091.972,405.795,686.177,1464.537,1091.972,2015-02-01,Other,1.0,Valentine's Day,Regular,Q1,February,Northern
GRC,2015,3,1347.345,465.077,882.268,1775.845,1347.345,2015-03-01,Other,2.0,"25th of March (national holiday), Annunciation of the Lord",Spring_Holidays,Q1,March,Northern
GRC,2015,4,2227.095,592.102,1634.993,2755.731,2227.095,2015-04-01,Other,2.0,"Orthodox Easter Sunday, Orthodox Easter Monday",Spring_Holidays,Q2,April,Northern
GRC,2015,5,4112.577,651.95,3460.627,4668.647,4112.577,2015-05-01,Other,1.0,Orthodox Holy Spirit Sunday,Regular,Q2,May,Northern
GRC,2015,6,5617.275,756.231,4861.044,6250.706,5617.275,2015-06-01,Other,0.0,None,Regular,Q2,June,Northern
GRC,2015,7,7014.031,871.959,6142.072,7718.782,7014.031,2015-07-01,Other,1.0,The Restoration of Democracy,Summer_Holidays,Q3,July,Northern
GRC,2015,8,7427.749,894.473,6533.276,8157.711,7427.749,2015-08-01,Other,1.0,Dormition of the Holy Virgin,Summer_Holidays,Q3,August,Northern
GRC,2015,9,5810.847,752.306,5058.541,6423.533,5810.847,2015-09-01,Other,0.0,None,Regular,Q3,September,Northern
GRC,2015,10,3382.557,615.541,2767.016,3940.105,3382.557,2015-10-01,Other,0.0,None,Regular,Q4,October,Northern
GRC,2015,11,1452.899,528.86,924.039,1953.342,1452.899,2015-11-01,Other,2.0,"Polytechneio, Armed Forces Day",Regular,Q4,November,Northern
GRC,2015,12,1418.678,513.826,904.852,1903.146,1418.678,2015-12-01,Other,1.0,Christmas Day,Winter_Holidays,Q4,December,Northern
GRC,2016,1,1295.643,490.361,805.282,1758.987,1295.643,2016-01-01,Other,1.0,The Three Holy Hierarchs,Winter_Holidays,Q1,January,Northern
GRC,2016,2,1260.146,505.011,755.135,1731.363,1260.146,2016-02-01,Other,1.0,Valentine's Day,Regular,Q1,February,Northern
GRC,2016,3,1564.712,576.381,988.331,2109.486,1564.712,2016-03-01,Other,2.0,"25th of March (national holiday), Annunciation of the Lord",Spring_Holidays,Q1,March,Northern
GRC,2016,4,2258.706,596.568,1662.138,2848.614,2258.706,2016-04-01,Other,0.0,None,Regular,Q2,April,Northern
GRC,2016,5,4371.155,730.513,3640.642,5025.89,4371.155,2016-05-01,Other,2.0,"Orthodox Easter Sunday, Orthodox Easter Monday",Regular,Q2,May,Northern
GRC,2016,6,5758.329,784.814,4973.515,6479.404,5758.329,2016-06-01,Other,1.0,Orthodox Holy Spirit Sunday,Regular,Q2,June,Northern
GRC,2016,7,7576.26,933.341,6642.919,8409.542,7576.26,2016-07-01,Other,1.0,The Restoration of Democracy,Summer_Holidays,Q3,July,Northern
GRC,2016,8,7785.589,945.824,6839.765,8628.98,7785.589,2016-08-01,Other,1.0,Dormition of the Holy Virgin,Summer_Holidays,Q3,August,Northern
GRC,2016,9,6417.788,838.266,5579.522,7174.689,6417.788,2016-09-01,Other,0.0,None,Regular,Q3,September,Northern
GRC,2016,10,4022.715,664.327,3358.388,4657.176,4022.715,2016-10-01,Other,0.0,None,Regular,Q4,October,Northern
GRC,2016,11,1604.824,550.572,1054.252,2117.221,1604.824,2016-11-01,Other,2.0,"Polytechneio, Armed Forces Day",Regular,Q4,November,Northern
GRC,2016,12,1627.504,560.203,1067.301,2154.011,1627.504,2016-12-01,Other,1.0,Christmas Day,Winter_Holidays,Q4,December,Northern
GRC,2017,1,1437.783,488.6,949.183,1901.782,1437.783,2017-01-01,Other,1.0,The Three Holy Hierarchs,Winter_Holidays,Q1,January,Northern
GRC,2017,2,1339.482,498.68,840.802,1808.568,1339.482,2017-02-01,Other,1.0,Valentine's Day,Regular,Q1,February,Northern
GRC,2017,3,1662.534,572.327,1090.207,2201.038,1662.534,2017-03-01,Other,2.0,"25th of March (national holiday), Annunciation of the Lord",Spring_Holidays,Q1,March,Northern
GRC,2017,4,2816.56,627.919,2188.641,3254.073,2816.56,2017-04-01,Other,2.0,"Orthodox Easter Sunday, Orthodox Easter Monday",Spring_Holidays,Q2,April,Northern
GRC,2017,5,4752.752,700.425,4052.327,5269.606,4752.752,2017-05-01,Other,0.0,None,Regular,Q2,May,Northern
GRC,2017,6,6664.081,831.71,5832.371,7276.57,6664.081,2017-06-01,Other,1.0,Orthodox Holy Spirit Sunday,Regular,Q2,June,Northern
GRC,2017,7,8228.022,983.434,7244.588,9018.342,8228.022,2017-07-01,Other,1.0,The Restoration of Democracy,Summer_Holidays,Q3,July,Northern
GRC,2017,8,8336.358,979.219,7357.139,9221.087,8336.358,2017-08-01,Other,1.0,Dormition of the Holy Virgin,Summer_Holidays,Q3,August,Northern
GRC,2017,9,7006.85,865.541,6141.309,7830.958,7006.85,2017-09-01,Other,0.0,None,Regular,Q3,September,Northern
GRC,2017,10,4484.004,742.615,3741.389,5307.219,4484.004,2017-10-01,Other,0.0,None,Regular,Q4,October,Northern
GRC,2017,11,1751.236,535.821,1215.415,2278.112,1751.236,2017-11-01,Other,2.0,"Polytechneio, Armed Forces Day",Regular,Q4,November,Northern
GRC,2017,12,1691.066,508.648,1182.418,2162.606,1691.066,2017-12-01,Other,1.0,Christmas Day,Winter_Holidays,Q4,December,Northern
GRC,2018,1,1518.89,465.964,1052.926,,1518.89,2018-01-01,Other,1.0,The Three Holy Hierarchs,Winter_Holidays,Q1,January,Northern
GRC,2018,2,1421.37,448.974,972.396,,1421.37,2018-02-01,Other,1.0,Valentine's Day,Regular,Q1,February,Northern
GRC,2018,3,1891.78,540.777,1351.003,,1891.78,2018-03-01,Other,2.0,"25th of March (national holiday), Annunciation of the Lord",Spring_Holidays,Q1,March,Northern
GRC,2018,4,3015.244,642.335,2372.909,,3015.244,2018-04-01,Other,2.0,"Orthodox Easter Sunday, Orthodox Easter Monday",Spring_Holidays,Q2,April,Northern
GRC,2018,5,5565.067,764.247,4800.82,,5565.067,2018-05-01,Other,1.0,Orthodox Holy Spirit Sunday,Regular,Q2,May,Northern
GRC,2018,6,7300.584,856.761,6443.823,,7300.584,2018-06-01,Other,0.0,None,Regular,Q2,June,Northern
GRC,2018,7,8755.833,1023.349,7732.484,,8755.833,2018-07-01,Other,1.0,The Restoration of Democracy,Summer_Holidays,Q3,July,Northern
GRC,2018,8,8835.744,1031.859,7803.885,,8835.744,2018-08-01,Other,1.0,Dormition of the Holy Virgin,Summer_Holidays,Q3,August,Northern
GRC,2018,9,7442.136,914.983,6527.153,,7442.136,2018-09-01,Other,0.0,None,Regular,Q3,September,Northern
GRC,2018,10,4670.003,738.056,3931.947,,4670.003,2018-10-01,Other,0.0,None,Regular,Q4,October,Northern
GRC,2018,11,1965.347,572.629,1392.718,,1965.347,2018-11-01,Other,2.0,"Polytechneio, Armed Forces Day",Regular,Q4,November,Northern
GRC,2018,12,1876.828,553.632,1323.196,,1876.828,2018-12-01,Other,1.0,Christmas Day,Winter_Holidays,Q4,December,Northern
GTM,2014,1,,,,187.096,187.096,2014-01-01,Latin America,1.0,New Year's Day,Winter_Holidays,Q1,January,Northern
GTM,2014,2,,,,159.936,159.936,2014-02-01,Latin America,0.0,None,Regular,Q1,February,Northern
GTM,2014,3,,,,191.522,191.522,2014-03-01,Latin America,0.0,None,Regular,Q1,March,Northern
GTM,2014,4,,,,183.833,183.833,2014-04-01,Latin America,3.0,"Maundy Thursday, Good Friday, Easter Saturday",Spring_Holidays,Q2,April,Northern
GTM,2014,5,,,,175.173,175.173,2014-05-01,Latin America,1.0,Labor Day,Regular,Q2,May,Northern
GTM,2014,6,,,,198.45,198.45,2014-06-01,Latin America,1.0,Army Day,Regular,Q2,June,Northern
GTM,2014,7,,,,209.656,209.656,2014-07-01,Latin America,0.0,None,Regular,Q3,July,Northern
GTM,2014,8,,,,188.517,188.517,2014-08-01,Latin America,1.0,Assumption Day,Summer_Holidays,Q3,August,Northern
GTM,2014,9,,,,150.964,150.964,2014-09-01,Latin America,1.0,Independence Day,Regular,Q3,September,Northern
GTM,2014,10,,,,165.193,165.193,2014-10-01,Latin America,2.0,"Dia de la raza, Revolution of 1944",Regular,Q4,October,Northern
GTM,2014,11,,,,195.308,195.308,2014-11-01,Latin America,1.0,All Saints' Day,Regular,Q4,November,Northern
GTM,2014,12,,,,211.237,211.237,2014-12-01,Latin America,4.0,"Christmas Eve, Boxing Day, New Year's Eve",Winter_Holidays,Q4,December,Northern
GTM,2015,1,,,,190.061,190.061,2015-01-01,Latin America,1.0,New Year's Day,Winter_Holidays,Q1,January,Northern
GTM,2015,2,,,,157.097,157.097,2015-02-01,Latin America,0.0,None,Regular,Q1,February,Northern
GTM,2015,3,,,,196.931,196.931,2015-03-01,Latin America,0.0,None,Regular,Q1,March,Northern
GTM,2015,4,,,,180.51,180.51,2015-04-01,Latin America,3.0,"Maundy Thursday, Good Friday, Easter Saturday",Spring_Holidays,Q2,April,Northern
GTM,2015,5,,,,176.004,176.004,2015-05-01,Latin America,1.0,Labor Day,Regular,Q2,May,Northern
GTM,2015,6,,,,203.759,203.759,2015-06-01,Latin America,1.0,Army Day Holiday,Regular,Q2,June,Northern
GTM,2015,7,,,,224.357,224.357,2015-07-01,Latin America,0.0,None,Regular,Q3,July,Northern
GTM,2015,8,,,,196.962,196.962,2015-08-01,Latin America,1.0,Assumption Day,Summer_Holidays,Q3,August,Northern
GTM,2015,9,,,,158.957,158.957,2015-09-01,Latin America,1.0,Independence Day,Regular,Q3,September,Northern
GTM,2015,10,,,,182.559,182.559,2015-10-01,Latin America,2.0,"Dia de la raza, Revolution of 1944",Regular,Q4,October,Northern
GTM,2015,11,,,,219.454,219.454,2015-11-01,Latin America,1.0,All Saints' Day,Regular,Q4,November,Northern
GTM,2015,12,,,,236.709,236.709,2015-12-01,Latin America,4.0,"Christmas Eve, Boxing Day, New Year's Eve",Winter_Holidays,Q4,December,Northern
GTM,2016,1,,,,220.976,220.976,2016-01-01,Latin America,1.0,New Year's Day,Winter_Holidays,Q1,January,Northern
GTM,2016,2,,,,182.586,182.586,2016-02-01,Latin America,0.0,None,Regular,Q1,February,Northern
GTM,2016,3,,,,230.259,230.259,2016-03-01,Latin America,3.0,"Maundy Thursday, Good Friday, Easter Saturday",Spring_Holidays,Q1,March,Northern
GTM,2016,4,,,,194.392,194.392,2016-04-01,Latin America,0.0,None,Regular,Q2,April,Northern
GTM,2016,5,,,,198.272,198.272,2016-05-01,Latin America,1.0,Labor Day,Regular,Q2,May,Northern
GTM,2016,6,,,,226.612,226.612,2016-06-01,Latin America,1.0,Army Day,Regular,Q2,June,Northern
GTM,2016,7,,,,243.507,243.507,2016-07-01,Latin America,0.0,None,Regular,Q3,July,Northern
GTM,2016,8,,,,218.133,218.133,2016-08-01,Latin America,1.0,Assumption Day,Summer_Holidays,Q3,August,Northern
GTM,2016,9,,,,179.727,179.727,2016-09-01,Latin America,1.0,Independence Day,Regular,Q3,September,Northern
GTM,2016,10,,,,206.226,206.226,2016-10-01,Latin America,2.0,"Dia de la raza, Revolution of 1944",Regular,Q4,October,Northern
GTM,2016,11,,,,226.527,226.527,2016-11-01,Latin America,1.0,All Saints' Day,Regular,Q4,November,Northern
GTM,2016,12,,,,251.906,251.906,2016-12-01,Latin America,4.0,"Christmas Eve, Boxing Day, New Year's Eve",Winter_Holidays,Q4,December,Northern
GTM,2017,1,,,,234.479,234.479,2017-01-01,Latin America,1.0,New Year's Day,Winter_Holidays,Q1,January,Northern
GTM,2017,2,,,,195.406,195.406,2017-02-01,Latin America,0.0,None,Regular,Q1,February,Northern
GTM,2017,3,,,,229.631,229.631,2017-03-01,Latin America,0.0,None,Regular,Q1,March,Northern
GTM,2017,4,,,,244.711,244.711,2017-04-01,Latin America,3.0,"Maundy Thursday, Good Friday, Easter Saturday",Spring_Holidays,Q2,April,Northern
GTM,2017,5,,,,210.846,210.846,2017-05-01,Latin America,1.0,Labor Day,Regular,Q2,May,Northern
HKG,2014,1,,,,5138.0,5138.0,2014-01-01,Other,2.0,"New Year's Day, Chinese Lunar New Year's Day",Winter_Holidays,Q1,January,Northern
HKG,2014,2,,,,4763.0,4763.0,2014-02-01,Other,3.0,"Valentine's Day, Second day of Chinese Lunar New Year, Third day of Chinese Lunar New Year",Regular,Q1,February,Northern
HKG,2014,3,,,,5149.0,5149.0,2014-03-01,Other,0.0,None,Regular,Q1,March,Northern
HKG,2014,4,,,,5376.0,5376.0,2014-04-01,Other,5.0,"Easter Sunday, Tomb Sweeping Day, Good Friday",Spring_Holidays,Q2,April,Northern
HKG,2014,5,,,,5135.0,5135.0,2014-05-01,Other,3.0,"Mother's Day, Labour Day, Buddha's Birthday",Regular,Q2,May,Northern
HKG,2014,6,,,,5197.0,5197.0,2014-06-01,Other,2.0,"Father's Day, Dragon Boat Festival",Regular,Q2,June,Northern
HKG,2014,7,,,,5603.0,5603.0,2014-07-01,Other,1.0,Hong Kong Special Administrative Region Establishment Day,Summer_Holidays,Q3,July,Northern
HKG,2014,8,,,,5791.0,5791.0,2014-08-01,Other,1.0,Hungry Ghost Festival,Summer_Holidays,Q3,August,Northern
HKG,2014,9,,,,5035.0,5035.0,2014-09-01,Other,3.0,"Mid-Autumn Festival, Confucius' Birthday, Day after Mid-Autumn Festival",Regular,Q3,September,Northern
HKG,2014,10,,,,5368.0,5368.0,2014-10-01,Other,3.0,"Halloween, National Day of the People's Republic of China, Chung Yeung Festival",Regular,Q4,October,Northern
HKG,2014,11,,,,5144.0,5144.0,2014-11-01,Other,0.0,None,Regular,Q4,November,Northern
HKG,2014,12,,,,5645.0,5645.0,2014-12-01,Other,3.0,"New Year's Eve, Christmas Day, Boxing Day",Winter_Holidays,Q4,December,Northern
HKG,2015,1,,,,5228.0,5228.0,2015-01-01,Other,1.0,New Year's Day,Winter_Holidays,Q1,January,Northern
HKG,2015,2,,,,5423.0,5423.0,2015-02-01,Other,4.0,"Valentine's Day, Chinese Lunar New Year's Day, Second day of Chinese Lunar New Year",Regular,Q1,February,Northern
HKG,2015,3,,,,5736.0,5736.0,2015-03-01,Other,0.0,None,Regular,Q1,March,Northern
HKG,2015,4,,,,5847.0,5847.0,2015-04-01,Other,6.0,"Easter Sunday, Good Friday, Holy Saturday",Spring_Holidays,Q2,April,Northern
HKG,2015,5,,,,5757.0,5757.0,2015-05-01,Other,3.0,"Mother's Day, Labour Day, Buddha's Birthday",Regular,Q2,May,Northern
HKG,2015,6,,,,5568.0,5568.0,2015-06-01,Other,2.0,"Father's Day, Dragon Boat Festival",Regular,Q2,June,Northern
HKG,2015,7,,,,5951.0,5951.0,2015-07-01,Other,1.0,Hong Kong Special Administrative Region Establishment Day,Summer_Holidays,Q3,July,Northern
HKG,2015,8,,,,6301.0,6301.0,2015-08-01,Other,1.0,Hungry Ghost Festival,Summer_Holidays,Q3,August,Northern
HKG,2015,9,,,,5351.0,5351.0,2015-09-01,Other,3.0,"Mid-Autumn Festival, 70th Anniversary of Japan's Surrender, Day after Mid-Autumn Festival",Regular,Q3,September,Northern
HKG,2015,10,,,,5779.0,5779.0,2015-10-01,Other,4.0,"Confucius' Birthday, Halloween, National Day of the People's Republic of China",Regular,Q4,October,Northern
HKG,2015,11,,,,5593.0,5593.0,2015-11-01,Other,0.0,None,Regular,Q4,November,Northern
HKG,2015,12,,,,5988.0,5988.0,2015-12-01,Other,3.0,"New Year's Eve, Christmas Day, Boxing Day",Winter_Holidays,Q4,December,Northern
HKG,2016,1,,,,5923.0,5923.0,2016-01-01,Other,1.0,New Year's Day,Winter_Holidays,Q1,January,Northern
HKG,2016,2,,,,5690.0,5690.0,2016-02-01,Other,4.0,"Valentine's Day, Chinese Lunar New Year's Day, Second day of Chinese Lunar New Year",Regular,Q1,February,Northern
HKG,2016,3,,,,6006.0,6006.0,2016-03-01,Other,4.0,"Easter Sunday, Good Friday, Holy Saturday",Spring_Holidays,Q1,March,Northern
HKG,2016,4,,,,5910.0,5910.0,2016-04-01,Other,1.0,Tomb Sweeping Day,Spring_Holidays,Q2,April,Northern
HKG,2016,5,,,,5834.0,5834.0,2016-05-01,Other,4.0,"Mother's Day, Labour Day, Labour Day observed",Regular,Q2,May,Northern
HKG,2016,6,,,,5867.0,5867.0,2016-06-01,Other,2.0,"Father's Day, Dragon Boat Festival",Regular,Q2,June,Northern
HKG,2016,7,,,,6296.0,6296.0,2016-07-01,Other,1.0,Hong Kong Special Administrative Region Establishment Day,Summer_Holidays,Q3,July,Northern
HKG,2016,8,,,,6164.0,6164.0,2016-08-01,Other,1.0,Hungry Ghost Festival,Summer_Holidays,Q3,August,Northern
HKG,2016,9,,,,5531.0,5531.0,2016-09-01,Other,3.0,"Mid-Autumn Festival, Confucius' Birthday, Day after Mid-Autumn Festival",Regular,Q3,September,Northern
HKG,2016,10,,,,5725.0,5725.0,2016-10-01,Other,3.0,"Halloween, National Day of the People's Republic of China, Chung Yeung Festival",Regular,Q4,October,Northern
HKG,2016,11,,,,5398.0,5398.0,2016-11-01,Other,0.0,None,Regular,Q4,November,Northern
HKG,2016,12,,,,6164.0,6164.0,2016-12-01,Other,4.0,"New Year's Eve, Christmas Day, Boxing Day",Winter_Holidays,Q4,December,Northern
HKG,2017,1,,,,6208.0,6208.0,2017-01-01,Other,6.0,"New Year's Day, New Year's Day observed, Chinese Lunar New Year's Day",Winter_Holidays,Q1,January,Northern
HKG,2017,2,,,,5518.0,5518.0,2017-02-01,Other,1.0,Valentine's Day,Regular,Q1,February,Northern
HKG,2017,3,,,,5887.0,5887.0,2017-03-01,Other,0.0,None,Regular,Q1,March,Northern
HKG,2017,4,,,,6269.0,6269.0,2017-04-01,Other,5.0,"Easter Sunday, Tomb Sweeping Day, Good Friday",Spring_Holidays,Q2,April,Northern
HKG,2017,5,,,,5978.0,5978.0,2017-05-01,Other,4.0,"Mother's Day, Labour Day, Buddha's Birthday",Regular,Q2,May,Northern
HKG,2017,6,,,,5907.0,5907.0,2017-06-01,Other,1.0,Father's Day,Regular,Q2,June,Northern
HKG,2017,7,,,,6517.0,6517.0,2017-07-01,Other,1.0,Hong Kong Special Administrative Region Establishment Day,Summer_Holidays,Q3,July,Northern
HKG,2017,8,,,,6510.0,6510.0,2017-08-01,Other,0.0,None,Regular,Q3,August,Northern
HKG,2017,9,,,,5607.0,5607.0,2017-09-01,Other,1.0,Hungry Ghost Festival,Regular,Q3,September,Northern
HKG,2017,10,,,,6159.0,6159.0,2017-10-01,Other,7.0,"Mid-Autumn Festival, Confucius' Birthday, Halloween",Regular,Q4,October,Northern
HKG,2017,11,,,,5939.0,5939.0,2017-11-01,Other,0.0,None,Regular,Q4,November,Northern
HKG,2017,12,,,,6422.0,6422.0,2017-12-01,Other,3.0,"New Year's Eve, Christmas Day, Boxing Day",Winter_Holidays,Q4,December,Northern
HRV,2010,1,139.033,26.326,112.707,171.521,139.033,2010-01-01,Other,2.0,"New Year's Day, Epiphany",Winter_Holidays,Q1,January,Northern
HRV,2010,2,120.439,25.179,95.26,152.814,120.439,2010-02-01,Other,0.0,None,Regular,Q1,February,Northern
HRV,2010,3,168.552,30.948,137.604,205.964,168.552,2010-03-01,Other,0.0,None,Regular,Q1,March,Northern
HRV,2010,4,236.397,30.814,205.583,273.886,236.397,2010-04-01,Other,2.0,"Easter Sunday, Easter Monday",Spring_Holidays,Q2,April,Northern
HRV,2010,5,449.899,39.067,410.832,495.205,449.899,2010-05-01,Other,1.0,Labor Day / May Day,Regular,Q2,May,Northern
HRV,2010,6,580.173,41.956,538.217,619.344,580.173,2010-06-01,Other,3.0,"Corpus Christi, Day of Antifascist Struggle, Statehood Day",Regular,Q2,June,Northern
HRV,2010,7,806.225,47.664,758.561,852.694,806.225,2010-07-01,Other,0.0,None,Regular,Q3,July,Northern
HRV,2010,8,840.333,49.234,791.099,887.151,840.333,2010-08-01,Other,2.0,"Homeland Thanksgiving Day, Assumption of Mary",Summer_Holidays,Q3,August,Northern
HRV,2010,9,624.156,43.948,580.208,671.767,624.156,2010-09-01,Other,0.0,None,Regular,Q3,September,Northern
HRV,2010,10,374.507,38.109,336.398,419.384,374.507,2010-10-01,Other,1.0,Independence Day,Regular,Q4,October,Northern
HRV,2010,11,178.953,29.623,149.33,216.579,178.953,2010-11-01,Other,1.0,All Saints' Day,Regular,Q4,November,Northern
HRV,2010,12,158.747,29.792,128.955,194.313,158.747,2010-12-01,Other,2.0,"Christmas Day, St Stephen's Day",Winter_Holidays,Q4,December,Northern
HRV,2011,1,153.339,26.339,127.0,187.074,153.339,2011-01-01,Other,2.0,"New Year's Day, Epiphany",Winter_Holidays,Q1,January,Northern
HRV,2011,2,138.53,25.798,112.732,169.407,138.53,2011-02-01,Other,0.0,None,Regular,Q1,February,Northern
HRV,2011,3,180.339,30.807,149.532,220.373,180.339,2011-03-01,Other,0.0,None,Regular,Q1,March,Northern
HRV,2011,4,325.456,41.934,283.522,371.02,325.456,2011-04-01,Other,2.0,"Easter Sunday, Easter Monday",Spring_Holidays,Q2,April,Northern
HRV,2011,5,473.513,47.105,426.408,534.959,473.513,2011-05-01,Other,1.0,Labor Day / May Day,Regular,Q2,May,Northern
HRV,2011,6,614.351,49.845,564.506,681.085,614.351,2011-06-01,Other,3.0,"Day of Antifascist Struggle, Corpus Christi, Statehood Day",Regular,Q2,June,Northern
HRV,2011,7,854.38,55.87,798.51,929.816,854.38,2011-07-01,Other,0.0,None,Regular,Q3,July,Northern
HRV,2011,8,843.311,56.114,787.197,917.487,843.311,2011-08-01,Other,2.0,"Homeland Thanksgiving Day, Assumption of Mary",Summer_Holidays,Q3,August,Northern
HRV,2011,9,658.544,53.612,604.932,729.792,658.544,2011-09-01,Other,0.0,None,Regular,Q3,September,Northern
HRV,2011,10,401.534,45.077,356.457,457.658,401.534,2011-10-01,Other,1.0,Independence Day,Regular,Q4,October,Northern
HRV,2011,11,183.934,30.313,153.621,216.542,183.934,2011-11-01,Other,1.0,All Saints' Day,Regular,Q4,November,Northern
HRV,2011,12,162.005,27.964,134.041,191.576,162.005,2011-12-01,Other,2.0,"Christmas Day, St Stephen's Day",Winter_Holidays,Q4,December,Northern
HRV,2012,1,150.95,25.491,125.459,178.485,150.95,2012-01-01,Other,2.0,"New Year's Day, Epiphany",Winter_Holidays,Q1,January,Northern
HRV,2012,2,130.763,22.3,108.463,156.916,130.763,2012-02-01,Other,0.0,None,Regular,Q1,February,Northern
HRV,2012,3,187.426,29.224,158.202,220.221,187.426,2012-03-01,Other,0.0,None,Regular,Q1,March,Northern
HRV,2012,4,335.479,36.911,298.568,378.056,335.479,2012-04-01,Other,2.0,"Easter Sunday, Easter Monday",Spring_Holidays,Q2,April,Northern
HRV,2012,5,512.233,40.599,471.634,561.357,512.233,2012-05-01,Other,1.0,Labor Day / May Day,Regular,Q2,May,Northern
HRV,2012,6,709.014,47.627,661.387,768.827,709.014,2012-06-01,Other,3.0,"Corpus Christi, Day of Antifascist Struggle, Statehood Day",Regular,Q2,June,Northern
HRV,2012,7,928.203,52.811,875.392,995.691,928.203,2012-07-01,Other,0.0,None,Regular,Q3,July,Northern
HRV,2012,8,908.165,53.251,854.914,991.451,908.165,2012-08-01,Other,2.0,"Homeland Thanksgiving Day, Assumption of Mary",Summer_Holidays,Q3,August,Northern
HRV,2012,9,758.058,51.946,706.112,821.345,758.058,2012-09-01,Other,0.0,None,Regular,Q3,September,Northern
HRV,2012,10,439.787,41.19,398.597,486.817,439.787,2012-10-01,Other,1.0,Independence Day,Regular,Q4,October,Northern
HRV,2012,11,193.347,31.338,162.009,228.151,193.347,2012-11-01,Other,1.0,All Saints' Day,Regular,Q4,November,Northern
HRV,2012,12,169.207,28.117,141.09,199.387,169.207,2012-12-01,Other,2.0,"Christmas Day, St Stephen's Day",Winter_Holidays,Q4,December,Northern
HRV,2013,1,159.163,27.197,131.966,188.57,159.163,2013-01-01,Other,2.0,"New Year's Day, Epiphany",Winter_Holidays,Q1,January,Northern
HRV,2013,2,140.794,24.142,116.652,169.364,140.794,2013-02-01,Other,0.0,None,Regular,Q1,February,Northern
HRV,2013,3,211.298,31.647,179.651,246.391,211.298,2013-03-01,Other,1.0,Easter Sunday,Spring_Holidays,Q1,March,Northern
HRV,2013,4,339.615,35.087,304.528,379.705,339.615,2013-04-01,Other,1.0,Easter Monday,Spring_Holidays,Q2,April,Northern
HRV,2013,5,560.226,38.746,521.48,601.547,560.226,2013-05-01,Other,2.0,"Labor Day / May Day, Corpus Christi",Regular,Q2,May,Northern
HRV,2013,6,755.721,44.808,710.913,808.904,755.721,2013-06-01,Other,2.0,"Day of Antifascist Struggle, Statehood Day",Regular,Q2,June,Northern
HRV,2013,7,977.493,51.141,926.352,1037.84,977.493,2013-07-01,Other,0.0,None,Regular,Q3,July,Northern
HRV,2013,8,1000.912,52.032,948.88,1060.036,1000.912,2013-08-01,Other,2.0,"Homeland Thanksgiving Day, Assumption of Mary",Summer_Holidays,Q3,August,Northern
HRV,2013,9,768.825,45.996,722.829,823.64,768.825,2013-09-01,Other,0.0,None,Regular,Q3,September,Northern
HRV,2013,10,460.88,36.315,424.565,502.793,460.88,2013-10-01,Other,1.0,Independence Day,Regular,Q4,October,Northern
HRV,2013,11,178.92,26.659,152.261,207.847,178.92,2013-11-01,Other,1.0,All Saints' Day,Regular,Q4,November,Northern
HRV,2013,12,168.6,27.803,140.797,198.117,168.6,2013-12-01,Other,2.0,"Christmas Day, St Stephen's Day",Winter_Holidays,Q4,December,Northern
HRV,2014,1,153.122,26.079,127.043,181.353,153.122,2014-01-01,Other,2.0,"New Year's Day, Epiphany",Winter_Holidays,Q1,January,Northern
HRV,2014,2,141.801,23.937,117.864,166.773,141.801,2014-02-01,Other,0.0,None,Regular,Q1,February,Northern
HRV,2014,3,186.427,30.106,156.321,218.519,186.427,2014-03-01,Other,0.0,None,Regular,Q1,March,Northern
HRV,2014,4,375.079,35.299,339.78,412.31,375.079,2014-04-01,Other,2.0,"Easter Sunday, Easter Monday",Spring_Holidays,Q2,April,Northern
HRV,2014,5,602.715,41.013,561.702,648.714,602.715,2014-05-01,Other,1.0,Labor Day / May Day,Regular,Q2,May,Northern
HRV,2014,6,794.425,48.658,745.767,847.701,794.425,2014-06-01,Other,3.0,"Corpus Christi, Day of Antifascist Struggle, Statehood Day",Regular,Q2,June,Northern
HRV,2014,7,1093.161,52.863,1040.298,1151.257,1093.161,2014-07-01,Other,0.0,None,Regular,Q3,July,Northern
HRV,2014,8,1105.922,56.268,1049.654,1165.55,1105.922,2014-08-01,Other,2.0,"Homeland Thanksgiving Day, Assumption of Mary",Summer_Holidays,Q3,August,Northern
HRV,2014,9,815.629,48.805,766.824,868.554,815.629,2014-09-01,Other,0.0,None,Regular,Q3,September,Northern
HRV,2014,10,489.393,43.358,446.035,534.273,489.393,2014-10-01,Other,1.0,Independence Day,Regular,Q4,October,Northern
HRV,2014,11,198.128,30.181,167.947,229.925,198.128,2014-11-01,Other,1.0,All Saints' Day,Regular,Q4,November,Northern
HRV,2014,12,184.995,28.643,156.352,213.886,184.995,2014-12-01,Other,2.0,"Christmas Day, St Stephen's Day",Winter_Holidays,Q4,December,Northern
HRV,2015,1,166.761,25.659,141.102,193.465,166.761,2015-01-01,Other,2.0,"New Year's Day, Epiphany",Winter_Holidays,Q1,January,Northern
HRV,2015,2,155.406,24.575,130.831,181.546,155.406,2015-02-01,Other,0.0,None,Regular,Q1,February,Northern
HRV,2015,3,216.813,31.96,184.853,249.431,216.813,2015-03-01,Other,0.0,None,Regular,Q1,March,Northern
HRV,2015,4,380.684,33.38,347.304,416.361,380.684,2015-04-01,Other,2.0,"Easter Sunday, Easter Monday",Spring_Holidays,Q2,April,Northern
HRV,2015,5,658.218,41.421,616.797,705.736,658.218,2015-05-01,Other,1.0,Labor Day / May Day,Regular,Q2,May,Northern
HRV,2015,6,839.919,46.232,793.687,891.878,839.919,2015-06-01,Other,3.0,"Corpus Christi, Day of Antifascist Struggle, Statehood Day",Regular,Q2,June,Northern
HRV,2015,7,1152.439,54.5,1097.939,1210.663,1152.439,2015-07-01,Other,0.0,None,Regular,Q3,July,Northern
HRV,2015,8,1172.321,56.186,1116.135,1234.143,1172.321,2015-08-01,Other,2.0,"Homeland Thanksgiving Day, Assumption of Mary",Summer_Holidays,Q3,August,Northern
HRV,2015,9,883.847,51.123,832.724,939.976,883.847,2015-09-01,Other,0.0,None,Regular,Q3,September,Northern
HRV,2015,10,547.767,42.904,504.863,592.732,547.767,2015-10-01,Other,1.0,Independence Day,Regular,Q4,October,Northern
HRV,2015,11,208.369,30.557,177.812,240.767,208.369,2015-11-01,Other,1.0,All Saints' Day,Regular,Q4,November,Northern
HRV,2015,12,189.154,28.241,160.913,219.4,189.154,2015-12-01,Other,2.0,"Christmas Day, St Stephen's Day",Winter_Holidays,Q4,December,Northern
HRV,2016,1,173.905,26.243,147.662,200.869,173.905,2016-01-01,Other,2.0,"New Year's Day, Epiphany",Winter_Holidays,Q1,January,Northern
HRV,2016,2,174.996,25.718,149.278,201.899,174.996,2016-02-01,Other,0.0,None,Regular,Q1,February,Northern
HRV,2016,3,243.427,34.704,208.723,279.81,243.427,2016-03-01,Other,2.0,"Easter Sunday, Easter Monday",Spring_Holidays,Q1,March,Northern
HRV,2016,4,389.458,33.182,356.276,425.404,389.458,2016-04-01,Other,0.0,None,Regular,Q2,April,Northern
HRV,2016,5,715.45,42.213,673.237,762.717,715.45,2016-05-01,Other,2.0,"Labor Day / May Day, Corpus Christi",Regular,Q2,May,Northern
HRV,2016,6,963.074,46.433,916.641,1014.513,963.074,2016-06-01,Other,2.0,"Day of Antifascist Struggle, Statehood Day",Regular,Q2,June,Northern
HRV,2016,7,1383.725,57.807,1325.918,1446.194,1383.725,2016-07-01,Other,0.0,None,Regular,Q3,July,Northern
HRV,2016,8,1322.025,61.312,1260.713,1386.28,1322.025,2016-08-01,Other,2.0,"Homeland Thanksgiving Day, Assumption of Mary",Summer_Holidays,Q3,August,Northern
HRV,2016,9,1012.613,53.14,959.473,1069.345,1012.613,2016-09-01,Other,0.0,None,Regular,Q3,September,Northern
HRV,2016,10,656.37,43.03,613.34,702.733,656.37,2016-10-01,Other,1.0,Independence Day,Regular,Q4,October,Northern
HRV,2016,11,230.064,32.644,197.42,264.239,230.064,2016-11-01,Other,1.0,All Saints' Day,Regular,Q4,November,Northern
HRV,2016,12,210.356,31.427,178.929,243.264,210.356,2016-12-01,Other,2.0,"Christmas Day, St Stephen's Day",Winter_Holidays,Q4,December,Northern
HRV,2017,1,192.291,27.201,165.09,220.667,192.291,2017-01-01,Other,2.0,"New Year's Day, Epiphany",Winter_Holidays,Q1,January,Northern
HRV,2017,2,177.653,24.276,153.377,202.617,177.653,2017-02-01,Other,0.0,None,Regular,Q1,February,Northern
HRV,2017,3,239.268,31.382,207.886,270.699,239.268,2017-03-01,Other,0.0,None,Regular,Q1,March,Northern
HRV,2017,4,527.746,40.22,487.526,569.083,527.746,2017-04-01,Other,2.0,"Easter Sunday, Easter Monday",Spring_Holidays,Q2,April,Northern
HRV,2017,5,841.81,44.274,797.536,891.0,841.81,2017-05-01,Other,1.0,Labor Day / May Day,Regular,Q2,May,Northern
HRV,2017,6,1171.531,54.394,1117.137,1231.682,1171.531,2017-06-01,Other,3.0,"Corpus Christi, Day of Antifascist Struggle, Statehood Day",Regular,Q2,June,Northern
HRV,2017,7,1647.474,62.581,1584.893,1718.385,1647.474,2017-07-01,Other,0.0,None,Regular,Q3,July,Northern
HRV,2017,8,1577.489,65.067,1512.422,1644.995,1577.489,2017-08-01,Other,2.0,"Homeland Thanksgiving Day, Assumption of Mary",Summer_Holidays,Q3,August,Northern
HRV,2017,9,1220.104,57.176,1162.928,1282.33,1220.104,2017-09-01,Other,0.0,None,Regular,Q3,September,Northern
HRV,2017,10,746.623,49.636,696.987,798.329,746.623,2017-10-01,Other,1.0,Independence Day,Regular,Q4,October,Northern
HRV,2017,11,264.337,36.745,227.592,303.495,264.337,2017-11-01,Other,1.0,All Saints' Day,Regular,Q4,November,Northern
HRV,2017,12,236.727,33.657,203.07,272.069,236.727,2017-12-01,Other,2.0,"Christmas Day, St Stephen's Day",Winter_Holidays,Q4,December,Northern
HRV,2018,1,219.879,28.86,191.019,,219.879,2018-01-01,Other,2.0,"New Year's Day, Epiphany",Winter_Holidays,Q1,January,Northern
HRV,2018,2,199.626,27.918,171.708,,199.626,2018-02-01,Other,0.0,None,Regular,Q1,February,Northern
HRV,2018,3,302.114,37.565,264.549,,302.114,2018-03-01,Other,0.0,None,Regular,Q1,March,Northern
HRV,2018,4,549.937,38.315,511.622,,549.937,2018-04-01,Other,2.0,"Easter Sunday, Easter Monday",Spring_Holidays,Q2,April,Northern
HRV,2018,5,970.602,48.4,922.202,,970.602,2018-05-01,Other,2.0,"Labor Day / May Day, Corpus Christi",Regular,Q2,May,Northern
HRV,2018,6,1318.805,54.429,1264.376,,1318.805,2018-06-01,Other,2.0,"Day of Antifascist Struggle, Statehood Day",Regular,Q2,June,Northern
HRV,2018,7,1765.904,61.013,1704.891,,1765.904,2018-07-01,Other,0.0,None,Regular,Q3,July,Northern
HRV,2018,8,1694.784,62.114,1632.67,,1694.784,2018-08-01,Other,2.0,"Homeland Thanksgiving Day, Assumption of Mary",Summer_Holidays,Q3,August,Northern
HRV,2018,9,1340.983,55.854,1285.129,,1340.983,2018-09-01,Other,0.0,None,Regular,Q3,September,Northern
HRV,2018,10,834.308,49.558,784.75,,834.308,2018-10-01,Other,1.0,Independence Day,Regular,Q4,October,Northern
HRV,2018,11,282.862,33.502,249.36,,282.862,2018-11-01,Other,1.0,All Saints' Day,Regular,Q4,November,Northern
HRV,2018,12,251.49,30.958,220.532,,251.49,2018-12-01,Other,2.0,"Christmas Day, St Stephen's Day",Winter_Holidays,Q4,December,Northern
HUN,2010,1,495.959,,495.959,496.848,495.959,2010-01-01,Other,1.0,New Year's Day,Winter_Holidays,Q1,January,Northern
HUN,2010,2,453.522,,453.522,454.158,453.522,2010-02-01,Other,0.0,None,Regular,Q1,February,Northern
HUN,2010,3,584.573,,584.573,585.408,584.573,2010-03-01,Other,1.0,1848 Revolution Memorial Day,Spring_Holidays,Q1,March,Northern
HUN,2010,4,541.43,,541.43,542.535,541.43,2010-04-01,Other,2.0,"Easter Sunday, Easter Monday",Spring_Holidays,Q2,April,Northern
HUN,2010,5,715.906,,715.906,717.107,715.906,2010-05-01,Other,3.0,"Whit Sunday, Labor Day / May Day, Whit Monday",Regular,Q2,May,Northern
HUN,2010,6,777.058,,777.058,778.1,777.058,2010-06-01,Other,0.0,None,Regular,Q2,June,Northern
HUN,2010,7,894.455,,894.455,897.783,894.455,2010-07-01,Other,0.0,None,Regular,Q3,July,Northern
HUN,2010,8,939.987,,939.987,941.491,939.987,2010-08-01,Other,1.0,Hungary National Day,Summer_Holidays,Q3,August,Northern
HUN,2010,9,846.989,,846.989,848.01,846.989,2010-09-01,Other,0.0,None,Regular,Q3,September,Northern
HUN,2010,10,773.382,,773.382,774.678,773.382,2010-10-01,Other,1.0,1956 Revolution Memorial Day,Regular,Q4,October,Northern
HUN,2010,11,596.694,,596.694,597.721,596.694,2010-11-01,Other,1.0,All Saints' Day,Regular,Q4,November,Northern
HUN,2010,12,554.555,,554.555,556.25,554.555,2010-12-01,Other,4.0,"Saint Nicholas Day, New Year's Eve, Christmas Day",Winter_Holidays,Q4,December,Northern
HUN,2011,1,525.636,,525.636,526.921,525.636,2011-01-01,Other,1.0,New Year's Day,Winter_Holidays,Q1,January,Northern
HUN,2011,2,486.733,,486.733,487.858,486.733,2011-02-01,Other,0.0,None,Regular,Q1,February,Northern
HUN,2011,3,628.579,,628.579,637.468,628.579,2011-03-01,Other,1.0,1848 Revolution Memorial Day,Spring_Holidays,Q1,March,Northern
HUN,2011,4,733.021,,733.021,734.461,733.021,2011-04-01,Other,2.0,"Easter Sunday, Easter Monday",Spring_Holidays,Q2,April,Northern
HUN,2011,5,774.921,,774.921,776.704,774.921,2011-05-01,Other,1.0,Labor Day / May Day,Regular,Q2,May,Northern
HUN,2011,6,824.96,,824.96,827.457,824.96,2011-06-01,Other,2.0,"Whit Sunday, Whit Monday",Regular,Q2,June,Northern
HUN,2011,7,948.208,0.315,947.893,950.396,948.208,2011-07-01,Other,0.0,None,Regular,Q3,July,Northern
HUN,2011,8,956.938,,956.938,958.559,956.938,2011-08-01,Other,1.0,Hungary National Day,Summer_Holidays,Q3,August,Northern
HUN,2011,9,891.149,,891.149,894.188,891.149,2011-09-01,Other,0.0,None,Regular,Q3,September,Northern
HUN,2011,10,841.588,,841.588,845.815,841.588,2011-10-01,Other,1.0,1956 Revolution Memorial Day,Regular,Q4,October,Northern
HUN,2011,11,644.185,,644.185,646.171,644.185,2011-11-01,Other,1.0,All Saints' Day,Regular,Q4,November,Northern
HUN,2011,12,628.919,,628.919,634.655,628.919,2011-12-01,Other,4.0,"Saint Nicholas Day, New Year's Eve, Christmas Day",Winter_Holidays,Q4,December,Northern
HUN,2012,1,564.581,,564.581,568.782,564.581,2012-01-01,Other,1.0,New Year's Day,Winter_Holidays,Q1,January,Northern
HUN,2012,2,419.823,,419.823,424.633,419.823,2012-02-01,Other,0.0,None,Regular,Q1,February,Northern
HUN,2012,3,575.2,,575.2,580.977,575.2,2012-03-01,Other,1.0,1848 Revolution Memorial Day,Spring_Holidays,Q1,March,Northern
HUN,2012,4,709.21,,709.21,712.064,709.21,2012-04-01,Other,2.0,"Easter Sunday, Easter Monday",Spring_Holidays,Q2,April,Northern
HUN,2012,5,753.98,,753.98,758.243,753.98,2012-05-01,Other,3.0,"Whit Sunday, Labor Day / May Day, Whit Monday",Regular,Q2,May,Northern
HUN,2012,6,787.49,,787.49,795.679,787.49,2012-06-01,Other,0.0,None,Regular,Q2,June,Northern
HUN,2012,7,881.36,,881.36,892.015,881.36,2012-07-01,Other,0.0,None,Regular,Q3,July,Northern
HUN,2012,8,889.178,,889.178,895.183,889.178,2012-08-01,Other,1.0,Hungary National Day,Summer_Holidays,Q3,August,Northern
HUN,2012,9,830.617,,830.617,840.417,830.617,2012-09-01,Other,0.0,None,Regular,Q3,September,Northern
HUN,2012,10,788.861,,788.861,796.721,788.861,2012-10-01,Other,1.0,1956 Revolution Memorial Day,Regular,Q4,October,Northern
HUN,2012,11,637.654,,637.654,642.326,637.654,2012-11-01,Other,1.0,All Saints' Day,Regular,Q4,November,Northern
HUN,2012,12,591.889,,591.889,596.98,591.889,2012-12-01,Other,4.0,"Saint Nicholas Day, New Year's Eve, Christmas Day",Winter_Holidays,Q4,December,Northern
HUN,2013,1,515.259,,515.259,520.431,515.259,2013-01-01,Other,1.0,New Year's Day,Winter_Holidays,Q1,January,Northern
HUN,2013,2,486.058,,486.058,491.286,486.058,2013-02-01,Other,0.0,None,Regular,Q1,February,Northern
HUN,2013,3,631.657,,631.657,636.605,631.657,2013-03-01,Other,2.0,"1848 Revolution Memorial Day, Easter Sunday",Spring_Holidays,Q1,March,Northern
HUN,2013,4,697.543,,697.543,702.036,697.543,2013-04-01,Other,1.0,Easter Monday,Spring_Holidays,Q2,April,Northern
HUN,2013,5,758.972,,758.972,765.648,758.972,2013-05-01,Other,3.0,"Whit Sunday, Labor Day / May Day, Whit Monday",Regular,Q2,May,Northern
HUN,2013,6,789.589,0.163,789.426,796.771,789.589,2013-06-01,Other,0.0,None,Regular,Q2,June,Northern
HUN,2013,7,863.295,,863.295,872.683,863.295,2013-07-01,Other,0.0,None,Regular,Q3,July,Northern
HUN,2013,8,858.503,0.151,858.352,864.431,858.503,2013-08-01,Other,1.0,Hungary National Day,Summer_Holidays,Q3,August,Northern
HUN,2013,9,817.465,,817.465,828.312,817.465,2013-09-01,Other,0.0,None,Regular,Q3,September,Northern
HUN,2013,10,783.695,,783.695,790.695,783.695,2013-10-01,Other,1.0,1956 Revolution Memorial Day,Regular,Q4,October,Northern
HUN,2013,11,634.86,,634.86,638.698,634.86,2013-11-01,Other,1.0,All Saints' Day,Regular,Q4,November,Northern
HUN,2013,12,604.423,,604.423,613.284,604.423,2013-12-01,Other,4.0,"Saint Nicholas Day, New Year's Eve, Christmas Day",Winter_Holidays,Q4,December,Northern
HUN,2014,1,549.132,,549.132,555.233,549.132,2014-01-01,Other,1.0,New Year's Day,Winter_Holidays,Q1,January,Northern
HUN,2014,2,523.71,,523.71,530.663,523.71,2014-02-01,Other,0.0,None,Regular,Q1,February,Northern
HUN,2014,3,659.573,,659.573,662.575,659.573,2014-03-01,Other,1.0,1848 Revolution Memorial Day,Spring_Holidays,Q1,March,Northern
HUN,2014,4,750.537,,750.537,758.709,750.537,2014-04-01,Other,2.0,"Easter Sunday, Easter Monday",Spring_Holidays,Q2,April,Northern
HUN,2014,5,803.513,,803.513,807.247,803.513,2014-05-01,Other,1.0,Labor Day / May Day,Regular,Q2,May,Northern
HUN,2014,6,857.524,,857.524,863.994,857.524,2014-06-01,Other,2.0,"Whit Sunday, Whit Monday",Regular,Q2,June,Northern
HUN,2014,7,934.635,,934.635,946.582,934.635,2014-07-01,Other,0.0,None,Regular,Q3,July,Northern
HUN,2014,8,931.501,,931.501,943.95,931.501,2014-08-01,Other,1.0,Hungary National Day,Summer_Holidays,Q3,August,Northern
HUN,2014,9,865.929,,865.929,875.619,865.929,2014-09-01,Other,0.0,None,Regular,Q3,September,Northern
HUN,2014,10,829.087,,829.087,843.544,829.087,2014-10-01,Other,1.0,1956 Revolution Memorial Day,Regular,Q4,October,Northern
HUN,2014,11,679.108,,679.108,689.272,679.108,2014-11-01,Other,1.0,All Saints' Day,Regular,Q4,November,Northern
HUN,2014,12,670.599,0.159,670.44,678.573,670.599,2014-12-01,Other,4.0,"Saint Nicholas Day, New Year's Eve, Christmas Day",Winter_Holidays,Q4,December,Northern
HUN,2015,1,618.079,,618.079,636.174,618.079,2015-01-01,Other,3.0,"New Year's Day, New Year's Day holiday, Working day for Jan 2",Winter_Holidays,Q1,January,Northern
HUN,2015,2,593.555,,593.555,607.979,593.555,2015-02-01,Other,0.0,None,Regular,Q1,February,Northern
HUN,2015,3,734.142,,734.142,752.817,734.142,2015-03-01,Other,1.0,1848 Revolution Memorial Day,Spring_Holidays,Q1,March,Northern
HUN,2015,4,832.834,,832.834,852.674,832.834,2015-04-01,Other,2.0,"Easter Sunday, Easter Monday",Spring_Holidays,Q2,April,Northern
HUN,2015,5,889.794,,889.794,908.507,889.794,2015-05-01,Other,3.0,"Whit Sunday, Labor Day / May Day, Whit Monday",Regular,Q2,May,Northern
HUN,2015,6,962.939,,962.939,981.639,962.939,2015-06-01,Other,0.0,None,Regular,Q2,June,Northern
HUN,2015,7,1075.252,,1075.252,1104.78,1075.252,2015-07-01,Other,0.0,None,Regular,Q3,July,Northern
HUN,2015,8,1078.72,,1078.72,1107.461,1078.72,2015-08-01,Other,3.0,"Hungary National Day, Hungary National Day holiday, Working day for Aug 21",Summer_Holidays,Q3,August,Northern
HUN,2015,9,1011.625,,1011.625,1033.415,1011.625,2015-09-01,Other,0.0,None,Regular,Q3,September,Northern
HUN,2015,10,934.344,,934.344,951.715,934.344,2015-10-01,Other,1.0,1956 Revolution Memorial Day,Regular,Q4,October,Northern
HUN,2015,11,752.491,,752.491,770.59,752.491,2015-11-01,Other,1.0,All Saints' Day,Regular,Q4,November,Northern
HUN,2015,12,744.577,,744.577,763.33,744.577,2015-12-01,Other,6.0,"Extra Work Day for December 24, Saint Nicholas Day, New Year's Eve",Winter_Holidays,Q4,December,Northern
HUN,2016,1,710.746,,710.746,719.449,710.746,2016-01-01,Other,1.0,New Year's Day,Winter_Holidays,Q1,January,Northern
HUN,2016,2,697.059,0.003,697.056,701.651,697.059,2016-02-01,Other,0.0,None,Regular,Q1,February,Northern
HUN,2016,3,861.675,0.005,861.67,866.982,861.675,2016-03-01,Other,5.0,"Extra Work Day for March 14, 1848 Revolution Memorial Day (Extra holiday), 1848 Revolution Memorial Day",Spring_Holidays,Q1,March,Northern
HUN,2016,4,945.56,0.01,945.55,949.005,945.56,2016-04-01,Other,0.0,None,Regular,Q2,April,Northern
HUN,2016,5,1034.856,,1034.856,1040.938,1034.856,2016-05-01,Other,3.0,"Whit Sunday, Labor Day / May Day, Whit Monday",Regular,Q2,May,Northern
HUN,2016,6,1075.345,0.148,1075.197,1081.043,1075.345,2016-06-01,Other,0.0,None,Regular,Q2,June,Northern
HUN,2016,7,1183.436,0.002,1183.434,1189.071,1183.436,2016-07-01,Other,0.0,None,Regular,Q3,July,Northern
HUN,2016,8,1176.956,0.017,1176.939,1182.502,1176.956,2016-08-01,Other,1.0,Hungary National Day,Summer_Holidays,Q3,August,Northern
HUN,2016,9,1121.01,0.005,1121.005,1126.442,1121.01,2016-09-01,Other,0.0,None,Regular,Q3,September,Northern
HUN,2016,10,1065.768,,1065.768,1071.163,1065.768,2016-10-01,Other,3.0,"Extra Work Day for November 2, 1956 Revolution Memorial Day, All Saints' Day (Extra holiday)",Regular,Q4,October,Northern
HUN,2016,11,884.785,0.005,884.78,889.524,884.785,2016-11-01,Other,1.0,All Saints' Day,Regular,Q4,November,Northern
HUN,2016,12,903.17,,903.17,908.629,903.17,2016-12-01,Other,4.0,"Saint Nicholas Day, New Year's Eve, Christmas Day",Winter_Holidays,Q4,December,Northern
HUN,2017,1,831.89,0.004,831.886,837.966,831.89,2017-01-01,Other,1.0,New Year's Day,Winter_Holidays,Q1,January,Northern
HUN,2017,2,799.446,0.006,799.44,803.184,799.446,2017-02-01,Other,0.0,None,Regular,Q1,February,Northern
HUN,2017,3,960.414,0.002,960.412,965.193,960.414,2017-03-01,Other,1.0,1848 Revolution Memorial Day,Spring_Holidays,Q1,March,Northern
HUN,2017,4,1109.989,,1109.989,1113.578,1109.989,2017-04-01,Other,3.0,"Good Friday, Easter Sunday, Easter Monday",Spring_Holidays,Q2,April,Northern
HUN,2017,5,1157.938,0.001,1157.937,1165.316,1157.938,2017-05-01,Other,1.0,Labor Day / May Day,Regular,Q2,May,Northern
HUN,2017,6,1220.774,0.003,1220.771,1227.566,1220.774,2017-06-01,Other,2.0,"Whit Sunday, Whit Monday",Regular,Q2,June,Northern
HUN,2017,7,1359.032,,1359.032,1368.802,1359.032,2017-07-01,Other,0.0,None,Regular,Q3,July,Northern
HUN,2017,8,1362.833,,1362.833,1368.153,1362.833,2017-08-01,Other,1.0,Hungary National Day,Summer_Holidays,Q3,August,Northern
HUN,2017,9,1273.144,0.01,1273.134,1279.104,1273.144,2017-09-01,Other,0.0,None,Regular,Q3,September,Northern
HUN,2017,10,1215.615,,1215.615,1220.523,1215.615,2017-10-01,Other,1.0,1956 Revolution Memorial Day,Regular,Q4,October,Northern
HUN,2017,11,1037.359,0.01,1037.349,1041.351,1037.359,2017-11-01,Other,1.0,All Saints' Day,Regular,Q4,November,Northern
HUN,2017,12,1021.595,,1021.595,1024.686,1021.595,2017-12-01,Other,4.0,"Saint Nicholas Day, New Year's Eve, Christmas Day",Winter_Holidays,Q4,December,Northern
HUN,2018,1,974.653,,974.653,,974.653,2018-01-01,Other,1.0,New Year's Day,Winter_Holidays,Q1,January,Northern
HUN,2018,2,929.002,,929.002,,929.002,2018-02-01,Other,0.0,None,Regular,Q1,February,Northern
HUN,2018,3,1134.794,0.005,1134.789,,1134.794,2018-03-01,Other,4.0,"Extra Work Day for March 16, 1848 Revolution Memorial Day, 1848 Revolution Memorial Day (Extra holiday)",Spring_Holidays,Q1,March,Northern
HUN,2018,4,1260.726,0.003,1260.723,,1260.726,2018-04-01,Other,4.0,"Extra Work Day for April 30, Easter Sunday, Easter Monday",Spring_Holidays,Q2,April,Northern
HUN,2018,5,1318.614,0.012,1318.602,,1318.614,2018-05-01,Other,3.0,"Whit Sunday, Labor Day / May Day, Whit Monday",Regular,Q2,May,Northern
HUN,2018,6,1384.22,,1384.22,,1384.22,2018-06-01,Other,0.0,None,Regular,Q2,June,Northern
HUN,2018,7,1549.134,,1549.134,,1549.134,2018-07-01,Other,0.0,None,Regular,Q3,July,Northern
HUN,2018,8,1565.735,0.004,1565.731,,1565.735,2018-08-01,Other,1.0,Hungary National Day,Summer_Holidays,Q3,August,Northern
HUN,2018,9,1424.621,0.008,1424.613,,1424.621,2018-09-01,Other,0.0,None,Regular,Q3,September,Northern
HUN,2018,10,1369.33,0.01,1369.32,,1369.33,2018-10-01,Other,3.0,"Extra Work Day for October 22, 1956 Revolution Memorial Day (Extra Holiday), 1956 Revolution Memorial Day",Regular,Q4,October,Northern
HUN,2018,11,1128.948,,1128.948,,1128.948,2018-11-01,Other,3.0,"Extra Work Day for November 2, All Saints' Day, All Saints' Day (Extra holiday)",Regular,Q4,November,Northern
HUN,2018,12,1136.716,0.005,1136.711,,1136.716,2018-12-01,Other,7.0,"Extra Work Day for December 24, Extra Work Day for December 31, Saint Nicholas Day",Winter_Holidays,Q4,December,Northern
IND,2014,1,,,,14408.523,14408.523,2014-01-01,Asia,7.0,"Chinese New Year, Milad un-Nabi/Id-e-Milad, Republic Day",Winter_Holidays,Q1,January,Northern
IND,2014,2,,,,13600.48,13600.48,2014-02-01,Asia,6.0,"Valentine's Day, Maha Shivaratri/Shivaratri, Vasant Panchami",Regular,Q1,February,Northern
IND,2014,3,,,,14516.107,14516.107,2014-03-01,Asia,4.0,"Holi, Holika Dahana, Chaitra Sukhladi",Spring_Holidays,Q1,March,Northern
IND,2014,4,,,,14330.985,14330.985,2014-04-01,Asia,8.0,"Ambedkar Jayanti, First day of Passover, Rama Navami",Spring_Holidays,Q2,April,Northern
IND,2014,5,,,,15946.953,15946.953,2014-05-01,Asia,5.0,"May Day, Mother's Day, Buddha Purnima/Vesak",Regular,Q2,May,Northern
IND,2014,6,,,,15280.608,15280.608,2014-06-01,Asia,2.0,"Father's Day, Rath Yatra",Regular,Q2,June,Northern
IND,2014,7,,,,14073.486,14073.486,2014-07-01,Asia,3.0,"Ramzan Id/Eid-ul-Fitar, Guru Purnima, Jamat Ul-Vida",Summer_Holidays,Q3,July,Northern
IND,2014,8,,,,15314.365,15314.365,2014-08-01,Asia,6.0,"Friendship Day, Independence Day, Janmashtami",Summer_Holidays,Q3,August,Northern
IND,2014,9,,,,15302.224,15302.224,2014-09-01,Asia,1.0,Onam,Regular,Q3,September,Northern
IND,2014,10,,,,15738.607,15738.607,2014-10-01,Asia,12.0,"Halloween, Mahatma Gandhi Jayanti, Dussehra",Regular,Q4,October,Northern
IND,2014,11,,,,15571.152,15571.152,2014-11-01,Asia,3.0,"Muharram/Ashura, Guru Nanak Jayanti, Guru Tegh Bahadur's Martyrdom Day",Regular,Q4,November,Northern
IND,2014,12,,,,17086.384,17086.384,2014-12-01,Asia,5.0,"First Day of Hanukkah, Last day of Hanukkah, New Year's Eve",Winter_Holidays,Q4,December,Northern
IND,2015,1,,,,16932.923,16932.923,2015-01-01,Asia,8.0,"Beti Bachao, Beti Padhao Campaign Launch Day, Milad un-Nabi/Id-e-Milad, Republic Day",Winter_Holidays,Q1,January,Northern
IND,2015,2,,,,15853.82,15853.82,2015-02-01,Asia,6.0,"Valentine's Day, Chinese New Year, Maha Shivaratri/Shivaratri",Regular,Q1,February,Northern
IND,2015,3,,,,16650.205,16650.205,2015-03-01,Asia,4.0,"Holi, Rama Navami, Holika Dahana",Spring_Holidays,Q1,March,Northern
IND,2015,4,,,,17191.86,17191.86,2015-04-01,Asia,7.0,"First day of Passover, Ambedkar Jayanti, Mahavir Jayanti",Spring_Holidays,Q2,April,Northern
IND,2015,5,,,,18599.34,18599.34,2015-05-01,Asia,5.0,"May Day, Mother's Day, Buddha Purnima/Vesak",Regular,Q2,May,Northern
IND,2015,6,,,,17282.215,17282.215,2015-06-01,Asia,1.0,Father's Day,Regular,Q2,June,Northern
IND,2015,7,,,,17408.997,17408.997,2015-07-01,Asia,4.0,"Ramzan Id/Eid-ul-Fitar, Guru Purnima, Jamat Ul-Vida",Summer_Holidays,Q3,July,Northern
IND,2015,8,,,,17718.82,17718.82,2015-08-01,Asia,5.0,"Friendship Day, Independence Day, Parsi New Year",Summer_Holidays,Q3,August,Northern
IND,2015,9,,,,17094.984,17094.984,2015-09-01,Asia,3.0,"Janmashtami, Bakr Id/Eid ul-Adha, Ganesh Chaturthi/Vinayaka Chaturthi",Regular,Q3,September,Northern
IND,2015,10,,,,18026.376,18026.376,2015-10-01,Asia,8.0,"Halloween, Mahatma Gandhi Jayanti, Dussehra",Regular,Q4,October,Northern
IND,2015,11,,,,18788.167,18788.167,2015-11-01,Asia,7.0,"Diwali/Deepavali, Guru Nanak Jayanti, Naraka Chaturdasi",Regular,Q4,November,Northern
IND,2015,12,,,,20065.889,20065.889,2015-12-01,Asia,5.0,"First Day of Hanukkah, Last day of Hanukkah, New Year's Eve",Winter_Holidays,Q4,December,Northern
IND,2016,1,,,,20110.384,20110.384,2016-01-01,Asia,5.0,"Republic Day, New Year's Day, Makar Sankranti",Winter_Holidays,Q1,January,Northern
IND,2016,2,,,,19118.647,19118.647,2016-02-01,Asia,5.0,"Chinese New Year, Valentine's Day, Vasant Panchami",Regular,Q1,February,Northern
IND,2016,3,,,,20225.306,20225.306,2016-03-01,Asia,6.0,"Maha Shivaratri/Shivaratri, Holi, Good Friday",Spring_Holidays,Q1,March,Northern
IND,2016,4,,,,20332.408,20332.408,2016-04-01,Asia,8.0,"Ambedkar Jayanti, First day of Passover, Rama Navami",Spring_Holidays,Q2,April,Northern
IND,2016,5,,,,22033.696,22033.696,2016-05-01,Asia,4.0,"May Day, Mother's Day, Buddha Purnima/Vesak",Regular,Q2,May,Northern
IND,2016,6,,,,20348.547,20348.547,2016-06-01,Asia,1.0,Father's Day,Regular,Q2,June,Northern
IND,2016,7,,,,21628.267,21628.267,2016-07-01,Asia,4.0,"Ramzan Id/Eid-ul-Fitar, Guru Purnima, Jamat Ul-Vida",Summer_Holidays,Q3,July,Northern
IND,2016,8,,,,21378.406,21378.406,2016-08-01,Asia,5.0,"Friendship Day, Independence Day, Janmashtami",Summer_Holidays,Q3,August,Northern
IND,2016,9,,,,20850.665,20850.665,2016-09-01,Asia,3.0,"Bakr Id/Eid ul-Adha, Ganesh Chaturthi/Vinayaka Chaturthi, Onam",Regular,Q3,September,Northern
IND,2016,10,,,,21772.664,21772.664,2016-10-01,Asia,11.0,"Halloween, Mahatma Gandhi Jayanti, Dussehra",Regular,Q4,October,Northern
IND,2016,11,,,,22518.947,22518.947,2016-11-01,Asia,4.0,"Guru Nanak Jayanti, Bhai Duj, Chhat Puja (Pratihar Sashthi/Surya Sashthi)",Regular,Q4,November,Northern
IND,2016,12,,,,24256.88,24256.88,2016-12-01,Asia,5.0,"First Day of Hanukkah, New Year's Eve, Milad un-Nabi/Id-e-Milad",Winter_Holidays,Q4,December,Northern
IND,2017,1,,,,24478.875,24478.875,2017-01-01,Asia,7.0,"Last day of Hanukkah, Chinese New Year, Republic Day",Winter_Holidays,Q1,January,Northern
IND,2017,2,,,,21815.336,21815.336,2017-02-01,Asia,6.0,"Valentine's Day, Maha Shivaratri/Shivaratri, Vasant Panchami",Regular,Q1,February,Northern
IND,2017,3,,,,22913.369,22913.369,2017-03-01,Asia,3.0,"Holi, Holika Dahana, Chaitra Sukhladi",Spring_Holidays,Q1,March,Northern
IND,2017,4,,,,23114.122,23114.122,2017-04-01,Asia,9.0,"First day of Passover, Ambedkar Jayanti, Rama Navami",Spring_Holidays,Q2,April,Northern
IND,2017,5,,,,25452.819,25452.819,2017-05-01,Asia,4.0,"May Day, Mother's Day, Buddha Purnima/Vesak",Regular,Q2,May,Northern
IND,2017,6,,,,23884.687,23884.687,2017-06-01,Asia,4.0,"Ramzan Id/Eid-ul-Fitar, Father's Day, Jamat Ul-Vida",Regular,Q2,June,Northern
IND,2017,7,,,,24104.465,24104.465,2017-07-01,Asia,1.0,Guru Purnima,Summer_Holidays,Q3,July,Northern
IND,2017,8,,,,24430.475,24430.475,2017-08-01,Asia,6.0,"Friendship Day, Independence Day, Janmashtami",Summer_Holidays,Q3,August,Northern
IND,2017,9,,,,23876.897,23876.897,2017-09-01,Asia,6.0,"Bakr Id/Eid ul-Adha, Dussehra, Onam",Regular,Q3,September,Northern
IND,2017,10,,,,25727.627,25727.627,2017-10-01,Asia,10.0,"Halloween, Muharram/Ashura, Mahatma Gandhi Jayanti",Regular,Q4,October,Northern
IND,2017,11,,,,25925.423,25925.423,2017-11-01,Asia,2.0,"Guru Nanak Jayanti, Guru Tegh Bahadur's Martyrdom Day",Regular,Q4,November,Northern
IND,2017,12,,,,28117.336,28117.336,2017-12-01,Asia,7.0,"First Day of Hanukkah, Last day of Hanukkah, Guru Govind Singh Jayanti",Winter_Holidays,Q4,December,Northern
IRL,2010,1,1488.034,30.502,1457.532,1522.53,1488.034,2010-01-01,Other,1.0,New Year's Day,Winter_Holidays,Q1,January,Northern
IRL,2010,2,1548.15,38.198,1509.952,1579.746,1548.15,2010-02-01,Other,0.0,None,Regular,Q1,February,Northern
IRL,2010,3,1865.279,44.373,1820.906,1898.331,1865.279,2010-03-01,Other,1.0,St. Patrick's Day,Spring_Holidays,Q1,March,Northern
IRL,2010,4,1464.44,25.856,1438.584,1468.642,1464.44,2010-04-01,Other,3.0,"Good Friday, Easter, Easter Monday",Spring_Holidays,Q2,April,Northern
IRL,2010,5,1968.408,29.101,1939.307,1963.063,1968.408,2010-05-01,Other,1.0,May Day,Regular,Q2,May,Northern
IRL,2010,6,2294.144,31.66,2262.484,2293.577,2294.144,2010-06-01,Other,1.0,June Bank Holiday,Regular,Q2,June,Northern
IRL,2010,7,2576.637,32.057,2544.58,2573.337,2576.637,2010-07-01,Other,0.0,None,Regular,Q3,July,Northern
IRL,2010,8,2570.129,30.425,2539.704,2560.284,2570.129,2010-08-01,Other,1.0,August Bank Holiday,Summer_Holidays,Q3,August,Northern
IRL,2010,9,2191.603,31.42,2160.183,2188.856,2191.603,2010-09-01,Other,0.0,None,Regular,Q3,September,Northern
IRL,2010,10,2127.415,31.829,2095.586,2126.463,2127.415,2010-10-01,Other,1.0,October Bank Holiday,Regular,Q4,October,Northern
IRL,2010,11,1607.649,20.104,1587.545,1620.013,1607.649,2010-11-01,Other,0.0,None,Regular,Q4,November,Northern
IRL,2010,12,1392.322,14.491,1377.831,1407.114,1392.322,2010-12-01,Other,4.0,"Christmas Eve, New Year's Eve, Christmas Day",Winter_Holidays,Q4,December,Northern
IRL,2011,1,1453.074,12.154,1440.92,1461.046,1453.074,2011-01-01,Other,1.0,New Year's Day,Winter_Holidays,Q1,January,Northern
IRL,2011,2,1450.602,10.446,1440.156,1459.872,1450.602,2011-02-01,Other,0.0,None,Regular,Q1,February,Northern
IRL,2011,3,1756.104,13.247,1742.857,1764.086,1756.104,2011-03-01,Other,1.0,St. Patrick's Day,Spring_Holidays,Q1,March,Northern
IRL,2011,4,1953.483,11.666,1941.817,1957.019,1953.483,2011-04-01,Other,3.0,"Good Friday, Easter, Easter Monday",Spring_Holidays,Q2,April,Northern
IRL,2011,5,2168.082,12.253,2155.829,2165.212,2168.082,2011-05-01,Other,1.0,May Day,Regular,Q2,May,Northern
IRL,2011,6,2318.567,13.401,2305.166,2317.293,2318.567,2011-06-01,Other,1.0,June Bank Holiday,Regular,Q2,June,Northern
IRL,2011,7,2591.962,11.993,2579.969,2587.117,2591.962,2011-07-01,Other,0.0,None,Regular,Q3,July,Northern
IRL,2011,8,2523.797,8.635,2515.162,2516.064,2523.797,2011-08-01,Other,1.0,August Bank Holiday,Summer_Holidays,Q3,August,Northern
IRL,2011,9,2140.421,6.234,2134.187,2137.717,2140.421,2011-09-01,Other,0.0,None,Regular,Q3,September,Northern
IRL,2011,10,1945.142,5.054,1940.088,1940.184,1945.142,2011-10-01,Other,1.0,October Bank Holiday,Regular,Q4,October,Northern
IRL,2011,11,1557.258,4.489,1552.769,1560.022,1557.258,2011-11-01,Other,0.0,None,Regular,Q4,November,Northern
IRL,2011,12,1504.397,4.34,1500.057,1517.416,1504.397,2011-12-01,Other,4.0,"Christmas Eve, New Year's Eve, Christmas Day",Winter_Holidays,Q4,December,Northern
IRL,2012,1,1381.847,3.091,1378.756,1382.306,1381.847,2012-01-01,Other,1.0,New Year's Day,Winter_Holidays,Q1,January,Northern
IRL,2012,2,1419.713,4.15,1415.563,1417.52,1419.713,2012-02-01,Other,0.0,None,Regular,Q1,February,Northern
IRL,2012,3,1732.08,3.898,1728.182,1743.271,1732.08,2012-03-01,Other,1.0,St. Patrick's Day,Spring_Holidays,Q1,March,Northern
IRL,2012,4,1960.461,4.079,1956.382,1961.158,1960.461,2012-04-01,Other,3.0,"Good Friday, Easter, Easter Monday",Spring_Holidays,Q2,April,Northern
IRL,2012,5,2125.365,4.545,2120.82,2118.763,2125.365,2012-05-01,Other,1.0,May Day,Regular,Q2,May,Northern
IRL,2012,6,2367.876,4.826,2363.05,2354.731,2367.876,2012-06-01,Other,1.0,June Bank Holiday,Regular,Q2,June,Northern
IRL,2012,7,2557.64,5.475,2552.165,2530.557,2557.64,2012-07-01,Other,0.0,None,Regular,Q3,July,Northern
IRL,2012,8,2548.058,5.965,2542.093,2530.856,2548.058,2012-08-01,Other,1.0,August Bank Holiday,Summer_Holidays,Q3,August,Northern
IRL,2012,9,2238.958,4.861,2234.097,2227.895,2238.958,2012-09-01,Other,0.0,None,Regular,Q3,September,Northern
IRL,2012,10,2074.65,4.825,2069.825,2064.069,2074.65,2012-10-01,Other,1.0,October Bank Holiday,Regular,Q4,October,Northern
IRL,2012,11,1612.965,3.85,1609.115,1611.066,1612.965,2012-11-01,Other,0.0,None,Regular,Q4,November,Northern
IRL,2012,12,1574.476,4.095,1570.381,1568.684,1574.476,2012-12-01,Other,4.0,"Christmas Eve, New Year's Eve, Christmas Day",Winter_Holidays,Q4,December,Northern
IRL,2013,1,1394.689,3.518,1391.171,1396.416,1394.689,2013-01-01,Other,1.0,New Year's Day,Winter_Holidays,Q1,January,Northern
IRL,2013,2,1405.008,3.504,1401.504,1401.712,1405.008,2013-02-01,Other,0.0,None,Regular,Q1,February,Northern
IRL,2013,3,1860.162,3.88,1856.282,1852.295,1860.162,2013-03-01,Other,3.0,"Good Friday, Easter, St. Patrick's Day",Spring_Holidays,Q1,March,Northern
IRL,2013,4,1969.497,4.185,1965.312,1956.665,1969.497,2013-04-01,Other,1.0,Easter Monday,Spring_Holidays,Q2,April,Northern
IRL,2013,5,2272.742,5.013,2267.729,2258.256,2272.742,2013-05-01,Other,1.0,May Day,Regular,Q2,May,Northern
IRL,2013,6,2485.996,4.791,2481.205,2472.113,2485.996,2013-06-01,Other,1.0,June Bank Holiday,Regular,Q2,June,Northern
IRL,2013,7,2712.369,6.075,2706.294,2694.126,2712.369,2013-07-01,Other,0.0,None,Regular,Q3,July,Northern
IRL,2013,8,2680.247,6.804,2673.443,2659.068,2680.247,2013-08-01,Other,1.0,August Bank Holiday,Summer_Holidays,Q3,August,Northern
IRL,2013,9,2301.19,5.891,2295.299,2286.523,2301.19,2013-09-01,Other,0.0,None,Regular,Q3,September,Northern
IRL,2013,10,2162.067,4.865,2157.202,2151.911,2162.067,2013-10-01,Other,1.0,October Bank Holiday,Regular,Q4,October,Northern
IRL,2013,11,1681.008,4.137,1676.871,1676.308,1681.008,2013-11-01,Other,0.0,None,Regular,Q4,November,Northern
IRL,2013,12,1678.665,4.418,1674.247,1684.638,1678.665,2013-12-01,Other,4.0,"Christmas Eve, New Year's Eve, Christmas Day",Winter_Holidays,Q4,December,Northern
IRL,2014,1,1503.799,3.023,1500.776,1502.613,1503.799,2014-01-01,Other,1.0,New Year's Day,Winter_Holidays,Q1,January,Northern
IRL,2014,2,1492.142,3.044,1489.098,1488.993,1492.142,2014-02-01,Other,0.0,None,Regular,Q1,February,Northern
IRL,2014,3,1797.047,4.079,1792.968,1789.589,1797.047,2014-03-01,Other,1.0,St. Patrick's Day,Spring_Holidays,Q1,March,Northern
IRL,2014,4,2217.914,5.061,2212.853,2205.954,2217.914,2014-04-01,Other,3.0,"Good Friday, Easter, Easter Monday",Spring_Holidays,Q2,April,Northern
IRL,2014,5,2411.882,5.771,2406.111,2396.605,2411.882,2014-05-01,Other,1.0,May Day,Regular,Q2,May,Northern
IRL,2014,6,2628.941,5.046,2623.895,2614.845,2628.941,2014-06-01,Other,1.0,June Bank Holiday,Regular,Q2,June,Northern
IRL,2014,7,2871.256,6.599,2864.657,2859.458,2871.256,2014-07-01,Other,0.0,None,Regular,Q3,July,Northern
IRL,2014,8,2861.199,6.733,2854.466,2842.828,2861.199,2014-08-01,Other,1.0,August Bank Holiday,Summer_Holidays,Q3,August,Northern
IRL,2014,9,2461.078,5.83,2455.248,2449.552,2461.078,2014-09-01,Other,0.0,None,Regular,Q3,September,Northern
IRL,2014,10,2365.394,5.397,2359.997,2354.152,2365.394,2014-10-01,Other,1.0,October Bank Holiday,Regular,Q4,October,Northern
IRL,2014,11,1860.815,5.587,1855.228,1858.251,1860.815,2014-11-01,Other,0.0,None,Regular,Q4,November,Northern
IRL,2014,12,1839.359,5.447,1833.912,1836.456,1839.359,2014-12-01,Other,4.0,"Christmas Eve, New Year's Eve, Christmas Day",Winter_Holidays,Q4,December,Northern
IRL,2015,1,1696.795,4.139,1692.656,1693.206,1696.795,2015-01-01,Other,1.0,New Year's Day,Winter_Holidays,Q1,January,Northern
IRL,2015,2,1715.433,4.65,1710.783,1710.483,1715.433,2015-02-01,Other,0.0,None,Regular,Q1,February,Northern
IRL,2015,3,2113.431,5.365,2108.066,2110.499,2113.431,2015-03-01,Other,1.0,St. Patrick's Day,Spring_Holidays,Q1,March,Northern
IRL,2015,4,2391.401,5.776,2385.625,2379.4,2391.401,2015-04-01,Other,3.0,"Good Friday, Easter, Easter Monday",Spring_Holidays,Q2,April,Northern
IRL,2015,5,2667.991,5.971,2662.02,2659.377,2667.991,2015-05-01,Other,1.0,May Day,Regular,Q2,May,Northern
IRL,2015,6,2991.649,6.447,2985.202,2985.435,2991.649,2015-06-01,Other,1.0,June Bank Holiday,Regular,Q2,June,Northern
IRL,2015,7,3237.804,7.308,3230.496,3241.48,3237.804,2015-07-01,Other,0.0,None,Regular,Q3,July,Northern
IRL,2015,8,3150.799,7.949,3142.85,3148.981,3150.799,2015-08-01,Other,1.0,August Bank Holiday,Summer_Holidays,Q3,August,Northern
IRL,2015,9,2737.235,6.397,2730.838,2739.41,2737.235,2015-09-01,Other,0.0,None,Regular,Q3,September,Northern
IRL,2015,10,2686.258,6.906,2679.352,2690.061,2686.258,2015-10-01,Other,1.0,October Bank Holiday,Regular,Q4,October,Northern
IRL,2015,11,2116.104,4.914,2111.19,2117.331,2116.104,2015-11-01,Other,0.0,None,Regular,Q4,November,Northern
IRL,2015,12,2040.12,5.33,2034.79,2048.834,2040.12,2015-12-01,Other,4.0,"Christmas Eve, New Year's Eve, Christmas Day",Winter_Holidays,Q4,December,Northern
IRL,2016,1,1946.331,4.457,1941.874,1957.068,1946.331,2016-01-01,Other,1.0,New Year's Day,Winter_Holidays,Q1,January,Northern
IRL,2016,2,1981.597,4.974,1976.623,1986.315,1981.597,2016-02-01,Other,0.0,None,Regular,Q1,February,Northern
IRL,2016,3,2460.497,6.266,2454.231,2463.464,2460.497,2016-03-01,Other,4.0,"Good Friday, Easter, St. Patrick's Day",Spring_Holidays,Q1,March,Northern
IRL,2016,4,2584.486,7.048,2577.438,2581.771,2584.486,2016-04-01,Other,0.0,None,Regular,Q2,April,Northern
IRL,2016,5,2931.551,7.453,2924.098,2929.512,2931.551,2016-05-01,Other,1.0,May Day,Regular,Q2,May,Northern
IRL,2016,6,3254.976,8.189,3246.787,3255.849,3254.976,2016-06-01,Other,1.0,June Bank Holiday,Regular,Q2,June,Northern
IRL,2016,7,3511.306,8.138,3503.168,3507.923,3511.306,2016-07-01,Other,0.0,None,Regular,Q3,July,Northern
IRL,2016,8,3435.748,8.357,3427.391,3432.009,3435.748,2016-08-01,Other,1.0,August Bank Holiday,Summer_Holidays,Q3,August,Northern
IRL,2016,9,3005.348,7.138,2998.21,3004.276,3005.348,2016-09-01,Other,0.0,None,Regular,Q3,September,Northern
IRL,2016,10,2900.82,7.164,2893.656,2901.914,2900.82,2016-10-01,Other,1.0,October Bank Holiday,Regular,Q4,October,Northern
IRL,2016,11,2301.847,6.122,2295.725,2304.823,2301.847,2016-11-01,Other,0.0,None,Regular,Q4,November,Northern
IRL,2016,12,2281.202,6.482,2274.72,2296.262,2281.202,2016-12-01,Other,5.0,"Christmas Eve, New Year's Eve, Christmas Day",Winter_Holidays,Q4,December,Northern
IRL,2017,1,2111.631,5.146,2106.485,2128.618,2111.631,2017-01-01,Other,1.0,New Year's Day,Winter_Holidays,Q1,January,Northern
IRL,2017,2,2047.024,5.654,2041.37,2055.811,2047.024,2017-02-01,Other,0.0,None,Regular,Q1,February,Northern
IRL,2017,3,2488.422,6.568,2481.854,2494.948,2488.422,2017-03-01,Other,1.0,St. Patrick's Day,Spring_Holidays,Q1,March,Northern
IRL,2017,4,2873.909,7.401,2866.508,2879.31,2873.909,2017-04-01,Other,3.0,"Good Friday, Easter, Easter Monday",Spring_Holidays,Q2,April,Northern
IRL,2017,5,3035.462,7.778,3027.684,3040.486,3035.462,2017-05-01,Other,1.0,May Day,Regular,Q2,May,Northern
IRL,2017,6,3409.826,8.018,3401.808,3415.362,3409.826,2017-06-01,Other,1.0,June Bank Holiday,Regular,Q2,June,Northern
IRL,2017,7,3679.83,9.782,3670.048,3687.474,3679.83,2017-07-01,Other,0.0,None,Regular,Q3,July,Northern
IRL,2017,8,3615.767,8.86,3606.907,3625.638,3615.767,2017-08-01,Other,1.0,August Bank Holiday,Summer_Holidays,Q3,August,Northern
IRL,2017,9,3174.995,7.312,3167.683,3180.182,3174.995,2017-09-01,Other,0.0,None,Regular,Q3,September,Northern
IRL,2017,10,2993.256,7.218,2986.038,3005.291,2993.256,2017-10-01,Other,1.0,October Bank Holiday,Regular,Q4,October,Northern
IRL,2017,11,2442.353,6.37,2435.983,2450.337,2442.353,2017-11-01,Other,0.0,None,Regular,Q4,November,Northern
IRL,2017,12,2399.296,6.88,2392.416,2419.815,2399.296,2017-12-01,Other,4.0,"Christmas Eve, New Year's Eve, Christmas Day",Winter_Holidays,Q4,December,Northern
IRL,2018,1,2230.031,5.722,2224.309,,2230.031,2018-01-01,Other,1.0,New Year's Day,Winter_Holidays,Q1,January,Northern
IRL,2018,2,2108.843,6.307,2102.536,,2108.843,2018-02-01,Other,0.0,None,Regular,Q1,February,Northern
IRL,2018,3,2561.755,7.0,2554.755,,2561.755,2018-03-01,Other,2.0,"Good Friday, St. Patrick's Day",Spring_Holidays,Q1,March,Northern
IRL,2018,4,3010.851,7.855,3002.996,,3010.851,2018-04-01,Other,2.0,"Easter, Easter Monday",Spring_Holidays,Q2,April,Northern
IRL,2018,5,3324.775,8.729,3316.046,,3324.775,2018-05-01,Other,1.0,May Day,Regular,Q2,May,Northern
IRL,2018,6,3648.427,9.099,3639.328,,3648.427,2018-06-01,Other,1.0,June Bank Holiday,Regular,Q2,June,Northern
IRL,2018,7,3889.785,10.592,3879.193,,3889.785,2018-07-01,Other,0.0,None,Regular,Q3,July,Northern
IRL,2018,8,3799.828,10.88,3788.948,,3799.828,2018-08-01,Other,1.0,August Bank Holiday,Summer_Holidays,Q3,August,Northern
IRL,2018,9,3391.539,8.639,3382.9,,3391.539,2018-09-01,Other,0.0,None,Regular,Q3,September,Northern
IRL,2018,10,3228.463,8.243,3220.22,,3228.463,2018-10-01,Other,1.0,October Bank Holiday,Regular,Q4,October,Northern
IRL,2018,11,2595.786,8.753,2587.033,,2595.786,2018-11-01,Other,0.0,None,Regular,Q4,November,Northern
IRL,2018,12,2554.922,6.978,2547.944,,2554.922,2018-12-01,Other,4.0,"Christmas Eve, New Year's Eve, Christmas Day",Winter_Holidays,Q4,December,Northern
ISL,2010,1,91.443,,91.443,93.73,91.443,2010-01-01,Other,2.0,"Twelfth Night, New Year's Day",Winter_Holidays,Q1,January,Northern
ISL,2010,2,90.607,,90.607,92.335,90.607,2010-02-01,Other,2.0,"Valentine's Day, Ash Wednesday",Regular,Q1,February,Northern
ISL,2010,3,116.277,,116.277,117.724,116.277,2010-03-01,Other,0.0,None,Regular,Q1,March,Northern
ISL,2010,4,99.345,,99.345,100.798,99.345,2010-04-01,Other,6.0,"Holy Saturday, Maundy Thursday, Good Friday",Spring_Holidays,Q2,April,Northern
ISL,2010,5,137.825,,137.825,139.857,137.825,2010-05-01,Other,5.0,"Mothers' Day, Labour Day, Ascension Day",Regular,Q2,May,Northern
ISL,2010,6,249.365,,249.365,251.967,249.365,2010-06-01,Other,1.0,Icelandic Republic Day,Regular,Q2,June,Northern
ISL,2010,7,330.756,,330.756,333.244,330.756,2010-07-01,Other,0.0,None,Regular,Q3,July,Northern
ISL,2010,8,319.228,,319.228,322.203,319.228,2010-08-01,Other,1.0,Commerce Day,Summer_Holidays,Q3,August,Northern
ISL,2010,9,189.592,,189.592,191.761,189.592,2010-09-01,Other,0.0,None,Regular,Q3,September,Northern
ISL,2010,10,174.942,,174.942,179.361,174.942,2010-10-01,Other,1.0,Halloween,Regular,Q4,October,Northern
ISL,2010,11,119.946,,119.946,121.967,119.946,2010-11-01,Other,1.0,Fathers' Day,Regular,Q4,November,Northern
ISL,2010,12,117.03,,117.03,120.241,117.03,2010-12-01,Other,5.0,"Independence Day, Christmas Eve (from noon), Christmas Day",Winter_Holidays,Q4,December,Northern
ISL,2011,1,108.504,,108.504,110.653,108.504,2011-01-01,Other,2.0,"Twelfth Night, New Year's Day",Winter_Holidays,Q1,January,Northern
ISL,2011,2,105.913,,105.913,107.928,105.913,2011-02-01,Other,1.0,Valentine's Day,Regular,Q1,February,Northern
ISL,2011,3,127.509,,127.509,129.218,127.509,2011-03-01,Other,1.0,Ash Wednesday,Spring_Holidays,Q1,March,Northern
ISL,2011,4,162.188,,162.188,163.646,162.188,2011-04-01,Other,6.0,"Holy Saturday, First Day of Summer, Maundy Thursday",Spring_Holidays,Q2,April,Northern
ISL,2011,5,184.382,,184.382,185.97,184.382,2011-05-01,Other,2.0,"Mothers' Day, Labour Day",Regular,Q2,May,Northern
ISL,2011,6,322.821,,322.821,317.181,322.821,2011-06-01,Other,4.0,"Ascension Day, Whit Sunday, Whit Monday",Regular,Q2,June,Northern
ISL,2011,7,399.735,,399.735,401.955,399.735,2011-07-01,Other,0.0,None,Regular,Q3,July,Northern
ISL,2011,8,384.621,,384.621,386.448,384.621,2011-08-01,Other,1.0,Commerce Day,Summer_Holidays,Q3,August,Northern
ISL,2011,9,218.425,,218.425,219.848,218.425,2011-09-01,Other,0.0,None,Regular,Q3,September,Northern
ISL,2011,10,192.549,,192.549,193.945,192.549,2011-10-01,Other,1.0,Halloween,Regular,Q4,October,Northern
ISL,2011,11,129.856,,129.856,131.0,129.856,2011-11-01,Other,1.0,Fathers' Day,Regular,Q4,November,Northern
ISL,2011,12,126.391,,126.391,127.014,126.391,2011-12-01,Other,5.0,"Independence Day, Christmas Eve (from noon), Christmas Day",Winter_Holidays,Q4,December,Northern
ISL,2012,1,114.945,,114.945,115.522,114.945,2012-01-01,Other,2.0,"Twelfth Night, New Year's Day",Winter_Holidays,Q1,January,Northern
ISL,2012,2,117.429,,117.429,118.098,117.429,2012-02-01,Other,2.0,"Valentine's Day, Ash Wednesday",Regular,Q1,February,Northern
ISL,2012,3,148.758,,148.758,149.066,148.758,2012-03-01,Other,0.0,None,Regular,Q1,March,Northern
ISL,2012,4,180.068,,180.068,180.694,180.068,2012-04-01,Other,6.0,"Holy Saturday, Maundy Thursday, Good Friday",Spring_Holidays,Q2,April,Northern
ISL,2012,5,208.978,,208.978,210.451,208.978,2012-05-01,Other,5.0,"Mothers' Day, Labour Day, Ascension Day",Regular,Q2,May,Northern
ISL,2012,6,333.123,,333.123,342.826,333.123,2012-06-01,Other,1.0,Icelandic Republic Day,Regular,Q2,June,Northern
ISL,2012,7,422.464,,422.464,424.752,422.464,2012-07-01,Other,0.0,None,Regular,Q3,July,Northern
ISL,2012,8,406.267,,406.267,409.573,406.267,2012-08-01,Other,1.0,Commerce Day,Summer_Holidays,Q3,August,Northern
ISL,2012,9,263.928,,263.928,265.076,263.928,2012-09-01,Other,0.0,None,Regular,Q3,September,Northern
ISL,2012,10,229.782,,229.782,230.604,229.782,2012-10-01,Other,1.0,Halloween,Regular,Q4,October,Northern
ISL,2012,11,163.375,,163.375,164.95,163.375,2012-11-01,Other,1.0,Fathers' Day,Regular,Q4,November,Northern
ISL,2012,12,151.574,,151.574,152.414,151.574,2012-12-01,Other,5.0,"Independence Day, Christmas Eve (from noon), Christmas Day",Winter_Holidays,Q4,December,Northern
ISL,2013,1,142.46,,142.46,142.681,142.46,2013-01-01,Other,2.0,"Twelfth Night, New Year's Day",Winter_Holidays,Q1,January,Northern
ISL,2013,2,144.807,,144.807,145.771,144.807,2013-02-01,Other,2.0,"Ash Wednesday, Valentine's Day",Regular,Q1,February,Northern
ISL,2013,3,195.628,,195.628,197.391,195.628,2013-03-01,Other,4.0,"Holy Saturday, Maundy Thursday, Good Friday",Spring_Holidays,Q1,March,Northern
ISL,2013,4,203.64,,203.64,204.833,203.64,2013-04-01,Other,2.0,"Easter Monday, First Day of Summer",Spring_Holidays,Q2,April,Northern
ISL,2013,5,253.735,,253.735,254.277,253.735,2013-05-01,Other,5.0,"Mothers' Day, Labour Day, Ascension Day",Regular,Q2,May,Northern
ISL,2013,6,382.533,,382.533,384.023,382.533,2013-06-01,Other,1.0,Icelandic Republic Day,Regular,Q2,June,Northern
ISL,2013,7,463.121,,463.121,464.323,463.121,2013-07-01,Other,0.0,None,Regular,Q3,July,Northern
ISL,2013,8,454.819,,454.819,455.802,454.819,2013-08-01,Other,1.0,Commerce Day,Summer_Holidays,Q3,August,Northern
ISL,2013,9,297.105,,297.105,298.299,297.105,2013-09-01,Other,0.0,None,Regular,Q3,September,Northern
ISL,2013,10,264.782,,264.782,265.245,264.782,2013-10-01,Other,1.0,Halloween,Regular,Q4,October,Northern
ISL,2013,11,198.24,,198.24,198.654,198.24,2013-11-01,Other,1.0,Fathers' Day,Regular,Q4,November,Northern
ISL,2013,12,198.396,,198.396,198.549,198.396,2013-12-01,Other,5.0,"Independence Day, Christmas Eve (from noon), Christmas Day",Winter_Holidays,Q4,December,Northern
ISL,2014,1,182.345,,182.345,182.992,182.345,2014-01-01,Other,2.0,"Twelfth Night, New Year's Day",Winter_Holidays,Q1,January,Northern
ISL,2014,2,177.948,,177.948,178.949,177.948,2014-02-01,Other,1.0,Valentine's Day,Regular,Q1,February,Northern
ISL,2014,3,228.468,,228.468,229.378,228.468,2014-03-01,Other,1.0,Ash Wednesday,Spring_Holidays,Q1,March,Northern
ISL,2014,4,260.049,,260.049,260.502,260.049,2014-04-01,Other,6.0,"Holy Saturday, Maundy Thursday, Good Friday",Spring_Holidays,Q2,April,Northern
ISL,2014,5,303.14,,303.14,302.913,303.14,2014-05-01,Other,3.0,"Mothers' Day, Labour Day, Ascension Day",Regular,Q2,May,Northern
ISL,2014,6,453.383,,453.383,454.311,453.383,2014-06-01,Other,3.0,"Whit Sunday, Whit Monday, Icelandic Republic Day",Regular,Q2,June,Northern
ISL,2014,7,544.982,,544.982,546.749,544.982,2014-07-01,Other,0.0,None,Regular,Q3,July,Northern
ISL,2014,8,535.31,,535.31,537.12,535.31,2014-08-01,Other,1.0,Commerce Day,Summer_Holidays,Q3,August,Northern
ISL,2014,9,368.447,,368.447,368.506,368.447,2014-09-01,Other,0.0,None,Regular,Q3,September,Northern
ISL,2014,10,311.089,,311.089,311.59,311.089,2014-10-01,Other,1.0,Halloween,Regular,Q4,October,Northern
ISL,2014,11,245.876,,245.876,248.828,245.876,2014-11-01,Other,1.0,Fathers' Day,Regular,Q4,November,Northern
ISL,2014,12,242.577,,242.577,243.884,242.577,2014-12-01,Other,5.0,"Independence Day, Christmas Eve (from noon), Christmas Day",Winter_Holidays,Q4,December,Northern
ISL,2015,1,230.263,,230.263,230.985,230.263,2015-01-01,Other,2.0,"Twelfth Night, New Year's Day",Winter_Holidays,Q1,January,Northern
ISL,2015,2,229.769,,229.769,230.348,229.769,2015-02-01,Other,2.0,"Valentine's Day, Ash Wednesday",Regular,Q1,February,Northern
ISL,2015,3,281.71,,281.71,282.675,281.71,2015-03-01,Other,0.0,None,Regular,Q1,March,Northern
ISL,2015,4,297.198,,297.198,298.267,297.198,2015-04-01,Other,6.0,"Holy Saturday, Maundy Thursday, Good Friday",Spring_Holidays,Q2,April,Northern
ISL,2015,5,399.348,,399.348,399.576,399.348,2015-05-01,Other,5.0,"Mothers' Day, Labour Day, Ascension Day",Regular,Q2,May,Northern
ISL,2015,6,567.877,,567.877,568.833,567.877,2015-06-01,Other,1.0,Icelandic Republic Day,Regular,Q2,June,Northern
ISL,2015,7,661.154,,661.154,662.729,661.154,2015-07-01,Other,0.0,None,Regular,Q3,July,Northern
ISL,2015,8,659.624,,659.624,660.75,659.624,2015-08-01,Other,1.0,Commerce Day,Summer_Holidays,Q3,August,Northern
ISL,2015,9,487.014,,487.014,487.508,487.014,2015-09-01,Other,0.0,None,Regular,Q3,September,Northern
ISL,2015,10,411.357,,411.357,412.425,411.357,2015-10-01,Other,1.0,Halloween,Regular,Q4,October,Northern
ISL,2015,11,314.002,,314.002,314.526,314.002,2015-11-01,Other,1.0,Fathers' Day,Regular,Q4,November,Northern
ISL,2015,12,307.972,,307.972,306.879,307.972,2015-12-01,Other,5.0,"Independence Day, Christmas Eve (from noon), Christmas Day",Winter_Holidays,Q4,December,Northern
ISL,2016,1,289.226,,289.226,290.497,289.226,2016-01-01,Other,2.0,"Twelfth Night, New Year's Day",Winter_Holidays,Q1,January,Northern
ISL,2016,2,324.02,,324.02,324.38,324.02,2016-02-01,Other,2.0,"Ash Wednesday, Valentine's Day",Regular,Q1,February,Northern
ISL,2016,3,400.744,,400.744,402.62,400.744,2016-03-01,Other,5.0,"Holy Saturday, Maundy Thursday, Good Friday",Spring_Holidays,Q1,March,Northern
ISL,2016,4,380.478,,380.478,382.126,380.478,2016-04-01,Other,1.0,First Day of Summer,Spring_Holidays,Q2,April,Northern
ISL,2016,5,535.3,,535.3,537.017,535.3,2016-05-01,Other,5.0,"Mothers' Day, Labour Day, Ascension Day",Regular,Q2,May,Northern
ISL,2016,6,759.896,,759.896,763.445,759.896,2016-06-01,Other,1.0,Icelandic Republic Day,Regular,Q2,June,Northern
ISL,2016,7,897.526,,897.526,900.081,897.526,2016-07-01,Other,0.0,None,Regular,Q3,July,Northern
ISL,2016,8,892.242,,892.242,894.535,892.242,2016-08-01,Other,1.0,Commerce Day,Summer_Holidays,Q3,August,Northern
ISL,2016,9,699.524,,699.524,701.284,699.524,2016-09-01,Other,0.0,None,Regular,Q3,September,Northern
ISL,2016,10,613.475,,613.475,614.446,613.475,2016-10-01,Other,1.0,Halloween,Regular,Q4,October,Northern
ISL,2016,11,495.362,,495.362,496.329,495.362,2016-11-01,Other,1.0,Fathers' Day,Regular,Q4,November,Northern
ISL,2016,12,514.021,,514.021,514.598,514.021,2016-12-01,Other,5.0,"Independence Day, Christmas Eve (from noon), Christmas Day",Winter_Holidays,Q4,December,Northern
ISL,2017,1,493.026,,493.026,531.89,493.026,2017-01-01,Other,2.0,"Twelfth Night, New Year's Day",Winter_Holidays,Q1,January,Northern
ISL,2017,2,486.05,,486.05,529.652,486.05,2017-02-01,Other,1.0,Valentine's Day,Regular,Q1,February,Northern
ISL,2017,3,580.644,,580.644,636.901,580.644,2017-03-01,Other,1.0,Ash Wednesday,Spring_Holidays,Q1,March,Northern
ISL,2017,4,616.717,,616.717,666.338,616.717,2017-04-01,Other,6.0,"Holy Saturday, Maundy Thursday, Good Friday",Spring_Holidays,Q2,April,Northern
ISL,2017,5,248.659,0.231,248.428,713.9,248.659,2017-05-01,Other,3.0,"Mothers' Day, Labour Day, Ascension Day",Regular,Q2,May,Northern
ISL,2017,6,927.292,0.322,926.97,931.048,927.292,2017-06-01,Other,3.0,"Whit Sunday, Whit Monday, Icelandic Republic Day",Regular,Q2,June,Northern
ISL,2017,7,1097.598,0.488,1097.11,1099.963,1097.598,2017-07-01,Other,0.0,None,Regular,Q3,July,Northern
ISL,2017,8,1079.073,0.34,1078.733,1081.409,1079.073,2017-08-01,Other,1.0,Commerce Day,Summer_Holidays,Q3,August,Northern
ISL,2017,9,864.81,0.378,864.432,869.063,864.81,2017-09-01,Other,0.0,None,Regular,Q3,September,Northern
ISL,2017,10,725.636,1.007,724.629,729.563,725.636,2017-10-01,Other,1.0,Halloween,Regular,Q4,October,Northern
ISL,2017,11,593.395,1.281,592.114,594.789,593.395,2017-11-01,Other,1.0,Fathers' Day,Regular,Q4,November,Northern
ISL,2017,12,605.834,1.157,604.677,607.176,605.834,2017-12-01,Other,5.0,"Independence Day, Christmas Eve (from noon), Christmas Day",Winter_Holidays,Q4,December,Northern
ISL,2018,1,593.471,27.264,566.207,,593.471,2018-01-01,Other,2.0,"Twelfth Night, New Year's Day",Winter_Holidays,Q1,January,Northern
ISL,2018,2,569.123,25.689,543.434,,569.123,2018-02-01,Other,2.0,"Ash Wednesday, Valentine's Day",Regular,Q1,February,Northern
ISL,2018,3,702.455,32.535,669.92,,702.455,2018-03-01,Other,3.0,"Holy Saturday, Maundy Thursday, Good Friday",Spring_Holidays,Q1,March,Northern
ISL,2018,4,678.665,31.511,647.154,,678.665,2018-04-01,Other,3.0,"Easter Sunday, Easter Monday, First Day of Summer",Spring_Holidays,Q2,April,Northern
ISL,2018,5,867.281,31.899,835.382,,867.281,2018-05-01,Other,5.0,"Mothers' Day, Labour Day, Ascension Day",Regular,Q2,May,Northern
ISL,2018,6,1122.121,32.475,1089.646,,1122.121,2018-06-01,Other,1.0,Icelandic Republic Day,Regular,Q2,June,Northern
ISL,2018,7,1224.554,33.532,1191.022,,1224.554,2018-07-01,Other,0.0,None,Regular,Q3,July,Northern
ISL,2018,8,1227.716,34.582,1193.134,,1227.716,2018-08-01,Other,1.0,Commerce Day,Summer_Holidays,Q3,August,Northern
ISL,2018,9,1014.135,30.919,983.216,,1014.135,2018-09-01,Other,0.0,None,Regular,Q3,September,Northern
ISL,2018,10,881.91,33.105,848.805,,881.91,2018-10-01,Other,1.0,Halloween,Regular,Q4,October,Northern
ISL,2018,11,655.549,27.156,628.393,,655.549,2018-11-01,Other,1.0,Fathers' Day,Regular,Q4,November,Northern
ISL,2018,12,629.406,23.878,605.528,,629.406,2018-12-01,Other,5.0,"Independence Day, Christmas Eve (from noon), Christmas Day",Winter_Holidays,Q4,December,Northern
ISR,2014,1,,,,988.47,988.47,2014-01-01,Other,1.0,Tu Bishvat,Winter_Holidays,Q1,January,Northern
ISR,2014,2,,,,973.354,973.354,2014-02-01,Other,0.0,None,Regular,Q1,February,Northern
ISR,2014,3,,,,1194.018,1194.018,2014-03-01,Other,4.0,"Purim (Tel Aviv), Shushan Purim (Jerusalem), Ta'anit Esther (Fast of Esther)",Spring_Holidays,Q1,March,Northern
ISR,2014,4,,,,1508.548,1508.548,2014-04-01,Other,9.0,"Erev Pesach, Pesach II (Passover), Pesach III (Passover)",Spring_Holidays,Q2,April,Northern
ISR,2014,5,,,,1495.81,1495.81,2014-05-01,Other,4.0,"Yom HaZikaron (Memorial Day), Lag B'Omer, Yom HaAtzmaut (Independence Day)",Regular,Q2,May,Northern
ISR,2014,6,,,,1606.781,1606.781,2014-06-01,Other,2.0,"Erev Shavuot, Shavuot (Pentecost)",Regular,Q2,June,Northern
ISR,2014,7,,,,1639.618,1639.618,2014-07-01,Other,1.0,Fast of Shiva Asar B'Tammuz,Summer_Holidays,Q3,July,Northern
ISR,2014,8,,,,1770.523,1770.523,2014-08-01,Other,2.0,"Erev Tisha B'Av, Tisha B'Av",Summer_Holidays,Q3,August,Northern
ISR,2014,9,,,,1410.511,1410.511,2014-09-01,Other,4.0,"Erev Rosh Hashana, Tzom Gedaliah, Rosh Hashana (New Year)",Regular,Q3,September,Northern
ISR,2014,10,,,,1546.206,1546.206,2014-10-01,Other,11.0,"Erev Yom Kippur, Erev Sukkot, Sukkot II",Regular,Q4,October,Northern
ISR,2014,11,,,,1114.709,1114.709,2014-11-01,Other,0.0,None,Regular,Q4,November,Northern
ISR,2014,12,,,,1099.4,1099.4,2014-12-01,Other,8.0,"Hanukkah I (Holiday of lights), Hanukkah II, Hanukkah III",Winter_Holidays,Q4,December,Northern
ISR,2015,1,,,,1026.458,1026.458,2015-01-01,Other,1.0,Asarah B'Tevet,Winter_Holidays,Q1,January,Northern
ISR,2015,2,,,,985.005,985.005,2015-02-01,Other,1.0,Tu Bishvat,Regular,Q1,February,Northern
ISR,2015,3,,,,1284.562,1284.562,2015-03-01,Other,5.0,"Purim (Tel Aviv), Shushan Purim (Jerusalem), Erev Purim",Spring_Holidays,Q1,March,Northern
ISR,2015,4,,,,1476.288,1476.288,2015-04-01,Other,11.0,"Erev Pesach, Pesach II (Passover), Pesach III (Passover)",Spring_Holidays,Q2,April,Northern
ISR,2015,5,,,,1479.361,1479.361,2015-05-01,Other,4.0,"Lag B'Omer, Erev Shavuot, Yom Yerushalayim (Jerusalem Day)",Regular,Q2,May,Northern
ISR,2015,6,,,,1558.743,1558.743,2015-06-01,Other,0.0,None,Regular,Q2,June,Northern
ISR,2015,7,,,,1935.595,1935.595,2015-07-01,Other,3.0,"Fast of Shiva Asar B'Tammuz, Erev Tisha B'Av, Tisha B'Av",Summer_Holidays,Q3,July,Northern
ISR,2015,8,,,,2204.274,2204.274,2015-08-01,Other,0.0,None,Regular,Q3,August,Northern
ISR,2015,9,,,,1779.218,1779.218,2015-09-01,Other,10.0,"Erev Rosh Hashana, Tzom Gedaliah, Erev Yom Kippur",Regular,Q3,September,Northern
ISR,2015,10,,,,1626.117,1626.117,2015-10-01,Other,5.0,"Sukkot IV, Sukkot V, Sukkot VI",Regular,Q4,October,Northern
ISR,2015,11,,,,1186.156,1186.156,2015-11-01,Other,0.0,None,Regular,Q4,November,Northern
ISR,2015,12,,,,1215.017,1215.017,2015-12-01,Other,9.0,"Hanukkah I (Holiday of lights), Hanukkah II, Hanukkah III",Winter_Holidays,Q4,December,Northern
ISR,2016,1,,,,1110.624,1110.624,2016-01-01,Other,1.0,Tu Bishvat,Winter_Holidays,Q1,January,Northern
ISR,2016,2,,,,1108.742,1108.742,2016-02-01,Other,0.0,None,Regular,Q1,February,Northern
ISR,2016,3,,,,1347.779,1347.779,2016-03-01,Other,4.0,"Purim (Tel Aviv), Shushan Purim (Jerusalem), Erev Purim",Spring_Holidays,Q1,March,Northern
ISR,2016,4,,,,1566.205,1566.205,2016-04-01,Other,8.0,"Erev Pesach, Pesach II (Passover), Pesach III (Passover)",Spring_Holidays,Q2,April,Northern
ISR,2016,5,,,,1638.651,1638.651,2016-05-01,Other,4.0,"Yom HaShoah/Holocaust Memorial Day, Yom HaZikaron (Memorial Day), Lag B'Omer",Regular,Q2,May,Northern
ISR,2016,6,,,,1675.444,1675.444,2016-06-01,Other,3.0,"Erev Shavuot, Yom Yerushalayim (Jerusalem Day), Shavuot (Pentecost)",Regular,Q2,June,Northern
ISR,2016,7,,,,2090.844,2090.844,2016-07-01,Other,1.0,Fast of Shiva Asar B'Tammuz,Summer_Holidays,Q3,July,Northern
ISR,2016,8,,,,2300.395,2300.395,2016-08-01,Other,2.0,"Erev Tisha B'Av, Tisha B'Av",Summer_Holidays,Q3,August,Northern
ISR,2016,9,,,,1991.195,1991.195,2016-09-01,Other,0.0,None,Regular,Q3,September,Northern
ISR,2016,10,,,,1843.832,1843.832,2016-10-01,Other,15.0,"Erev Rosh Hashana, Tzom Gedaliah, Erev Yom Kippur",Regular,Q4,October,Northern
ISR,2016,11,,,,1427.041,1427.041,2016-11-01,Other,1.0,Yom HaAliyah School Observance,Regular,Q4,November,Northern
ISR,2016,12,,,,1357.207,1357.207,2016-12-01,Other,7.0,"Hanukkah I (Holiday of lights), Hanukkah II, Hanukkah III",Winter_Holidays,Q4,December,Northern
ISR,2017,1,,,,1299.785,1299.785,2017-01-01,Other,2.0,"Hanukkah VIII, Asarah B'Tevet",Winter_Holidays,Q1,January,Northern
ISR,2017,2,,,,1222.892,1222.892,2017-02-01,Other,1.0,Tu Bishvat,Regular,Q1,February,Northern
ISR,2017,3,,,,1568.757,1568.757,2017-03-01,Other,4.0,"Purim (Tel Aviv), Shushan Purim (Jerusalem), Ta'anit Esther (Fast of Esther)",Spring_Holidays,Q1,March,Northern
ISR,2017,4,,,,1933.23,1933.23,2017-04-01,Other,9.0,"Erev Pesach, Pesach II (Passover), Pesach III (Passover)",Spring_Holidays,Q2,April,Northern
ISR,2017,5,,,,1785.4,1785.4,2017-05-01,Other,6.0,"Yom HaZikaron (Memorial Day), Lag B'Omer, Erev Shavuot",Regular,Q2,May,Northern
ISR,2017,6,,,,1986.183,1986.183,2017-06-01,Other,0.0,None,Regular,Q2,June,Northern
ISR,2017,7,,,,2344.184,2344.184,2017-07-01,Other,2.0,"Fast of Shiva Asar B'Tammuz, Erev Tisha B'Av",Summer_Holidays,Q3,July,Northern
ISR,2017,8,,,,2667.746,2667.746,2017-08-01,Other,1.0,Tisha B'Av,Summer_Holidays,Q3,August,Northern
ISR,2017,9,,,,2107.848,2107.848,2017-09-01,Other,6.0,"Erev Rosh Hashana, Tzom Gedaliah, Erev Yom Kippur",Regular,Q3,September,Northern
ISR,2017,10,,,,2190.148,2190.148,2017-10-01,Other,10.0,"Erev Sukkot, Sukkot II, Sukkot III",Regular,Q4,October,Northern
ISR,2017,11,,,,1678.255,1678.255,2017-11-01,Other,0.0,None,Regular,Q4,November,Northern
ISR,2017,12,,,,1610.158,1610.158,2017-12-01,Other,9.0,"Hanukkah I (Holiday of lights), Hanukkah II, Hanukkah III",Winter_Holidays,Q4,December,Northern
ITA,2010,1,6698.291,1940.711,4757.58,8649.425,6698.291,2010-01-01,Europe,2.0,"New Year's Day, Epiphany",Winter_Holidays,Q1,January,Northern
ITA,2010,2,6415.124,1939.762,4475.362,8356.669,6415.124,2010-02-01,Europe,0.0,None,Regular,Q1,February,Northern
ITA,2010,3,8049.844,2258.398,5791.446,10319.421,8049.844,2010-03-01,Europe,0.0,None,Regular,Q1,March,Northern
ITA,2010,4,7983.409,2252.394,5731.015,10232.167,7983.409,2010-04-01,Europe,5.0,"The Feast of St Mark (Venice), Good Friday, Easter Sunday",Spring_Holidays,Q2,April,Northern
ITA,2010,5,9723.619,2645.625,7077.994,12363.651,9723.619,2010-05-01,Europe,1.0,Labor Day / May Day,Regular,Q2,May,Northern
ITA,2010,6,10208.827,2773.869,7434.958,12960.887,10208.827,2010-06-01,Europe,3.0,"The Feast of St. John (Florence, Genoa, Turin), The Feast of St. Peter and St. Paul (Rome), Republic Day",Regular,Q2,June,Northern
ITA,2010,7,11618.856,3030.654,8588.202,14636.892,11618.856,2010-07-01,Europe,0.0,None,Regular,Q3,July,Northern
ITA,2010,8,12346.536,2955.507,9391.029,15294.989,12346.536,2010-08-01,Europe,1.0,Assumption of Mary / Ferragosto,Summer_Holidays,Q3,August,Northern
ITA,2010,9,10860.953,2862.511,7998.442,13738.473,10860.953,2010-09-01,Europe,1.0,The Feast of Saint Januarius (Naples),Regular,Q3,September,Northern
ITA,2010,10,9983.971,2654.007,7329.964,12659.63,9983.971,2010-10-01,Europe,0.0,None,Regular,Q4,October,Northern
ITA,2010,11,7654.898,2290.705,5364.193,9963.88,7654.898,2010-11-01,Europe,1.0,All Saints' Day,Regular,Q4,November,Northern
ITA,2010,12,7520.625,2335.763,5184.862,9872.149,7520.625,2010-12-01,Europe,5.0,"The Feast of St. Ambrose (Milan), New Year's Eve, Feast of the Immaculate Conception",Winter_Holidays,Q4,December,Northern
ITA,2011,1,7466.518,2104.02,5362.498,9585.695,7466.518,2011-01-01,Europe,2.0,"New Year's Day, Epiphany",Winter_Holidays,Q1,January,Northern
ITA,2011,2,6745.67,2001.624,4744.046,8757.814,6745.67,2011-02-01,Europe,0.0,None,Regular,Q1,February,Northern
ITA,2011,3,8515.864,2401.76,6114.104,10917.127,8515.864,2011-03-01,Europe,1.0,150th Anniversary of National Unity,Spring_Holidays,Q1,March,Northern
ITA,2011,4,9660.975,2599.31,7061.665,12247.391,9660.975,2011-04-01,Europe,5.0,"The Feast of St Mark (Venice), Good Friday, Easter Sunday",Spring_Holidays,Q2,April,Northern
ITA,2011,5,10282.959,2787.482,7495.477,13059.619,10282.959,2011-05-01,Europe,1.0,Labor Day / May Day,Regular,Q2,May,Northern
ITA,2011,6,10973.302,2994.152,7979.15,13930.525,10973.302,2011-06-01,Europe,3.0,"The Feast of St. John (Florence, Genoa, Turin), The Feast of St. Peter and St. Paul (Rome), Republic Day",Regular,Q2,June,Northern
ITA,2011,7,12510.013,3272.208,9237.805,15736.154,12510.013,2011-07-01,Europe,0.0,None,Regular,Q3,July,Northern
ITA,2011,8,12830.224,3163.115,9667.109,15943.778,12830.224,2011-08-01,Europe,1.0,Assumption of Mary / Ferragosto,Summer_Holidays,Q3,August,Northern
ITA,2011,9,11512.1,3071.0,8441.1,14572.552,11512.1,2011-09-01,Europe,1.0,The Feast of Saint Januarius (Naples),Regular,Q3,September,Northern
ITA,2011,10,10338.854,2770.698,7568.156,13101.662,10338.854,2011-10-01,Europe,0.0,None,Regular,Q4,October,Northern
ITA,2011,11,7661.389,2343.029,5318.36,10008.09,7661.389,2011-11-01,Europe,1.0,All Saints' Day,Regular,Q4,November,Northern
ITA,2011,12,7728.799,2419.482,5309.317,10143.898,7728.799,2011-12-01,Europe,5.0,"The Feast of St. Ambrose (Milan), New Year's Eve, Feast of the Immaculate Conception",Winter_Holidays,Q4,December,Northern
ITA,2012,1,7388.814,2129.521,5259.293,9545.702,7388.814,2012-01-01,Europe,2.0,"New Year's Day, Epiphany",Winter_Holidays,Q1,January,Northern
ITA,2012,2,6638.336,1927.704,4710.632,8583.453,6638.336,2012-02-01,Europe,0.0,None,Regular,Q1,February,Northern
ITA,2012,3,8414.87,2351.32,6063.55,10767.453,8414.87,2012-03-01,Europe,0.0,None,Regular,Q1,March,Northern
ITA,2012,4,9964.007,2595.144,7368.863,12557.283,9964.007,2012-04-01,Europe,5.0,"The Feast of St Mark (Venice), Good Friday, Easter Sunday",Spring_Holidays,Q2,April,Northern
ITA,2012,5,10391.146,2747.918,7643.228,13140.698,10391.146,2012-05-01,Europe,1.0,Labor Day / May Day,Regular,Q2,May,Northern
ITA,2012,6,11125.321,2924.122,8201.199,14038.576,11125.321,2012-06-01,Europe,3.0,"The Feast of St. John (Florence, Genoa, Turin), The Feast of St. Peter and St. Paul (Rome), Republic Day",Regular,Q2,June,Northern
ITA,2012,7,12650.094,3178.991,9471.103,15785.943,12650.094,2012-07-01,Europe,0.0,None,Regular,Q3,July,Northern
ITA,2012,8,12961.707,3007.594,9954.113,15911.768,12961.707,2012-08-01,Europe,1.0,Assumption of Mary / Ferragosto,Summer_Holidays,Q3,August,Northern
ITA,2012,9,11701.236,2857.876,8843.36,14545.453,11701.236,2012-09-01,Europe,1.0,The Feast of Saint Januarius (Naples),Regular,Q3,September,Northern
ITA,2012,10,10008.912,2474.244,7534.668,12485.296,10008.912,2012-10-01,Europe,0.0,None,Regular,Q4,October,Northern
ITA,2012,11,7454.552,2070.375,5384.177,9400.416,7454.552,2012-11-01,Europe,1.0,All Saints' Day,Regular,Q4,November,Northern
ITA,2012,12,7330.393,2071.481,5258.912,9323.351,7330.393,2012-12-01,Europe,5.0,"The Feast of St. Ambrose (Milan), New Year's Eve, Feast of the Immaculate Conception",Winter_Holidays,Q4,December,Northern
ITA,2013,1,6867.147,1832.458,5034.689,8738.66,6867.147,2013-01-01,Europe,2.0,"New Year's Day, Epiphany",Winter_Holidays,Q1,January,Northern
ITA,2013,2,6496.657,1753.209,4743.448,8279.55,6496.657,2013-02-01,Europe,0.0,None,Regular,Q1,February,Northern
ITA,2013,3,8249.254,2080.002,6169.252,10386.625,8249.254,2013-03-01,Europe,2.0,"Good Friday, Easter Sunday",Spring_Holidays,Q1,March,Northern
ITA,2013,4,9562.006,2350.794,7211.212,11961.431,9562.006,2013-04-01,Europe,3.0,"The Feast of St Mark (Venice), Easter Monday, Liberation Day",Spring_Holidays,Q2,April,Northern
ITA,2013,5,10467.693,2526.72,7940.973,13042.286,10467.693,2013-05-01,Europe,1.0,Labor Day / May Day,Regular,Q2,May,Northern
ITA,2013,6,11365.607,2805.791,8559.816,14195.685,11365.607,2013-06-01,Europe,3.0,"The Feast of St. John (Florence, Genoa, Turin), The Feast of St. Peter and St. Paul (Rome), Republic Day",Regular,Q2,June,Northern
ITA,2013,7,12541.097,3014.087,9527.01,15580.557,12541.097,2013-07-01,Europe,0.0,None,Regular,Q3,July,Northern
ITA,2013,8,12849.607,2840.487,10009.12,15696.031,12849.607,2013-08-01,Europe,1.0,Assumption of Mary / Ferragosto,Summer_Holidays,Q3,August,Northern
ITA,2013,9,11661.396,2768.352,8893.044,14450.437,11661.396,2013-09-01,Europe,1.0,The Feast of Saint Januarius (Naples),Regular,Q3,September,Northern
ITA,2013,10,10133.45,2388.647,7744.803,12556.793,10133.45,2013-10-01,Europe,0.0,None,Regular,Q4,October,Northern
ITA,2013,11,7527.223,2006.061,5521.162,9558.496,7527.223,2013-11-01,Europe,1.0,All Saints' Day,Regular,Q4,November,Northern
ITA,2013,12,7550.789,2049.727,5501.062,9623.597,7550.789,2013-12-01,Europe,5.0,"The Feast of St. Ambrose (Milan), New Year's Eve, Feast of the Immaculate Conception",Winter_Holidays,Q4,December,Northern
ITA,2014,1,7120.013,1859.148,5260.865,9020.815,7120.013,2014-01-01,Europe,2.0,"New Year's Day, Epiphany",Winter_Holidays,Q1,January,Northern
ITA,2014,2,6679.993,1773.094,4906.899,8497.047,6679.993,2014-02-01,Europe,0.0,None,Regular,Q1,February,Northern
ITA,2014,3,8342.385,2120.069,6222.316,10504.519,8342.385,2014-03-01,Europe,0.0,None,Regular,Q1,March,Northern
ITA,2014,4,10153.809,2377.044,7776.765,12523.517,10153.809,2014-04-01,Europe,5.0,"The Feast of St Mark (Venice), Good Friday, Easter Sunday",Spring_Holidays,Q2,April,Northern
ITA,2014,5,10903.623,2551.91,8351.713,13452.538,10903.623,2014-05-01,Europe,1.0,Labor Day / May Day,Regular,Q2,May,Northern
ITA,2014,6,11893.121,2867.044,9026.077,14738.968,11893.121,2014-06-01,Europe,3.0,"The Feast of St. John (Florence, Genoa, Turin), The Feast of St. Peter and St. Paul (Rome), Republic Day",Regular,Q2,June,Northern
ITA,2014,7,13192.302,3056.794,10135.508,16183.81,13192.302,2014-07-01,Europe,0.0,None,Regular,Q3,July,Northern
ITA,2014,8,13842.982,2918.278,10924.704,16749.033,13842.982,2014-08-01,Europe,1.0,Assumption of Mary / Ferragosto,Summer_Holidays,Q3,August,Northern
ITA,2014,9,12263.28,2846.183,9417.097,15059.288,12263.28,2014-09-01,Europe,1.0,The Feast of Saint Januarius (Naples),Regular,Q3,September,Northern
ITA,2014,10,10685.505,2512.489,8173.016,13166.554,10685.505,2014-10-01,Europe,0.0,None,Regular,Q4,October,Northern
ITA,2014,11,8030.292,2140.634,5889.658,10131.202,8030.292,2014-11-01,Europe,1.0,All Saints' Day,Regular,Q4,November,Northern
ITA,2014,12,8057.282,2153.338,5903.944,10181.718,8057.282,2014-12-01,Europe,5.0,"The Feast of St. Ambrose (Milan), New Year's Eve, Feast of the Immaculate Conception",Winter_Holidays,Q4,December,Northern
ITA,2015,1,7597.063,1909.716,5687.347,9474.483,7597.063,2015-01-01,Europe,2.0,"New Year's Day, Epiphany",Winter_Holidays,Q1,January,Northern
ITA,2015,2,7269.876,1856.398,5413.478,9093.851,7269.876,2015-02-01,Europe,0.0,None,Regular,Q1,February,Northern
ITA,2015,3,8920.973,2208.709,6712.264,11102.436,8920.973,2015-03-01,Europe,0.0,None,Regular,Q1,March,Northern
ITA,2015,4,10615.838,2484.78,8131.058,13053.566,10615.838,2015-04-01,Europe,5.0,"The Feast of St Mark (Venice), Good Friday, Easter Sunday",Spring_Holidays,Q2,April,Northern
ITA,2015,5,11528.761,2566.374,8962.387,14035.794,11528.761,2015-05-01,Europe,1.0,Labor Day / May Day,Regular,Q2,May,Northern
ITA,2015,6,12365.912,2831.091,9534.821,15102.229,12365.912,2015-06-01,Europe,3.0,"The Feast of St. John (Florence, Genoa, Turin), The Feast of St. Peter and St. Paul (Rome), Republic Day",Regular,Q2,June,Northern
ITA,2015,7,13848.766,3072.528,10776.238,16793.097,13848.766,2015-07-01,Europe,0.0,None,Regular,Q3,July,Northern
ITA,2015,8,14320.024,2910.093,11409.931,17092.448,14320.024,2015-08-01,Europe,1.0,Assumption of Mary / Ferragosto,Summer_Holidays,Q3,August,Northern
ITA,2015,9,12903.907,2907.905,9996.002,15713.844,12903.907,2015-09-01,Europe,1.0,The Feast of Saint Januarius (Naples),Regular,Q3,September,Northern
ITA,2015,10,11486.015,2600.12,8885.895,14038.233,11486.015,2015-10-01,Europe,0.0,None,Regular,Q4,October,Northern
ITA,2015,11,8468.135,2142.157,6325.978,10566.09,8468.135,2015-11-01,Europe,1.0,All Saints' Day,Regular,Q4,November,Northern
ITA,2015,12,8339.951,2166.776,6173.175,10447.373,8339.951,2015-12-01,Europe,5.0,"The Feast of St. Ambrose (Milan), New Year's Eve, Feast of the Immaculate Conception",Winter_Holidays,Q4,December,Northern
ITA,2016,1,7987.426,1951.537,6035.889,9928.444,7987.426,2016-01-01,Europe,2.0,"New Year's Day, Epiphany",Winter_Holidays,Q1,January,Northern
ITA,2016,2,8028.299,2005.843,6022.456,10027.058,8028.299,2016-02-01,Europe,0.0,None,Regular,Q1,February,Northern
ITA,2016,3,9523.753,2292.714,7231.039,11803.23,9523.753,2016-03-01,Europe,3.0,"Good Friday, Easter Sunday, Easter Monday",Spring_Holidays,Q1,March,Northern
ITA,2016,4,10731.996,2402.926,8329.07,13114.84,10731.996,2016-04-01,Europe,2.0,"The Feast of St Mark (Venice), Liberation Day",Spring_Holidays,Q2,April,Northern
ITA,2016,5,12064.223,2677.236,9386.987,14708.083,12064.223,2016-05-01,Europe,1.0,Labor Day / May Day,Regular,Q2,May,Northern
ITA,2016,6,12822.777,2903.489,9919.288,15644.112,12822.777,2016-06-01,Europe,3.0,"The Feast of St. John (Florence, Genoa, Turin), The Feast of St. Peter and St. Paul (Rome), Republic Day",Regular,Q2,June,Northern
ITA,2016,7,14709.974,3136.325,11573.649,17722.178,14709.974,2016-07-01,Europe,0.0,None,Regular,Q3,July,Northern
ITA,2016,8,14821.55,2982.513,11839.037,17683.634,14821.55,2016-08-01,Europe,1.0,Assumption of Mary / Ferragosto,Summer_Holidays,Q3,August,Northern
ITA,2016,9,13485.628,2896.403,10589.225,16292.53,13485.628,2016-09-01,Europe,1.0,The Feast of Saint Januarius (Naples),Regular,Q3,September,Northern
ITA,2016,10,11963.985,2559.04,9404.945,14483.779,11963.985,2016-10-01,Europe,0.0,None,Regular,Q4,October,Northern
ITA,2016,11,9049.063,2182.767,6866.296,11223.188,9049.063,2016-11-01,Europe,1.0,All Saints' Day,Regular,Q4,November,Northern
ITA,2016,12,9289.107,2281.135,7007.972,11567.316,9289.107,2016-12-01,Europe,5.0,"The Feast of St. Ambrose (Milan), New Year's Eve, Feast of the Immaculate Conception",Winter_Holidays,Q4,December,Northern
ITA,2017,1,8758.824,2016.116,6742.708,10776.523,8758.824,2017-01-01,Europe,2.0,"New Year's Day, Epiphany",Winter_Holidays,Q1,January,Northern
ITA,2017,2,8302.416,1903.669,6398.747,10205.417,8302.416,2017-02-01,Europe,0.0,None,Regular,Q1,February,Northern
ITA,2017,3,10061.923,2290.25,7771.673,12341.493,10061.923,2017-03-01,Europe,0.0,None,Regular,Q1,March,Northern
ITA,2017,4,12062.418,2461.021,9601.397,14477.007,12062.418,2017-04-01,Europe,5.0,"The Feast of St Mark (Venice), Good Friday, Easter Sunday",Spring_Holidays,Q2,April,Northern
ITA,2017,5,12846.063,2766.74,10079.323,15561.084,12846.063,2017-05-01,Europe,1.0,Labor Day / May Day,Regular,Q2,May,Northern
ITA,2017,6,13950.073,3026.533,10923.54,16863.499,13950.073,2017-06-01,Europe,3.0,"The Feast of St. John (Florence, Genoa, Turin), The Feast of St. Peter and St. Paul (Rome), Republic Day",Regular,Q2,June,Northern
ITA,2017,7,15881.795,3283.972,12597.823,18967.285,15881.795,2017-07-01,Europe,0.0,None,Regular,Q3,July,Northern
ITA,2017,8,15863.435,3082.416,12781.019,18746.244,15863.435,2017-08-01,Europe,1.0,Assumption of Mary / Ferragosto,Summer_Holidays,Q3,August,Northern
ITA,2017,9,14585.368,3031.973,11553.395,17462.557,14585.368,2017-09-01,Europe,1.0,The Feast of Saint Januarius (Naples),Regular,Q3,September,Northern
ITA,2017,10,12786.658,2700.567,10086.091,15754.131,12786.658,2017-10-01,Europe,0.0,None,Regular,Q4,October,Northern
ITA,2017,11,9554.246,2260.774,7293.472,11788.193,9554.246,2017-11-01,Europe,1.0,All Saints' Day,Regular,Q4,November,Northern
ITA,2017,12,9653.106,2296.582,7356.524,11915.338,9653.106,2017-12-01,Europe,5.0,"The Feast of St. Ambrose (Milan), New Year's Eve, Feast of the Immaculate Conception",Winter_Holidays,Q4,December,Northern
ITA,2018,1,9328.838,2105.694,7223.144,,9328.838,2018-01-01,Europe,2.0,"New Year's Day, Epiphany",Winter_Holidays,Q1,January,Northern
ITA,2018,2,8809.441,1976.303,6833.138,,8809.441,2018-02-01,Europe,0.0,None,Regular,Q1,February,Northern
ITA,2018,3,10748.537,2314.515,8434.022,,10748.537,2018-03-01,Europe,1.0,Good Friday,Spring_Holidays,Q1,March,Northern
ITA,2018,4,12829.981,2584.445,10245.536,,12829.981,2018-04-01,Europe,4.0,"The Feast of St Mark (Venice), Easter Sunday, Easter Monday",Spring_Holidays,Q2,April,Northern
ITA,2018,5,13681.588,2830.722,10850.866,,13681.588,2018-05-01,Europe,1.0,Labor Day / May Day,Regular,Q2,May,Northern
ITA,2018,6,14881.793,3082.364,11799.429,,14881.793,2018-06-01,Europe,3.0,"The Feast of St. John (Florence, Genoa, Turin), The Feast of St. Peter and St. Paul (Rome), Republic Day",Regular,Q2,June,Northern
ITA,2018,7,16502.851,3299.033,13203.818,,16502.851,2018-07-01,Europe,0.0,None,Regular,Q3,July,Northern
ITA,2018,8,16639.053,3136.519,13502.534,,16639.053,2018-08-01,Europe,1.0,Assumption of Mary / Ferragosto,Summer_Holidays,Q3,August,Northern
ITA,2018,9,15406.592,3136.886,12269.706,,15406.592,2018-09-01,Europe,1.0,The Feast of Saint Januarius (Naples),Regular,Q3,September,Northern
ITA,2018,10,13693.853,2836.139,10857.714,,13693.853,2018-10-01,Europe,0.0,None,Regular,Q4,October,Northern
ITA,2018,11,10434.69,2432.507,8002.183,,10434.69,2018-11-01,Europe,1.0,All Saints' Day,Regular,Q4,November,Northern
ITA,2018,12,10474.735,2447.377,8027.358,,10474.735,2018-12-01,Europe,5.0,"The Feast of St. Ambrose (Milan), New Year's Eve, Feast of the Immaculate Conception",Winter_Holidays,Q4,December,Northern
JAM,2016,1,,,,370.345,370.345,2016-01-01,Other,1.0,New Year's Day,Winter_Holidays,Q1,January,Northern
JAM,2016,2,,,,343.155,343.155,2016-02-01,Other,2.0,"Valentine's Day, Ash Wednesday",Regular,Q1,February,Northern
JAM,2016,3,,,,397.459,397.459,2016-03-01,Other,3.0,"Easter Sunday, Good Friday, Easter Monday",Spring_Holidays,Q1,March,Northern
JAM,2016,4,,,,353.573,353.573,2016-04-01,Other,0.0,None,Regular,Q2,April,Northern
JAM,2016,5,,,,304.101,304.101,2016-05-01,Other,2.0,"Mother's Day, Labor Day / May Day",Regular,Q2,May,Northern
JAM,2016,6,,,,323.843,323.843,2016-06-01,Other,1.0,Father's Day,Regular,Q2,June,Northern
JAM,2016,7,,,,382.175,382.175,2016-07-01,Other,0.0,None,Regular,Q3,July,Northern
JAM,2016,8,,,,329.907,329.907,2016-08-01,Other,2.0,"Emancipation Day, Independence Day",Summer_Holidays,Q3,August,Northern
JAM,2016,9,,,,225.536,225.536,2016-09-01,Other,0.0,None,Regular,Q3,September,Northern
JAM,2016,10,,,,241.065,241.065,2016-10-01,Other,1.0,National Heroes' Day,Regular,Q4,October,Northern
JAM,2016,11,,,,304.9,304.9,2016-11-01,Other,0.0,None,Regular,Q4,November,Northern
JAM,2016,12,,,,376.214,376.214,2016-12-01,Other,5.0,"Christmas Eve, New Year's Eve, Christmas Day",Winter_Holidays,Q4,December,Northern
JAM,2017,1,,,,390.723,390.723,2017-01-01,Other,2.0,"New Year's Day, New Year's Day observed",Winter_Holidays,Q1,January,Northern
JAM,2017,2,,,,351.41,351.41,2017-02-01,Other,1.0,Valentine's Day,Regular,Q1,February,Northern
JAM,2017,3,,,,395.382,395.382,2017-03-01,Other,1.0,Ash Wednesday,Spring_Holidays,Q1,March,Northern
JAM,2017,4,,,,380.393,380.393,2017-04-01,Other,3.0,"Easter Sunday, Good Friday, Easter Monday",Spring_Holidays,Q2,April,Northern
JAM,2017,5,,,,324.741,324.741,2017-05-01,Other,2.0,"Mother's Day, Labor Day / May Day",Regular,Q2,May,Northern
JAM,2017,6,,,,352.47,352.47,2017-06-01,Other,1.0,Father's Day,Regular,Q2,June,Northern
JAM,2017,7,,,,421.506,421.506,2017-07-01,Other,0.0,None,Regular,Q3,July,Northern
JAM,2017,8,,,,376.478,376.478,2017-08-01,Other,2.0,"Emancipation Day, Independence Day",Summer_Holidays,Q3,August,Northern
JAM,2017,9,,,,248.989,248.989,2017-09-01,Other,0.0,None,Regular,Q3,September,Northern
JAM,2017,10,,,,274.209,274.209,2017-10-01,Other,1.0,National Heroes' Day,Regular,Q4,October,Northern
JAM,2017,11,,,,344.929,344.929,2017-11-01,Other,0.0,None,Regular,Q4,November,Northern
JAM,2017,12,,,,423.328,423.328,2017-12-01,Other,4.0,"Christmas Eve, New Year's Eve, Christmas Day",Winter_Holidays,Q4,December,Northern
JPN,2014,1,,,,6306.801,6306.801,2014-01-01,Asia,4.0,"New Year's Day, January 2 Bank Holiday, January 3 Bank Holiday",Winter_Holidays,Q1,January,Northern
JPN,2014,2,,,,5979.662,5979.662,2014-02-01,Asia,2.0,"Valentine's Day, National Foundation Day",Regular,Q1,February,Northern
JPN,2014,3,,,,7227.273,7227.273,2014-03-01,Asia,2.0,"Dolls' Festival/Girls' Festival, Spring Equinox",Spring_Holidays,Q1,March,Northern
JPN,2014,4,,,,6215.064,6215.064,2014-04-01,Asia,1.0,Showa Day,Spring_Holidays,Q2,April,Northern
JPN,2014,5,,,,6399.752,6399.752,2014-05-01,Asia,4.0,"Constitution Memorial Day, Greenery Day, Children's Day",Regular,Q2,May,Northern
JPN,2014,6,,,,6221.08,6221.08,2014-06-01,Asia,0.0,None,Regular,Q2,June,Northern
JPN,2014,7,,,,6766.49,6766.49,2014-07-01,Asia,2.0,"Star Festival, Sea Day",Summer_Holidays,Q3,July,Northern
JPN,2014,8,,,,7734.886,7734.886,2014-08-01,Asia,2.0,"Hiroshima Memorial Day, Nagasaki Memorial Day",Summer_Holidays,Q3,August,Northern
JPN,2014,9,,,,6785.492,6785.492,2014-09-01,Asia,2.0,"Respect for the Aged Day, Autumn Equinox",Regular,Q3,September,Northern
JPN,2014,10,,,,6735.026,6735.026,2014-10-01,Asia,1.0,Health and Sports Day,Regular,Q4,October,Northern
JPN,2014,11,,,,6565.684,6565.684,2014-11-01,Asia,4.0,"7-5-3 Day, Culture Day, Labor Thanksgiving Day",Regular,Q4,November,Northern
JPN,2014,12,,,,6423.369,6423.369,2014-12-01,Asia,3.0,"Christmas, Emperor's Birthday, December 31 Bank Holiday",Winter_Holidays,Q4,December,Northern
JPN,2015,1,,,,6237.001,6237.001,2015-01-01,Asia,4.0,"New Year's Day, January 2 Bank Holiday, January 3 Bank Holiday",Winter_Holidays,Q1,January,Northern
JPN,2015,2,,,,6322.994,6322.994,2015-02-01,Asia,2.0,"Valentine's Day, National Foundation Day",Regular,Q1,February,Northern
JPN,2015,3,,,,7467.545,7467.545,2015-03-01,Asia,2.0,"Dolls' Festival/Girls' Festival, Spring Equinox",Spring_Holidays,Q1,March,Northern
JPN,2015,4,,,,6820.726,6820.726,2015-04-01,Asia,1.0,Showa Day,Spring_Holidays,Q2,April,Northern
JPN,2015,5,,,,7095.572,7095.572,2015-05-01,Asia,4.0,"Constitution Memorial Day, Greenery Day, Children's Day",Regular,Q2,May,Northern
JPN,2015,6,,,,6789.149,6789.149,2015-06-01,Asia,0.0,None,Regular,Q2,June,Northern
JPN,2015,7,,,,7404.373,7404.373,2015-07-01,Asia,2.0,"Star Festival, Sea Day",Summer_Holidays,Q3,July,Northern
JPN,2015,8,,,,8323.231,8323.231,2015-08-01,Asia,2.0,"Hiroshima Memorial Day, Nagasaki Memorial Day",Summer_Holidays,Q3,August,Northern
JPN,2015,9,,,,7401.02,7401.02,2015-09-01,Asia,3.0,"Respect for the Aged Day, Bridge Public holiday, Autumn Equinox",Regular,Q3,September,Northern
JPN,2015,10,,,,7456.541,7456.541,2015-10-01,Asia,1.0,Health and Sports Day,Regular,Q4,October,Northern
JPN,2015,11,,,,6980.577,6980.577,2015-11-01,Asia,3.0,"7-5-3 Day, Culture Day, Labor Thanksgiving Day",Regular,Q4,November,Northern
JPN,2015,12,,,,6977.545,6977.545,2015-12-01,Asia,3.0,"Christmas, Emperor's Birthday, December 31 Bank Holiday",Winter_Holidays,Q4,December,Northern
JPN,2016,1,,,,7030.73,7030.73,2016-01-01,Asia,4.0,"New Year's Day, January 2 Bank Holiday, January 3 Bank Holiday",Winter_Holidays,Q1,January,Northern
JPN,2016,2,,,,6991.909,6991.909,2016-02-01,Asia,2.0,"Valentine's Day, National Foundation Day",Regular,Q1,February,Northern
JPN,2016,3,,,,7781.219,7781.219,2016-03-01,Asia,3.0,"Dolls' Festival/Girls' Festival, Spring Equinox, Spring Equinox observed",Spring_Holidays,Q1,March,Northern
JPN,2016,4,,,,7224.02,7224.02,2016-04-01,Asia,1.0,Showa Day,Spring_Holidays,Q2,April,Northern
JPN,2016,5,,,,7190.666,7190.666,2016-05-01,Asia,3.0,"Constitution Memorial Day, Greenery Day, Children's Day",Regular,Q2,May,Northern
JPN,2016,6,,,,7148.138,7148.138,2016-06-01,Asia,0.0,None,Regular,Q2,June,Northern
JPN,2016,7,,,,7952.898,7952.898,2016-07-01,Asia,2.0,"Star Festival, Sea Day",Summer_Holidays,Q3,July,Northern
JPN,2016,8,,,,8632.57,8632.57,2016-08-01,Asia,3.0,"Hiroshima Memorial Day, Nagasaki Memorial Day, Mountain Day",Summer_Holidays,Q3,August,Northern
JPN,2016,9,,,,7635.017,7635.017,2016-09-01,Asia,2.0,"Respect for the Aged Day, Autumn Equinox",Regular,Q3,September,Northern
JPN,2016,10,,,,7747.256,7747.256,2016-10-01,Asia,1.0,Health and Sports Day,Regular,Q4,October,Northern
JPN,2016,11,,,,7333.927,7333.927,2016-11-01,Asia,3.0,"7-5-3 Day, Culture Day, Labor Thanksgiving Day",Regular,Q4,November,Northern
JPN,2016,12,,,,7382.432,7382.432,2016-12-01,Asia,3.0,"Christmas, Emperor's Birthday, December 31 Bank Holiday",Winter_Holidays,Q4,December,Northern
JPN,2017,1,,,,7561.202,7561.202,2017-01-01,Asia,5.0,"New Year's Day, January 2 Bank Holiday, New Year's Day observed",Winter_Holidays,Q1,January,Northern
JPN,2017,2,,,,7232.642,7232.642,2017-02-01,Asia,2.0,"Valentine's Day, National Foundation Day",Regular,Q1,February,Northern
JPN,2017,3,,,,8341.323,8341.323,2017-03-01,Asia,2.0,"Dolls' Festival/Girls' Festival, Spring Equinox",Spring_Holidays,Q1,March,Northern
JPN,2017,4,,,,7672.689,7672.689,2017-04-01,Asia,1.0,Showa Day,Spring_Holidays,Q2,April,Northern
JPN,2017,5,,,,7741.258,7741.258,2017-05-01,Asia,3.0,"Constitution Memorial Day, Greenery Day, Children's Day",Regular,Q2,May,Northern
JPN,2017,6,,,,7540.994,7540.994,2017-06-01,Asia,0.0,None,Regular,Q2,June,Northern
JPN,2017,7,,,,8324.882,8324.882,2017-07-01,Asia,2.0,"Star Festival, Sea Day",Summer_Holidays,Q3,July,Northern
JPN,2017,8,,,,9152.747,9152.747,2017-08-01,Asia,3.0,"Hiroshima Memorial Day, Nagasaki Memorial Day, Mountain Day",Summer_Holidays,Q3,August,Northern
JPN,2017,9,,,,8021.63,8021.63,2017-09-01,Asia,2.0,"Respect for the Aged Day, Autumn Equinox",Regular,Q3,September,Northern
JPN,2017,10,,,,8153.767,8153.767,2017-10-01,Asia,1.0,Health and Sports Day,Regular,Q4,October,Northern
JPN,2017,11,,,,8042.855,8042.855,2017-11-01,Asia,3.0,"7-5-3 Day, Culture Day, Labor Thanksgiving Day",Regular,Q4,November,Northern
JPN,2017,12,,,,7944.87,7944.87,2017-12-01,Asia,3.0,"Christmas, Emperor's Birthday, December 31 Bank Holiday",Winter_Holidays,Q4,December,Northern
KHM,2014,1,,,,602.683,602.683,2014-01-01,Other,2.0,"New Year, Victory over Genocide Day",Winter_Holidays,Q1,January,Northern
KHM,2014,2,,,,575.253,575.253,2014-02-01,Other,1.0,Meak Bochea Day,Regular,Q1,February,Northern
KHM,2014,3,,,,511.346,511.346,2014-03-01,Other,1.0,International Women Day,Spring_Holidays,Q1,March,Northern
KHM,2014,4,,,,423.073,423.073,2014-04-01,Other,3.0,"Khmer New Year Day (Day 1), Khmer New Year Day (Day 2), Khmer New Year Day (Day 3)",Spring_Holidays,Q2,April,Northern
KHM,2014,5,,,,371.656,371.656,2014-05-01,Other,7.0,"Mother's Day, Labour Day, Visak Bochea Day",Regular,Q2,May,Northern
KHM,2014,6,,,,341.332,341.332,2014-06-01,Other,3.0,"Father's Day, King's Mother's Birthday, International Children Day",Regular,Q2,June,Northern
KHM,2014,7,,,,417.094,417.094,2014-07-01,Other,0.0,None,Regular,Q3,July,Northern
KHM,2014,8,,,,462.824,462.824,2014-08-01,Other,0.0,None,Regular,Q3,August,Northern
KHM,2014,9,,,,382.773,382.773,2014-09-01,Other,1.0,Constitutional Day,Regular,Q3,September,Northern
KHM,2014,10,,,,448.815,448.815,2014-10-01,Other,5.0,"Paris Peace Agreement's Day, Pchum Ben Festival (Day 1), Pchum Ben Festival (Day 2)",Regular,Q4,October,Northern
KHM,2014,11,,,,538.849,538.849,2014-11-01,Other,1.0,Independence Day,Regular,Q4,November,Northern
KHM,2014,12,,,,608.865,608.865,2014-12-01,Other,1.0,International Human Rights Day,Winter_Holidays,Q4,December,Northern
KHM,2015,1,,,,666.974,666.974,2015-01-01,Other,2.0,"New Year, Victory over Genocide Day",Winter_Holidays,Q1,January,Northern
KHM,2015,2,,,,626.319,626.319,2015-02-01,Other,1.0,Meak Bochea Day,Regular,Q1,February,Northern
KHM,2015,3,,,,583.234,583.234,2015-03-01,Other,1.0,International Women Day,Spring_Holidays,Q1,March,Northern
KHM,2015,4,,,,488.726,488.726,2015-04-01,Other,3.0,"Khmer New Year Day (Day 1), Khmer New Year Day (Day 2), Khmer New Year Day (Day 3)",Spring_Holidays,Q2,April,Northern
KHM,2015,5,,,,440.931,440.931,2015-05-01,Other,7.0,"Mother's Day, Labour Day, Visak Bochea Day",Regular,Q2,May,Northern
KHM,2015,6,,,,404.201,404.201,2015-06-01,Other,3.0,"King's Mother's Birthday, Father's Day, International Children Day",Regular,Q2,June,Northern
KHM,2015,7,,,,484.905,484.905,2015-07-01,Other,0.0,None,Regular,Q3,July,Northern
KHM,2015,8,,,,527.95,527.95,2015-08-01,Other,0.0,None,Regular,Q3,August,Northern
KHM,2015,9,,,,429.219,429.219,2015-09-01,Other,1.0,Constitutional Day,Regular,Q3,September,Northern
KHM,2015,10,,,,494.523,494.523,2015-10-01,Other,5.0,"Paris Peace Agreement's Day, Pchum Ben Festival (Day 1), Pchum Ben Festival (Day 2)",Regular,Q4,October,Northern
KHM,2015,11,,,,591.871,591.871,2015-11-01,Other,4.0,"Independence Day, Water Festival Ceremony (Day 1), Water Festival Ceremony (Day 2)",Regular,Q4,November,Northern
KHM,2015,12,,,,636.728,636.728,2015-12-01,Other,1.0,International Human Rights Day,Winter_Holidays,Q4,December,Northern
KHM,2016,1,,,,696.131,696.131,2016-01-01,Other,2.0,"New Year, Victory over Genocide Day",Winter_Holidays,Q1,January,Northern
KHM,2016,2,,,,684.93,684.93,2016-02-01,Other,1.0,Meak Bochea Day,Regular,Q1,February,Northern
KHM,2016,3,,,,619.113,619.113,2016-03-01,Other,1.0,International Women Day,Spring_Holidays,Q1,March,Northern
KHM,2016,4,,,,509.691,509.691,2016-04-01,Other,3.0,"Khmer New Year Day (Day 1), Khmer New Year Day (Day 2), Khmer New Year Day (Day 3)",Spring_Holidays,Q2,April,Northern
KHM,2016,5,,,,459.088,459.088,2016-05-01,Other,9.0,"Mother's Day, Labour Day, Labour Day observed",Regular,Q2,May,Northern
KHM,2016,6,,,,443.854,443.854,2016-06-01,Other,3.0,"King's Mother's Birthday, Father's Day, International Children Day",Regular,Q2,June,Northern
KHM,2016,7,,,,537.537,537.537,2016-07-01,Other,0.0,None,Regular,Q3,July,Northern
KHM,2016,8,,,,571.048,571.048,2016-08-01,Other,0.0,None,Regular,Q3,August,Northern
KHM,2016,9,,,,493.865,493.865,2016-09-01,Other,2.0,"Constitutional Day, Pchum Ben Festival (Day 1)",Regular,Q3,September,Northern
KHM,2016,10,,,,562.389,562.389,2016-10-01,Other,4.0,"Paris Peace Agreement's Day, Pchum Ben Festival (Day 2), Commemoration Day of King's Father",Regular,Q4,October,Northern
KHM,2016,11,,,,682.052,682.052,2016-11-01,Other,4.0,"Independence Day, Water Festival Ceremony (Day 1), Water Festival Ceremony (Day 2)",Regular,Q4,November,Northern
KHM,2016,12,,,,764.042,764.042,2016-12-01,Other,1.0,International Human Rights Day,Winter_Holidays,Q4,December,Northern
KHM,2017,1,,,,833.092,833.092,2017-01-01,Other,2.0,"New Year, Victory over Genocide Day",Winter_Holidays,Q1,January,Northern
KHM,2017,2,,,,779.587,779.587,2017-02-01,Other,1.0,Meak Bochea Day,Regular,Q1,February,Northern
KHM,2017,3,,,,747.177,747.177,2017-03-01,Other,1.0,International Women Day,Spring_Holidays,Q1,March,Northern
KOR,2014,1,,,,8230.934,8230.934,2014-01-01,Asia,2.0,"Seollal Holiday, Seollal",Winter_Holidays,Q1,January,Northern
KOR,2014,2,,,,7819.702,7819.702,2014-02-01,Asia,1.0,Seollal Holiday,Regular,Q1,February,Northern
KOR,2014,3,,,,8037.649,8037.649,2014-03-01,Asia,1.0,Independence Movement Day,Spring_Holidays,Q1,March,Northern
KOR,2014,4,,,,8919.063,8919.063,2014-04-01,Asia,1.0,Arbor Day,Spring_Holidays,Q2,April,Northern
KOR,2014,5,,,,8559.828,8559.828,2014-05-01,Asia,5.0,"Parents' Day, Teacher's Day, Labor Day",Regular,Q2,May,Northern
KOR,2014,6,,,,8815.809,8815.809,2014-06-01,Asia,1.0,Memorial Day,Regular,Q2,June,Northern
KOR,2014,7,,,,9546.045,9546.045,2014-07-01,Asia,1.0,Constitution Day,Summer_Holidays,Q3,July,Northern
KOR,2014,8,,,,10466.835,10466.835,2014-08-01,Asia,1.0,Liberation Day,Summer_Holidays,Q3,August,Northern
KOR,2014,9,,,,9074.21,9074.21,2014-09-01,Asia,4.0,"Chuseok Holiday, Chuseok",Regular,Q3,September,Northern
KOR,2014,10,,,,9958.899,9958.899,2014-10-01,Asia,3.0,"Armed Forces Day, National Foundation Day, Hangeul Proclamation Day",Regular,Q4,October,Northern
KOR,2014,11,,,,8894.688,8894.688,2014-11-01,Asia,0.0,None,Regular,Q4,November,Northern
KOR,2014,12,,,,8627.794,8627.794,2014-12-01,Asia,3.0,"Christmas Eve, New Year's Eve, Christmas Day",Winter_Holidays,Q4,December,Northern
KOR,2015,1,,,,9528.792,9528.792,2015-01-01,Asia,0.0,None,Regular,Q1,January,Northern
KOR,2015,2,,,,9120.053,9120.053,2015-02-01,Asia,3.0,"Seollal Holiday, Seollal",Regular,Q1,February,Northern
KOR,2015,3,,,,9404.037,9404.037,2015-03-01,Asia,1.0,Independence Movement Day,Spring_Holidays,Q1,March,Northern
KOR,2015,4,,,,10401.118,10401.118,2015-04-01,Asia,1.0,Arbor Day,Spring_Holidays,Q2,April,Northern
KOR,2015,5,,,,10734.203,10734.203,2015-05-01,Asia,5.0,"Parents' Day, Teacher's Day, Labor Day",Regular,Q2,May,Northern
KOR,2015,6,,,,8034.695,8034.695,2015-06-01,Asia,1.0,Memorial Day,Regular,Q2,June,Northern
KOR,2015,7,,,,9017.083,9017.083,2015-07-01,Asia,1.0,Constitution Day,Summer_Holidays,Q3,July,Northern
KOR,2015,8,,,,11029.81,11029.81,2015-08-01,Asia,2.0,Liberation Day,Summer_Holidays,Q3,August,Northern
KOR,2015,9,,,,9896.637,9896.637,2015-09-01,Asia,4.0,"Chuseok Holiday, Chuseok",Regular,Q3,September,Northern
KOR,2015,10,,,,11198.01,11198.01,2015-10-01,Asia,3.0,"Armed Forces Day, National Foundation Day, Hangeul Proclamation Day",Regular,Q4,October,Northern
KOR,2015,11,,,,10177.739,10177.739,2015-11-01,Asia,0.0,None,Regular,Q4,November,Northern
KOR,2015,12,,,,10028.718,10028.718,2015-12-01,Asia,3.0,"Christmas Eve, New Year's Eve, Christmas Day",Winter_Holidays,Q4,December,Northern
KOR,2016,1,,,,10705.692,10705.692,2016-01-01,Asia,0.0,None,Regular,Q1,January,Northern
KOR,2016,2,,,,10506.878,10506.878,2016-02-01,Asia,5.0,"Valentine's Day, Seollal Holiday, Seollal",Regular,Q1,February,Northern
KOR,2016,3,,,,10194.333,10194.333,2016-03-01,Asia,1.0,Independence Movement Day,Spring_Holidays,Q1,March,Northern
KOR,2016,4,,,,11147.32,11147.32,2016-04-01,Asia,2.0,"Arbor Day, National Assembly Election Day",Spring_Holidays,Q2,April,Northern
KOR,2016,5,,,,11255.935,11255.935,2016-05-01,Asia,6.0,"Parents' Day, Teacher's Day, Labor Day",Regular,Q2,May,Northern
KOR,2016,6,,,,11476.67,11476.67,2016-06-01,Asia,1.0,Memorial Day,Regular,Q2,June,Northern
KOR,2016,7,,,,12398.017,12398.017,2016-07-01,Asia,1.0,Constitution Day,Summer_Holidays,Q3,July,Northern
KOR,2016,8,,,,12863.985,12863.985,2016-08-01,Asia,1.0,Liberation Day,Summer_Holidays,Q3,August,Northern
KOR,2016,9,,,,11382.366,11382.366,2016-09-01,Asia,3.0,"Chuseok Holiday, Chuseok",Regular,Q3,September,Northern
KOR,2016,10,,,,12120.884,12120.884,2016-10-01,Asia,4.0,"Armed Forces Day, Halloween, National Foundation Day",Regular,Q4,October,Northern
KOR,2016,11,,,,10932.095,10932.095,2016-11-01,Asia,0.0,None,Regular,Q4,November,Northern
KOR,2016,12,,,,11154.082,11154.082,2016-12-01,Asia,3.0,"Christmas Eve, New Year's Eve, Christmas Day",Winter_Holidays,Q4,December,Northern
KOR,2017,1,,,,12101.968,12101.968,2017-01-01,Asia,3.0,"Seollal Holiday, Seollal",Winter_Holidays,Q1,January,Northern
KOR,2017,2,,,,11219.43,11219.43,2017-02-01,Asia,1.0,Valentine's Day,Regular,Q1,February,Northern
KOR,2017,3,,,,11064.012,11064.012,2017-03-01,Asia,1.0,Independence Movement Day,Spring_Holidays,Q1,March,Northern
KOR,2017,4,,,,11679.304,11679.304,2017-04-01,Asia,1.0,Arbor Day,Spring_Holidays,Q2,April,Northern
KOR,2017,5,,,,11795.258,11795.258,2017-05-01,Asia,6.0,"Parents' Day, Teacher's Day, Labor Day",Regular,Q2,May,Northern
KOR,2017,6,,,,11814.121,11814.121,2017-06-01,Asia,1.0,Memorial Day,Regular,Q2,June,Northern
KOR,2017,7,,,,12269.205,12269.205,2017-07-01,Asia,1.0,Constitution Day,Summer_Holidays,Q3,July,Northern
KOR,2017,8,,,,13020.441,13020.441,2017-08-01,Asia,1.0,Liberation Day,Summer_Holidays,Q3,August,Northern
KOR,2017,9,,,,11965.267,11965.267,2017-09-01,Asia,0.0,None,Regular,Q3,September,Northern
KOR,2017,10,,,,12412.224,12412.224,2017-10-01,Asia,8.0,"Armed Forces Day, Halloween, Chuseok Holiday",Regular,Q4,October,Northern
KOR,2017,11,,,,11783.831,11783.831,2017-11-01,Asia,0.0,None,Regular,Q4,November,Northern
KOR,2017,12,,,,12026.094,12026.094,2017-12-01,Asia,3.0,"Christmas Eve, New Year's Eve, Christmas Day",Winter_Holidays,Q4,December,Northern
KOS,2010,1,,,,96.732,96.732,2010-01-01,Other,3.0,"New Year's Day, Second Day of New Year, Christmas Day",Winter_Holidays,Q1,January,Northern
KOS,2010,2,,,,76.734,76.734,2010-02-01,Other,2.0,"Day of Ashakalia, Independence Day of the Republic of Kosovo",Regular,Q1,February,Northern
KOS,2010,3,,,,87.045,87.045,2010-03-01,Other,1.0,Day of Memorial and Respect for Veterans,Spring_Holidays,Q1,March,Northern
KOS,2010,4,,,,83.548,83.548,2010-04-01,Other,5.0,"Day of Romas, Day of Turks, Easter",Spring_Holidays,Q2,April,Northern
KOS,2010,5,,,,102.349,102.349,2010-05-01,Other,3.0,"Day of Gorans, International Labour Day, Europe Day",Regular,Q2,May,Northern
KOS,2010,6,,,,111.614,111.614,2010-06-01,Other,1.0,Peace Day,Regular,Q2,June,Northern
KOS,2010,7,,,,169.523,169.523,2010-07-01,Other,0.0,None,Regular,Q3,July,Northern
KOS,2011,1,,,,107.749,107.749,2011-01-01,Other,3.0,"New Year's Day, Second Day of New Year, Christmas Day",Winter_Holidays,Q1,January,Northern
KOS,2011,2,,,,81.837,81.837,2011-02-01,Other,2.0,"Day of Ashakalia, Independence Day of the Republic of Kosovo",Regular,Q1,February,Northern
KOS,2011,3,,,,90.585,90.585,2011-03-01,Other,1.0,Day of Memorial and Respect for Veterans,Spring_Holidays,Q1,March,Northern
KOS,2011,4,,,,112.116,112.116,2011-04-01,Other,5.0,"Day of Romas, Day of Turks, Constitution Day of the Republic of Kosovo",Spring_Holidays,Q2,April,Northern
KOS,2011,5,,,,103.87,103.87,2011-05-01,Other,3.0,"Day of Gorans, International Labour Day, Europe Day",Regular,Q2,May,Northern
KOS,2011,6,,,,120.058,120.058,2011-06-01,Other,1.0,Peace Day,Regular,Q2,June,Northern
KOS,2011,7,,,,185.811,185.811,2011-07-01,Other,0.0,None,Regular,Q3,July,Northern
KOS,2011,8,,,,172.81,172.81,2011-08-01,Other,1.0,Eid al-Fitr,Summer_Holidays,Q3,August,Northern
KOS,2011,9,,,,122.949,122.949,2011-09-01,Other,1.0,Day of Bosnians,Regular,Q3,September,Northern
KOS,2011,10,,,,115.071,115.071,2011-10-01,Other,0.0,None,Regular,Q4,October,Northern
KOS,2011,12,,,,113.157,113.157,2011-12-01,Other,2.0,"New Year's Eve, Christmas Day",Winter_Holidays,Q4,December,Northern
KOS,2012,1,,,,112.961,112.961,2012-01-01,Other,3.0,"New Year's Day, Second Day of New Year, Christmas Day",Winter_Holidays,Q1,January,Northern
KOS,2012,2,,,,80.196,80.196,2012-02-01,Other,2.0,"Day of Ashakalia, Independence Day of the Republic of Kosovo",Regular,Q1,February,Northern
KOS,2012,3,,,,99.54,99.54,2012-03-01,Other,1.0,Day of Memorial and Respect for Veterans,Spring_Holidays,Q1,March,Northern
KOS,2012,4,,,,119.484,119.484,2012-04-01,Other,5.0,"Day of Romas, Day of Turks, Easter",Spring_Holidays,Q2,April,Northern
KOS,2012,5,,,,114.14,114.14,2012-05-01,Other,3.0,"Day of Gorans, International Labour Day, Europe Day",Regular,Q2,May,Northern
KOS,2012,6,,,,131.983,131.983,2012-06-01,Other,1.0,Peace Day,Regular,Q2,June,Northern
KOS,2012,7,,,,197.331,197.331,2012-07-01,Other,0.0,None,Regular,Q3,July,Northern
KOS,2012,8,,,,196.047,196.047,2012-08-01,Other,1.0,Eid al-Fitr,Summer_Holidays,Q3,August,Northern
KOS,2012,9,,,,136.59,136.59,2012-09-01,Other,1.0,Day of Bosnians,Regular,Q3,September,Northern
KOS,2012,10,,,,117.935,117.935,2012-10-01,Other,1.0,Eid al Addha,Regular,Q4,October,Northern
KOS,2012,11,,,,97.923,97.923,2012-11-01,Other,1.0,Day of Albanians,Regular,Q4,November,Northern
KOS,2012,12,,,,123.004,123.004,2012-12-01,Other,2.0,"New Year's Eve, Christmas Day",Winter_Holidays,Q4,December,Northern
KOS,2013,1,,,,119.714,119.714,2013-01-01,Other,3.0,"New Year's Day, Second Day of New Year, Christmas Day",Winter_Holidays,Q1,January,Northern
KOS,2013,2,,,,102.217,102.217,2013-02-01,Other,3.0,"Day of Ashakalia, Independence Day of the Republic of Kosovo, Independence Day of the Republic of Kosovo observed",Regular,Q1,February,Northern
KOS,2013,3,,,,126.132,126.132,2013-03-01,Other,2.0,"Day of Memorial and Respect for Veterans, Easter",Spring_Holidays,Q1,March,Northern
KOS,2013,4,,,,134.272,134.272,2013-04-01,Other,4.0,"Day of Romas, Day of Turks, Easter Monday",Spring_Holidays,Q2,April,Northern
KOS,2013,5,,,,132.61,132.61,2013-05-01,Other,3.0,"Day of Gorans, International Labour Day, Europe Day",Regular,Q2,May,Northern
KOS,2013,6,,,,141.1,141.1,2013-06-01,Other,1.0,Peace Day,Regular,Q2,June,Northern
KOS,2013,7,,,,198.443,198.443,2013-07-01,Other,0.0,None,Regular,Q3,July,Northern
KOS,2013,8,,,,221.196,221.196,2013-08-01,Other,1.0,Eid al-Fitr,Summer_Holidays,Q3,August,Northern
KOS,2013,9,,,,140.005,140.005,2013-09-01,Other,1.0,Day of Bosnians,Regular,Q3,September,Northern
KOS,2013,10,,,,124.943,124.943,2013-10-01,Other,1.0,Eid al Addha,Regular,Q4,October,Northern
KOS,2014,1,,,,95.327,95.327,2014-01-01,Other,3.0,"New Year's Day, Second Day of New Year, Christmas Day",Winter_Holidays,Q1,January,Northern
KOS,2014,2,,,,83.154,83.154,2014-02-01,Other,2.0,"Day of Ashakalia, Independence Day of the Republic of Kosovo",Regular,Q1,February,Northern
KOS,2014,3,,,,97.293,97.293,2014-03-01,Other,1.0,Day of Memorial and Respect for Veterans,Spring_Holidays,Q1,March,Northern
KOS,2014,4,,,,114.757,114.757,2014-04-01,Other,5.0,"Day of Romas, Day of Turks, Constitution Day of the Republic of Kosovo",Spring_Holidays,Q2,April,Northern
KOS,2014,5,,,,115.025,115.025,2014-05-01,Other,3.0,"Day of Gorans, International Labour Day, Europe Day",Regular,Q2,May,Northern
KOS,2014,6,,,,120.614,120.614,2014-06-01,Other,1.0,Peace Day,Regular,Q2,June,Northern
KOS,2014,7,,,,161.709,161.709,2014-07-01,Other,1.0,Eid al-Fitr,Summer_Holidays,Q3,July,Northern
KOS,2014,8,,,,193.446,193.446,2014-08-01,Other,0.0,None,Regular,Q3,August,Northern
KOS,2014,9,,,,121.103,121.103,2014-09-01,Other,1.0,Day of Bosnians,Regular,Q3,September,Northern
KOS,2014,10,,,,114.268,114.268,2014-10-01,Other,1.0,Eid al Addha,Regular,Q4,October,Northern
KOS,2014,11,,,,96.867,96.867,2014-11-01,Other,1.0,Day of Albanians,Regular,Q4,November,Northern
KOS,2014,12,,,,113.709,113.709,2014-12-01,Other,2.0,"New Year's Eve, Christmas Day",Winter_Holidays,Q4,December,Northern
KOS,2015,1,,,,108.611,108.611,2015-01-01,Other,3.0,"New Year's Day, Second Day of New Year, Christmas Day",Winter_Holidays,Q1,January,Northern
KOS,2015,2,,,,88.28,88.28,2015-02-01,Other,2.0,"Day of Ashakalia, Independence Day of the Republic of Kosovo",Regular,Q1,February,Northern
KOS,2015,3,,,,103.54,103.54,2015-03-01,Other,1.0,Day of Memorial and Respect for Veterans,Spring_Holidays,Q1,March,Northern
KOS,2015,4,,,,128.125,128.125,2015-04-01,Other,5.0,"Day of Romas, Day of Turks, Easter",Spring_Holidays,Q2,April,Northern
KOS,2015,5,,,,130.483,130.483,2015-05-01,Other,4.0,"Day of Gorans, International Labour Day, Europe Day",Regular,Q2,May,Northern
KOS,2015,6,,,,131.949,131.949,2015-06-01,Other,1.0,Peace Day,Regular,Q2,June,Northern
KOS,2015,7,,,,194.59,194.59,2015-07-01,Other,1.0,Eid al-Fitr,Summer_Holidays,Q3,July,Northern
KOS,2015,8,,,,215.47,215.47,2015-08-01,Other,0.0,None,Regular,Q3,August,Northern
KOS,2015,9,,,,138.196,138.196,2015-09-01,Other,2.0,"Day of Bosnians, Eid al Addha",Regular,Q3,September,Northern
KOS,2015,10,,,,127.737,127.737,2015-10-01,Other,0.0,None,Regular,Q4,October,Northern
KOS,2015,11,,,,103.918,103.918,2015-11-01,Other,1.0,Day of Albanians,Regular,Q4,November,Northern
KOS,2015,12,,,,108.507,108.507,2015-12-01,Other,2.0,"New Year's Eve, Christmas Day",Winter_Holidays,Q4,December,Northern
KOS,2016,1,,,,122.217,122.217,2016-01-01,Other,4.0,"New Year's Day, Second Day of New Year, Second Day of New Year observed",Winter_Holidays,Q1,January,Northern
KOS,2016,2,,,,107.961,107.961,2016-02-01,Other,2.0,"Day of Ashakalia, Independence Day of the Republic of Kosovo",Regular,Q1,February,Northern
KOS,2016,3,,,,127.25,127.25,2016-03-01,Other,3.0,"Day of Memorial and Respect for Veterans, Easter, Easter Monday",Spring_Holidays,Q1,March,Northern
KOS,2016,4,,,,146.134,146.134,2016-04-01,Other,4.0,"Day of Romas, Day of Turks, Constitution Day of the Republic of Kosovo",Spring_Holidays,Q2,April,Northern
KOS,2016,5,,,,144.504,144.504,2016-05-01,Other,4.0,"Day of Gorans, International Labour Day, International Labour Day observed",Regular,Q2,May,Northern
KOS,2016,6,,,,141.179,141.179,2016-06-01,Other,1.0,Peace Day,Regular,Q2,June,Northern
KOS,2016,7,,,,209.053,209.053,2016-07-01,Other,1.0,Eid al-Fitr,Summer_Holidays,Q3,July,Northern
KOS,2016,8,,,,216.972,216.972,2016-08-01,Other,0.0,None,Regular,Q3,August,Northern
KOS,2016,9,,,,147.357,147.357,2016-09-01,Other,2.0,"Day of Bosnians, Eid al Addha",Regular,Q3,September,Northern
KOS,2016,10,,,,147.892,147.892,2016-10-01,Other,0.0,None,Regular,Q4,October,Northern
KOS,2016,11,,,,111.635,111.635,2016-11-01,Other,1.0,Day of Albanians,Regular,Q4,November,Northern
KOS,2016,12,,,,134.792,134.792,2016-12-01,Other,3.0,"New Year's Eve, Christmas Day, Christmas Day observed",Winter_Holidays,Q4,December,Northern
KOS,2017,1,,,,122.844,122.844,2017-01-01,Other,5.0,"New Year's Day, New Year's Day observed, Second Day of New Year",Winter_Holidays,Q1,January,Northern
KOS,2017,2,,,,108.27,108.27,2017-02-01,Other,2.0,"Day of Ashakalia, Independence Day of the Republic of Kosovo",Regular,Q1,February,Northern
KOS,2017,3,,,,126.225,126.225,2017-03-01,Other,1.0,Day of Memorial and Respect for Veterans,Spring_Holidays,Q1,March,Northern
KOS,2017,4,,,,172.339,172.339,2017-04-01,Other,6.0,"Day of Romas, Day of Turks, Constitution Day of the Republic of Kosovo",Spring_Holidays,Q2,April,Northern
KOS,2017,5,,,,148.212,148.212,2017-05-01,Other,3.0,"Day of Gorans, International Labour Day, Europe Day",Regular,Q2,May,Northern
KOS,2017,6,,,,144.424,144.424,2017-06-01,Other,2.0,"Peace Day, Eid al-Fitr",Regular,Q2,June,Northern
KOS,2017,7,,,,234.139,234.139,2017-07-01,Other,0.0,None,Regular,Q3,July,Northern
KOS,2017,8,,,,241.56,241.56,2017-08-01,Other,0.0,None,Regular,Q3,August,Northern
KOS,2017,9,,,,169.524,169.524,2017-09-01,Other,2.0,"Day of Bosnians, Eid al Addha",Regular,Q3,September,Northern
KOS,2017,10,,,,150.366,150.366,2017-10-01,Other,0.0,None,Regular,Q4,October,Northern
KOS,2017,11,,,,116.84,116.84,2017-11-01,Other,1.0,Day of Albanians,Regular,Q4,November,Northern
KOS,2017,12,,,,150.393,150.393,2017-12-01,Other,2.0,"New Year's Eve, Christmas Day",Winter_Holidays,Q4,December,Northern
LCA,2015,1,,,,78.403,78.403,2015-01-01,Other,1.0,New Year holiday,Winter_Holidays,Q1,January,Northern
LCA,2015,2,,,,73.365,73.365,2015-02-01,Other,1.0,Independence Day,Regular,Q1,February,Northern
LCA,2015,3,,,,81.894,81.894,2015-03-01,Other,0.0,None,Regular,Q1,March,Northern
LCA,2015,4,,,,73.693,73.693,2015-04-01,Other,2.0,"Good Friday, Easter Monday",Spring_Holidays,Q2,April,Northern
LCA,2015,5,,,,67.987,67.987,2015-05-01,Other,2.0,"Labor Day / May Day, Whit Monday",Regular,Q2,May,Northern
LCA,2015,6,,,,62.428,62.428,2015-06-01,Other,1.0,Corpus Christi,Regular,Q2,June,Northern
LCA,2015,7,,,,73.587,73.587,2015-07-01,Other,0.0,None,Regular,Q3,July,Northern
LCA,2015,8,,,,72.543,72.543,2015-08-01,Other,1.0,Emancipation Day,Summer_Holidays,Q3,August,Northern
LCA,2015,9,,,,46.368,46.368,2015-09-01,Other,0.0,None,Regular,Q3,September,Northern
LCA,2015,10,,,,57.23,57.23,2015-10-01,Other,1.0,Thanksgiving Day,Regular,Q4,October,Northern
LCA,2015,11,,,,62.152,62.152,2015-11-01,Other,0.0,None,Regular,Q4,November,Northern
LCA,2015,12,,,,74.278,74.278,2015-12-01,Other,3.0,"National Day, Christmas Day, Boxing Day",Winter_Holidays,Q4,December,Northern
LCA,2016,1,,,,79.122,79.122,2016-01-01,Other,1.0,New Year holiday,Winter_Holidays,Q1,January,Northern
LCA,2016,2,,,,73.773,73.773,2016-02-01,Other,1.0,Independence Day,Regular,Q1,February,Northern
LCA,2016,3,,,,82.398,82.398,2016-03-01,Other,2.0,"Good Friday, Easter Monday",Spring_Holidays,Q1,March,Northern
LCA,2016,4,,,,73.784,73.784,2016-04-01,Other,0.0,None,Regular,Q2,April,Northern
LCA,2016,5,,,,69.626,69.626,2016-05-01,Other,3.0,"Labor Day / May Day, Whit Monday, Corpus Christi",Regular,Q2,May,Northern
LCA,2016,6,,,,63.701,63.701,2016-06-01,Other,0.0,None,Regular,Q2,June,Northern
LCA,2016,7,,,,76.984,76.984,2016-07-01,Other,0.0,None,Regular,Q3,July,Northern
LCA,2016,8,,,,74.098,74.098,2016-08-01,Other,1.0,Emancipation Day,Summer_Holidays,Q3,August,Northern
LCA,2016,9,,,,49.57,49.57,2016-09-01,Other,0.0,None,Regular,Q3,September,Northern
LCA,2016,10,,,,57.655,57.655,2016-10-01,Other,1.0,Thanksgiving Day,Regular,Q4,October,Northern
LCA,2016,11,,,,62.783,62.783,2016-11-01,Other,0.0,None,Regular,Q4,November,Northern
LCA,2016,12,,,,77.202,77.202,2016-12-01,Other,3.0,"National Day, Christmas Day, Boxing Day",Winter_Holidays,Q4,December,Northern
LCA,2017,1,,,,80.934,80.934,2017-01-01,Other,1.0,New Year holiday,Winter_Holidays,Q1,January,Northern
LCA,2017,2,,,,76.592,76.592,2017-02-01,Other,1.0,Independence Day,Regular,Q1,February,Northern
LCA,2017,3,,,,83.742,83.742,2017-03-01,Other,0.0,None,Regular,Q1,March,Northern
LCA,2017,4,,,,82.537,82.537,2017-04-01,Other,2.0,"Good Friday, Easter Monday",Spring_Holidays,Q2,April,Northern
LCA,2017,5,,,,70.337,70.337,2017-05-01,Other,1.0,Labor Day / May Day,Regular,Q2,May,Northern
LCA,2017,6,,,,71.532,71.532,2017-06-01,Other,2.0,"Whit Monday, Corpus Christi",Regular,Q2,June,Northern
LCA,2017,7,,,,82.949,82.949,2017-07-01,Other,0.0,None,Regular,Q3,July,Northern
LCA,2017,8,,,,79.909,79.909,2017-08-01,Other,1.0,Emancipation Day,Summer_Holidays,Q3,August,Northern
LCA,2017,9,,,,50.184,50.184,2017-09-01,Other,0.0,None,Regular,Q3,September,Northern
LTU,2010,1,135.588,0.006,135.582,128.891,135.588,2010-01-01,Other,1.0,New Year's Day,Winter_Holidays,Q1,January,Northern
LTU,2010,2,126.238,0.008,126.23,120.266,126.238,2010-02-01,Other,3.0,"Valentine's Day, Carnival, Independence Restoration Day",Regular,Q1,February,Northern
LTU,2010,3,167.915,0.007,167.908,161.195,167.915,2010-03-01,Other,1.0,Independence Day/National Day,Spring_Holidays,Q1,March,Northern
LTU,2010,4,141.447,0.005,141.442,134.967,141.447,2010-04-01,Other,4.0,"Good Friday, Holy Saturday, Easter Sunday",Spring_Holidays,Q2,April,Northern
LTU,2010,5,214.385,0.014,214.371,205.678,214.385,2010-05-01,Other,2.0,"Mothers' Day, Labour Day",Regular,Q2,May,Northern
LTU,2010,6,241.179,,241.179,230.237,241.179,2010-06-01,Other,2.0,"Fathers' Day, St John's Day/Day of Dew",Regular,Q2,June,Northern
LTU,2010,7,251.326,0.145,251.181,239.337,251.326,2010-07-01,Other,1.0,King Mindaugas? Coronation Day,Summer_Holidays,Q3,July,Northern
LTU,2010,8,247.576,,247.576,237.53,247.576,2010-08-01,Other,1.0,Feast of the Assumption of Mary,Summer_Holidays,Q3,August,Northern
LTU,2010,9,219.929,0.003,219.926,210.512,219.929,2010-09-01,Other,0.0,None,Regular,Q3,September,Northern
LTU,2010,10,204.246,0.024,204.222,195.839,204.246,2010-10-01,Other,1.0,Halloween,Regular,Q4,October,Northern
LTU,2010,11,172.006,0.002,172.004,164.216,172.006,2010-11-01,Other,1.0,All Saints' Day,Regular,Q4,November,Northern
LTU,2010,12,160.999,0.006,160.993,154.943,160.999,2010-12-01,Other,4.0,"New Year's Eve, Christmas Eve, Christmas Day",Winter_Holidays,Q4,December,Northern
LTU,2011,1,159.451,,159.451,151.828,159.451,2011-01-01,Other,1.0,New Year's Day,Winter_Holidays,Q1,January,Northern
LTU,2011,2,146.14,,146.14,139.277,146.14,2011-02-01,Other,2.0,"Valentine's Day, Independence Restoration Day",Regular,Q1,February,Northern
LTU,2011,3,176.595,,176.595,168.362,176.595,2011-03-01,Other,2.0,"Carnival, Independence Day/National Day",Spring_Holidays,Q1,March,Northern
LTU,2011,4,197.859,0.001,197.858,190.084,197.859,2011-04-01,Other,4.0,"Good Friday, Holy Saturday, Easter Sunday",Spring_Holidays,Q2,April,Northern
LTU,2011,5,254.462,,254.462,245.415,254.462,2011-05-01,Other,2.0,"Mothers' Day, Labour Day",Regular,Q2,May,Northern
LTU,2011,6,269.354,,269.354,259.449,269.354,2011-06-01,Other,2.0,"Fathers' Day, St John's Day/Day of Dew",Regular,Q2,June,Northern
LTU,2011,7,277.276,0.004,277.272,266.19,277.276,2011-07-01,Other,1.0,King Mindaugas? Coronation Day,Summer_Holidays,Q3,July,Northern
LTU,2011,8,277.957,,277.957,266.9,277.957,2011-08-01,Other,1.0,Feast of the Assumption of Mary,Summer_Holidays,Q3,August,Northern
LTU,2011,9,258.06,0.005,258.055,248.534,258.06,2011-09-01,Other,0.0,None,Regular,Q3,September,Northern
LTU,2011,10,247.729,0.004,247.725,240.053,247.729,2011-10-01,Other,1.0,Halloween,Regular,Q4,October,Northern
LTU,2011,11,211.285,0.004,211.281,201.702,211.285,2011-11-01,Other,1.0,All Saints' Day,Regular,Q4,November,Northern
LTU,2011,12,215.823,0.008,215.815,207.291,215.823,2011-12-01,Other,4.0,"New Year's Eve, Christmas Eve, Christmas Day",Winter_Holidays,Q4,December,Northern
LTU,2012,1,208.051,,208.051,208.224,208.051,2012-01-01,Other,1.0,New Year's Day,Winter_Holidays,Q1,January,Northern
LTU,2012,2,191.824,,191.824,191.94,191.824,2012-02-01,Other,3.0,"Valentine's Day, Carnival, Independence Restoration Day",Regular,Q1,February,Northern
LTU,2012,3,224.796,0.005,224.791,224.73,224.796,2012-03-01,Other,1.0,Independence Day/National Day,Spring_Holidays,Q1,March,Northern
LTU,2012,4,246.725,0.004,246.721,246.817,246.725,2012-04-01,Other,4.0,"Good Friday, Holy Saturday, Easter Sunday",Spring_Holidays,Q2,April,Northern
LTU,2012,5,284.485,0.019,284.466,284.008,284.485,2012-05-01,Other,2.0,"Mothers' Day, Labour Day",Regular,Q2,May,Northern
LTU,2012,6,325.816,,325.816,326.267,325.816,2012-06-01,Other,2.0,"Fathers' Day, St John's Day/Day of Dew",Regular,Q2,June,Northern
LTU,2012,7,338.86,0.021,338.839,338.824,338.86,2012-07-01,Other,1.0,King Mindaugas? Coronation Day,Summer_Holidays,Q3,July,Northern
LTU,2012,8,334.171,,334.171,334.066,334.171,2012-08-01,Other,1.0,Feast of the Assumption of Mary,Summer_Holidays,Q3,August,Northern
LTU,2012,9,298.72,,298.72,298.801,298.72,2012-09-01,Other,0.0,None,Regular,Q3,September,Northern
LTU,2012,10,281.707,0.045,281.662,281.746,281.707,2012-10-01,Other,1.0,Halloween,Regular,Q4,October,Northern
LTU,2012,11,218.118,0.011,218.107,217.454,218.118,2012-11-01,Other,1.0,All Saints' Day,Regular,Q4,November,Northern
LTU,2012,12,213.355,0.006,213.349,213.217,213.355,2012-12-01,Other,4.0,"New Year's Eve, Christmas Eve, Christmas Day",Winter_Holidays,Q4,December,Northern
LTU,2013,1,208.858,,208.858,208.802,208.858,2013-01-01,Other,1.0,New Year's Day,Winter_Holidays,Q1,January,Northern
LTU,2013,2,188.677,0.005,188.672,188.87,188.677,2013-02-01,Other,3.0,"Carnival, Valentine's Day, Independence Restoration Day",Regular,Q1,February,Northern
LTU,2013,3,226.89,,226.89,226.832,226.89,2013-03-01,Other,4.0,"Good Friday, Holy Saturday, Independence Day/National Day",Spring_Holidays,Q1,March,Northern
LTU,2013,4,272.823,,272.823,273.279,272.823,2013-04-01,Other,1.0,Easter Monday,Spring_Holidays,Q2,April,Northern
LTU,2013,5,316.506,0.015,316.491,316.556,316.506,2013-05-01,Other,2.0,"Mothers' Day, Labour Day",Regular,Q2,May,Northern
LTU,2013,6,349.189,0.03,349.159,349.268,349.189,2013-06-01,Other,2.0,"Fathers' Day, St John's Day/Day of Dew",Regular,Q2,June,Northern
LTU,2013,7,374.024,0.012,374.012,375.675,374.024,2013-07-01,Other,1.0,King Mindaugas? Coronation Day,Summer_Holidays,Q3,July,Northern
LTU,2013,8,370.828,0.01,370.818,371.904,370.828,2013-08-01,Other,1.0,Feast of the Assumption of Mary,Summer_Holidays,Q3,August,Northern
LTU,2013,9,345.048,0.041,345.007,345.909,345.048,2013-09-01,Other,0.0,None,Regular,Q3,September,Northern
LTU,2013,10,343.298,0.009,343.289,344.983,343.298,2013-10-01,Other,1.0,Halloween,Regular,Q4,October,Northern
LTU,2013,11,252.704,0.018,252.686,253.32,252.704,2013-11-01,Other,1.0,All Saints' Day,Regular,Q4,November,Northern
LTU,2013,12,233.513,0.008,233.505,234.308,233.513,2013-12-01,Other,4.0,"New Year's Eve, Christmas Eve, Christmas Day",Winter_Holidays,Q4,December,Northern
LTU,2014,1,220.606,0.014,220.592,221.117,220.606,2014-01-01,Other,1.0,New Year's Day,Winter_Holidays,Q1,January,Northern
LTU,2014,2,201.503,,201.503,202.262,201.503,2014-02-01,Other,2.0,"Valentine's Day, Independence Restoration Day",Regular,Q1,February,Northern
LTU,2014,3,240.029,,240.029,240.499,240.029,2014-03-01,Other,2.0,"Carnival, Independence Day/National Day",Spring_Holidays,Q1,March,Northern
LTU,2014,4,314.497,,314.497,315.684,314.497,2014-04-01,Other,4.0,"Good Friday, Holy Saturday, Easter Sunday",Spring_Holidays,Q2,April,Northern
LTU,2014,5,374.149,,374.149,376.239,374.149,2014-05-01,Other,2.0,"Mothers' Day, Labour Day",Regular,Q2,May,Northern
LTU,2014,6,390.726,0.157,390.569,392.3,390.726,2014-06-01,Other,2.0,"Fathers' Day, St John's Day/Day of Dew",Regular,Q2,June,Northern
LTU,2014,7,398.776,0.013,398.763,400.093,398.776,2014-07-01,Other,1.0,King Mindaugas? Coronation Day,Summer_Holidays,Q3,July,Northern
LTU,2014,8,398.92,,398.92,399.944,398.92,2014-08-01,Other,1.0,Feast of the Assumption of Mary,Summer_Holidays,Q3,August,Northern
LTU,2014,9,364.973,,364.973,366.796,364.973,2014-09-01,Other,0.0,None,Regular,Q3,September,Northern
LTU,2014,10,358.264,,358.264,359.498,358.264,2014-10-01,Other,1.0,Halloween,Regular,Q4,October,Northern
LTU,2014,11,274.198,0.012,274.186,274.079,274.198,2014-11-01,Other,1.0,All Saints' Day,Regular,Q4,November,Northern
LTU,2014,12,261.469,0.048,261.421,261.591,261.469,2014-12-01,Other,4.0,"New Year's Eve, Christmas Eve, Christmas Day",Winter_Holidays,Q4,December,Northern
LTU,2015,1,256.974,,256.974,256.948,256.974,2015-01-01,Other,1.0,New Year's Day,Winter_Holidays,Q1,January,Northern
LTU,2015,2,240.974,,240.974,240.993,240.974,2015-02-01,Other,3.0,"Valentine's Day, Carnival, Independence Restoration Day",Regular,Q1,February,Northern
LTU,2015,3,284.033,0.006,284.027,284.073,284.033,2015-03-01,Other,1.0,Independence Day/National Day,Spring_Holidays,Q1,March,Northern
LTU,2015,4,338.835,0.006,338.829,339.141,338.835,2015-04-01,Other,4.0,"Good Friday, Holy Saturday, Easter Sunday",Spring_Holidays,Q2,April,Northern
LTU,2015,5,398.327,,398.327,398.392,398.327,2015-05-01,Other,2.0,"Mothers' Day, Labour Day",Regular,Q2,May,Northern
LTU,2015,6,409.294,0.036,409.258,408.928,409.294,2015-06-01,Other,2.0,"Fathers' Day, St John's Day/Day of Dew",Regular,Q2,June,Northern
LTU,2015,7,419.566,0.003,419.563,419.479,419.566,2015-07-01,Other,1.0,King Mindaugas? Coronation Day,Summer_Holidays,Q3,July,Northern
LTU,2015,8,434.365,0.029,434.336,434.122,434.365,2015-08-01,Other,1.0,Feast of the Assumption of Mary,Summer_Holidays,Q3,August,Northern
LTU,2015,9,415.294,0.163,415.131,415.556,415.294,2015-09-01,Other,0.0,None,Regular,Q3,September,Northern
LTU,2015,10,415.821,0.012,415.809,416.057,415.821,2015-10-01,Other,1.0,Halloween,Regular,Q4,October,Northern
LTU,2015,11,313.121,0.015,313.106,313.002,313.121,2015-11-01,Other,1.0,All Saints' Day,Regular,Q4,November,Northern
LTU,2015,12,300.785,0.073,300.712,300.925,300.785,2015-12-01,Other,4.0,"New Year's Eve, Christmas Eve, Christmas Day",Winter_Holidays,Q4,December,Northern
LTU,2016,1,299.59,,299.59,299.619,299.59,2016-01-01,Other,1.0,New Year's Day,Winter_Holidays,Q1,January,Northern
LTU,2016,2,283.891,0.003,283.888,283.868,283.891,2016-02-01,Other,3.0,"Carnival, Valentine's Day, Independence Restoration Day",Regular,Q1,February,Northern
LTU,2016,3,330.386,0.005,330.381,330.53,330.386,2016-03-01,Other,5.0,"Good Friday, Holy Saturday, Independence Day/National Day",Spring_Holidays,Q1,March,Northern
LTU,2016,4,379.443,0.001,379.442,379.083,379.443,2016-04-01,Other,0.0,None,Regular,Q2,April,Northern
LTU,2016,5,449.543,0.119,449.424,449.636,449.543,2016-05-01,Other,2.0,"Mothers' Day, Labour Day",Regular,Q2,May,Northern
LTU,2016,6,468.278,0.003,468.275,468.528,468.278,2016-06-01,Other,2.0,"Fathers' Day, St John's Day/Day of Dew",Regular,Q2,June,Northern
LTU,2016,7,472.843,0.003,472.84,472.535,472.843,2016-07-01,Other,1.0,King Mindaugas? Coronation Day,Summer_Holidays,Q3,July,Northern
LTU,2016,8,481.508,0.004,481.504,481.193,481.508,2016-08-01,Other,1.0,Feast of the Assumption of Mary,Summer_Holidays,Q3,August,Northern
LTU,2016,9,459.864,0.01,459.854,459.801,459.864,2016-09-01,Other,0.0,None,Regular,Q3,September,Northern
LTU,2016,10,445.71,,445.71,445.736,445.71,2016-10-01,Other,1.0,Halloween,Regular,Q4,October,Northern
LTU,2016,11,356.896,0.085,356.811,356.859,356.896,2016-11-01,Other,1.0,All Saints' Day,Regular,Q4,November,Northern
LTU,2016,12,359.609,0.146,359.463,359.694,359.609,2016-12-01,Other,4.0,"New Year's Eve, Christmas Eve, Christmas Day",Winter_Holidays,Q4,December,Northern
LTU,2017,1,356.201,,356.201,356.039,356.201,2017-01-01,Other,1.0,New Year's Day,Winter_Holidays,Q1,January,Northern
LTU,2017,2,325.292,0.007,325.285,325.266,325.292,2017-02-01,Other,3.0,"Valentine's Day, Carnival, Independence Restoration Day",Regular,Q1,February,Northern
LTU,2017,3,382.151,0.002,382.149,382.038,382.151,2017-03-01,Other,1.0,Independence Day/National Day,Spring_Holidays,Q1,March,Northern
LTU,2017,4,450.281,,450.281,450.31,450.281,2017-04-01,Other,4.0,"Good Friday, Holy Saturday, Easter Sunday",Spring_Holidays,Q2,April,Northern
LTU,2017,5,509.867,0.003,509.864,510.051,509.867,2017-05-01,Other,2.0,"Mothers' Day, Labour Day",Regular,Q2,May,Northern
LTU,2017,6,527.185,,527.185,527.214,527.185,2017-06-01,Other,2.0,"Fathers' Day, St John's Day/Day of Dew",Regular,Q2,June,Northern
LTU,2017,7,408.258,0.002,408.256,407.974,408.258,2017-07-01,Other,1.0,King Mindaugas? Coronation Day,Summer_Holidays,Q3,July,Northern
LTU,2017,8,415.275,,415.275,414.657,415.275,2017-08-01,Other,1.0,Feast of the Assumption of Mary,Summer_Holidays,Q3,August,Northern
LTU,2017,9,519.202,0.002,519.2,519.027,519.202,2017-09-01,Other,0.0,None,Regular,Q3,September,Northern
LTU,2017,10,529.37,0.006,529.364,528.958,529.37,2017-10-01,Other,1.0,Halloween,Regular,Q4,October,Northern
LTU,2017,11,414.549,,414.549,414.39,414.549,2017-11-01,Other,1.0,All Saints' Day,Regular,Q4,November,Northern
LTU,2017,12,408.47,0.001,408.469,408.928,408.47,2017-12-01,Other,4.0,"New Year's Eve, Christmas Eve, Christmas Day",Winter_Holidays,Q4,December,Northern
LTU,2018,1,406.445,,406.445,,406.445,2018-01-01,Other,1.0,New Year's Day,Winter_Holidays,Q1,January,Northern
LTU,2018,2,377.197,0.349,376.848,,377.197,2018-02-01,Other,3.0,"Carnival, Valentine's Day, Independence Restoration Day",Regular,Q1,February,Northern
LTU,2018,3,451.581,0.003,451.578,,451.581,2018-03-01,Other,3.0,"Good Friday, Holy Saturday, Independence Day/National Day",Spring_Holidays,Q1,March,Northern
LTU,2018,4,515.724,0.002,515.722,,515.724,2018-04-01,Other,2.0,"Easter Sunday, Easter Monday",Spring_Holidays,Q2,April,Northern
LTU,2018,5,587.296,,587.296,,587.296,2018-05-01,Other,2.0,"Mothers' Day, Labour Day",Regular,Q2,May,Northern
LTU,2018,6,610.41,0.005,610.405,,610.41,2018-06-01,Other,2.0,"Fathers' Day, St John's Day/Day of Dew",Regular,Q2,June,Northern
LTU,2018,7,614.984,,614.984,,614.984,2018-07-01,Other,1.0,King Mindaugas? Coronation Day,Summer_Holidays,Q3,July,Northern
LTU,2018,8,618.731,,618.731,,618.731,2018-08-01,Other,1.0,Feast of the Assumption of Mary,Summer_Holidays,Q3,August,Northern
LTU,2018,9,584.801,0.009,584.792,,584.801,2018-09-01,Other,0.0,None,Regular,Q3,September,Northern
LTU,2018,10,580.99,,580.99,,580.99,2018-10-01,Other,1.0,Halloween,Regular,Q4,October,Northern
LTU,2018,11,459.316,0.011,459.305,,459.316,2018-11-01,Other,1.0,All Saints' Day,Regular,Q4,November,Northern
LTU,2018,12,446.703,,446.703,,446.703,2018-12-01,Other,4.0,"New Year's Eve, Christmas Eve, Christmas Day",Winter_Holidays,Q4,December,Northern
LUX,2010,1,91.56,0.073,91.487,92.601,91.56,2010-01-01,Other,1.0,New Year's Day,Winter_Holidays,Q1,January,Northern
LUX,2010,2,94.995,0.055,94.94,96.329,94.995,2010-02-01,Other,0.0,None,Regular,Q1,February,Northern
LUX,2010,3,119.457,0.036,119.421,116.594,119.457,2010-03-01,Other,0.0,None,Regular,Q1,March,Northern
LUX,2010,4,110.824,,110.824,112.233,110.824,2010-04-01,Other,2.0,"Good Friday, Easter Monday",Spring_Holidays,Q2,April,Northern
LUX,2010,5,148.029,,148.029,150.999,148.029,2010-05-01,Other,3.0,"Labor Day / May Day, Ascension Day, Whit Monday",Regular,Q2,May,Northern
LUX,2010,6,146.022,0.214,145.808,148.188,146.022,2010-06-01,Other,1.0,National Day,Regular,Q2,June,Northern
LUX,2010,7,171.422,0.061,171.361,176.404,171.422,2010-07-01,Other,0.0,None,Regular,Q3,July,Northern
LUX,2010,8,181.231,0.121,181.11,183.463,181.231,2010-08-01,Other,1.0,Assumption of Mary,Summer_Holidays,Q3,August,Northern
LUX,2010,9,160.557,0.108,160.449,162.223,160.557,2010-09-01,Other,0.0,None,Regular,Q3,September,Northern
LUX,2010,10,156.029,,156.029,155.762,156.029,2010-10-01,Other,0.0,None,Regular,Q4,October,Northern
LUX,2010,11,125.126,0.021,125.105,125.977,125.126,2010-11-01,Other,1.0,All Saints' Day,Regular,Q4,November,Northern
LUX,2010,12,108.444,0.233,108.211,109.254,108.444,2010-12-01,Other,4.0,"Christmas Eve, New Year's Eve, Christmas Day",Winter_Holidays,Q4,December,Northern
LUX,2011,1,102.426,,102.426,103.447,102.426,2011-01-01,Other,1.0,New Year's Day,Winter_Holidays,Q1,January,Northern
LUX,2011,2,160.557,0.108,160.449,98.555,160.557,2011-02-01,Other,0.0,None,Regular,Q1,February,Northern
LUX,2011,3,123.68,0.047,123.633,124.561,123.68,2011-03-01,Other,0.0,None,Regular,Q1,March,Northern
LUX,2011,4,152.662,0.074,152.588,154.201,152.662,2011-04-01,Other,2.0,"Good Friday, Easter Monday",Spring_Holidays,Q2,April,Northern
LUX,2011,5,165.305,,165.305,166.758,165.305,2011-05-01,Other,1.0,Labor Day / May Day,Regular,Q2,May,Northern
LUX,2011,6,162.27,,162.27,164.129,162.27,2011-06-01,Other,3.0,"Ascension Day, Whit Monday, National Day",Regular,Q2,June,Northern
LUX,2011,7,191.173,0.101,191.072,193.375,191.173,2011-07-01,Other,0.0,None,Regular,Q3,July,Northern
LUX,2011,8,193.425,0.019,193.406,196.028,193.425,2011-08-01,Other,1.0,Assumption of Mary,Summer_Holidays,Q3,August,Northern
LUX,2011,9,176.505,,176.505,178.229,176.505,2011-09-01,Other,0.0,None,Regular,Q3,September,Northern
LUX,2011,10,161.359,,161.359,162.611,161.359,2011-10-01,Other,0.0,None,Regular,Q4,October,Northern
LUX,2011,11,125.482,,125.482,126.325,125.482,2011-11-01,Other,1.0,All Saints' Day,Regular,Q4,November,Northern
LUX,2011,12,121.936,0.217,121.719,123.012,121.936,2011-12-01,Other,4.0,"Christmas Eve, New Year's Eve, Christmas Day",Winter_Holidays,Q4,December,Northern
LUX,2012,1,105.222,0.003,105.219,106.856,105.222,2012-01-01,Other,1.0,New Year's Day,Winter_Holidays,Q1,January,Northern
LUX,2012,2,113.572,0.04,113.532,115.288,113.572,2012-02-01,Other,0.0,None,Regular,Q1,February,Northern
LUX,2012,3,136.146,0.167,135.979,137.716,136.146,2012-03-01,Other,0.0,None,Regular,Q1,March,Northern
LUX,2012,4,161.565,0.004,161.561,163.57,161.565,2012-04-01,Other,2.0,"Good Friday, Easter Monday",Spring_Holidays,Q2,April,Northern
LUX,2012,5,164.146,,164.146,166.3,164.146,2012-05-01,Other,3.0,"Labor Day / May Day, Ascension Day, Whit Monday",Regular,Q2,May,Northern
LUX,2012,6,172.785,0.14,172.645,175.304,172.785,2012-06-01,Other,1.0,National Day,Regular,Q2,June,Northern
LUX,2012,7,205.105,0.034,205.071,208.061,205.105,2012-07-01,Other,0.0,None,Regular,Q3,July,Northern
LUX,2012,8,207.332,,207.332,210.217,207.332,2012-08-01,Other,1.0,Assumption of Mary,Summer_Holidays,Q3,August,Northern
LUX,2012,9,194.734,0.096,194.638,197.322,194.734,2012-09-01,Other,0.0,None,Regular,Q3,September,Northern
LUX,2012,10,163.337,0.137,163.2,165.178,163.337,2012-10-01,Other,0.0,None,Regular,Q4,October,Northern
LUX,2012,11,141.639,,141.639,143.125,141.639,2012-11-01,Other,1.0,All Saints' Day,Regular,Q4,November,Northern
LUX,2012,12,128.408,0.196,128.212,130.757,128.408,2012-12-01,Other,4.0,"Christmas Eve, New Year's Eve, Christmas Day",Winter_Holidays,Q4,December,Northern
LUX,2013,1,114.824,0.003,114.821,114.232,114.824,2013-01-01,Other,1.0,New Year's Day,Winter_Holidays,Q1,January,Northern
LUX,2013,2,118.029,,118.029,119.403,118.029,2013-02-01,Other,0.0,None,Regular,Q1,February,Northern
LUX,2013,3,160.224,0.072,160.152,162.164,160.224,2013-03-01,Other,1.0,Good Friday,Spring_Holidays,Q1,March,Northern
LUX,2013,4,173.688,0.23,173.458,175.093,173.688,2013-04-01,Other,1.0,Easter Monday,Spring_Holidays,Q2,April,Northern
LUX,2013,5,200.642,0.039,200.603,202.567,200.642,2013-05-01,Other,3.0,"Labor Day / May Day, Ascension Day, Whit Monday",Regular,Q2,May,Northern
LUX,2013,6,202.249,0.427,201.822,204.228,202.249,2013-06-01,Other,1.0,National Day,Regular,Q2,June,Northern
LUX,2013,7,231.127,0.14,230.987,233.453,231.127,2013-07-01,Other,0.0,None,Regular,Q3,July,Northern
LUX,2013,8,243.204,0.158,243.046,246.327,243.204,2013-08-01,Other,1.0,Assumption of Mary,Summer_Holidays,Q3,August,Northern
LUX,2013,9,220.863,0.09,220.773,223.068,220.863,2013-09-01,Other,0.0,None,Regular,Q3,September,Northern
LUX,2013,10,201.148,0.029,201.119,202.688,201.148,2013-10-01,Other,0.0,None,Regular,Q4,October,Northern
LUX,2013,11,153.638,0.152,153.486,154.565,153.638,2013-11-01,Other,1.0,All Saints' Day,Regular,Q4,November,Northern
LUX,2013,12,149.691,0.204,149.487,151.293,149.691,2013-12-01,Other,4.0,"Christmas Eve, New Year's Eve, Christmas Day",Winter_Holidays,Q4,December,Northern
LUX,2014,1,137.003,,137.003,138.289,137.003,2014-01-01,Other,1.0,New Year's Day,Winter_Holidays,Q1,January,Northern
LUX,2014,2,137.109,0.063,137.046,138.205,137.109,2014-02-01,Other,0.0,None,Regular,Q1,February,Northern
LUX,2014,3,176.868,,176.868,178.168,176.868,2014-03-01,Other,0.0,None,Regular,Q1,March,Northern
LUX,2014,4,212.059,0.018,212.041,214.806,212.059,2014-04-01,Other,2.0,"Good Friday, Easter Monday",Spring_Holidays,Q2,April,Northern
LUX,2014,5,226.912,0.047,226.865,228.993,226.912,2014-05-01,Other,2.0,"Labor Day / May Day, Ascension Day",Regular,Q2,May,Northern
LUX,2014,6,238.155,0.081,238.074,240.755,238.155,2014-06-01,Other,2.0,"Whit Monday, National Day",Regular,Q2,June,Northern
LUX,2014,7,241.377,,241.377,244.017,241.377,2014-07-01,Other,0.0,None,Regular,Q3,July,Northern
LUX,2014,8,265.677,0.002,265.675,269.167,265.677,2014-08-01,Other,1.0,Assumption of Mary,Summer_Holidays,Q3,August,Northern
LUX,2014,9,238.743,0.067,238.676,241.199,238.743,2014-09-01,Other,0.0,None,Regular,Q3,September,Northern
LUX,2014,10,218.157,0.068,218.089,219.865,218.157,2014-10-01,Other,0.0,None,Regular,Q4,October,Northern
LUX,2014,11,173.497,0.141,173.356,174.694,173.497,2014-11-01,Other,1.0,All Saints' Day,Regular,Q4,November,Northern
LUX,2014,12,168.409,0.123,168.286,170.187,168.409,2014-12-01,Other,4.0,"Christmas Eve, New Year's Eve, Christmas Day",Winter_Holidays,Q4,December,Northern
LUX,2015,1,141.553,0.04,141.513,142.839,141.553,2015-01-01,Other,1.0,New Year's Day,Winter_Holidays,Q1,January,Northern
LUX,2015,2,149.261,,149.261,150.276,149.261,2015-02-01,Other,0.0,None,Regular,Q1,February,Northern
LUX,2015,3,177.748,0.121,177.627,179.052,177.748,2015-03-01,Other,0.0,None,Regular,Q1,March,Northern
LUX,2015,4,233.869,0.064,233.805,236.21,233.869,2015-04-01,Other,2.0,"Good Friday, Easter Monday",Spring_Holidays,Q2,April,Northern
LUX,2015,5,248.165,0.047,248.118,250.589,248.165,2015-05-01,Other,3.0,"Labor Day / May Day, Ascension Day, Whit Monday",Regular,Q2,May,Northern
LUX,2015,6,244.206,0.042,244.164,246.612,244.206,2015-06-01,Other,1.0,National Day,Regular,Q2,June,Northern
LUX,2015,7,269.176,0.055,269.121,271.905,269.176,2015-07-01,Other,0.0,None,Regular,Q3,July,Northern
LUX,2015,8,290.356,,290.356,295.0,290.356,2015-08-01,Other,1.0,Assumption of Mary,Summer_Holidays,Q3,August,Northern
LUX,2015,9,263.799,0.155,263.644,266.271,263.799,2015-09-01,Other,0.0,None,Regular,Q3,September,Northern
LUX,2015,10,243.72,0.205,243.515,245.433,243.72,2015-10-01,Other,0.0,None,Regular,Q4,October,Northern
LUX,2015,11,198.946,,198.946,200.413,198.946,2015-11-01,Other,1.0,All Saints' Day,Regular,Q4,November,Northern
LUX,2015,12,190.952,0.232,190.72,192.752,190.952,2015-12-01,Other,4.0,"Christmas Eve, New Year's Eve, Christmas Day",Winter_Holidays,Q4,December,Northern
LUX,2016,1,165.143,,165.143,166.623,165.143,2016-01-01,Other,1.0,New Year's Day,Winter_Holidays,Q1,January,Northern
LUX,2016,2,181.066,0.041,181.025,182.387,181.066,2016-02-01,Other,0.0,None,Regular,Q1,February,Northern
LUX,2016,3,228.582,0.199,228.383,230.716,228.582,2016-03-01,Other,2.0,"Good Friday, Easter Monday",Spring_Holidays,Q1,March,Northern
LUX,2016,4,260.311,0.043,260.268,262.538,260.311,2016-04-01,Other,0.0,None,Regular,Q2,April,Northern
LUX,2016,5,272.85,,272.85,275.613,272.85,2016-05-01,Other,3.0,"Labor Day / May Day, Ascension Day, Whit Monday",Regular,Q2,May,Northern
LUX,2016,6,262.18,0.042,262.138,264.534,262.18,2016-06-01,Other,1.0,National Day,Regular,Q2,June,Northern
LUX,2016,7,294.609,0.225,294.384,298.0,294.609,2016-07-01,Other,0.0,None,Regular,Q3,July,Northern
LUX,2016,8,295.591,,295.591,299.388,295.591,2016-08-01,Other,1.0,Assumption of Mary,Summer_Holidays,Q3,August,Northern
LUX,2016,9,284.488,0.003,284.485,287.368,284.488,2016-09-01,Other,0.0,None,Regular,Q3,September,Northern
LUX,2016,10,277.679,0.001,277.678,279.914,277.679,2016-10-01,Other,0.0,None,Regular,Q4,October,Northern
LUX,2016,11,229.082,0.015,229.067,230.707,229.082,2016-11-01,Other,1.0,All Saints' Day,Regular,Q4,November,Northern
LUX,2016,12,232.661,0.103,232.558,235.053,232.661,2016-12-01,Other,4.0,"Christmas Eve, New Year's Eve, Christmas Day",Winter_Holidays,Q4,December,Northern
LUX,2017,1,203.264,0.097,203.167,205.12,203.264,2017-01-01,Other,1.0,New Year's Day,Winter_Holidays,Q1,January,Northern
LUX,2017,2,207.438,,207.438,208.989,207.438,2017-02-01,Other,0.0,None,Regular,Q1,February,Northern
LUX,2017,3,241.937,0.04,241.897,243.807,241.937,2017-03-01,Other,0.0,None,Regular,Q1,March,Northern
LUX,2017,4,316.249,,316.249,319.359,316.249,2017-04-01,Other,2.0,"Good Friday, Easter Monday",Spring_Holidays,Q2,April,Northern
LUX,2017,5,318.151,0.302,317.849,321.16,318.151,2017-05-01,Other,2.0,"Labor Day / May Day, Ascension Day",Regular,Q2,May,Northern
LUX,2017,6,335.699,0.002,335.697,338.979,335.699,2017-06-01,Other,2.0,"Whit Monday, National Day",Regular,Q2,June,Northern
LUX,2017,7,356.763,0.007,356.756,355.958,356.763,2017-07-01,Other,0.0,None,Regular,Q3,July,Northern
LUX,2017,8,354.773,0.153,354.62,359.343,354.773,2017-08-01,Other,1.0,Assumption of Mary,Summer_Holidays,Q3,August,Northern
LUX,2017,9,345.807,0.174,345.633,349.253,345.807,2017-09-01,Other,0.0,None,Regular,Q3,September,Northern
LUX,2017,10,327.836,0.037,327.799,330.396,327.836,2017-10-01,Other,0.0,None,Regular,Q4,October,Northern
LUX,2017,11,269.178,0.104,269.074,271.24,269.178,2017-11-01,Other,1.0,All Saints' Day,Regular,Q4,November,Northern
LUX,2017,12,277.635,0.183,277.452,280.484,277.635,2017-12-01,Other,4.0,"Christmas Eve, New Year's Eve, Christmas Day",Winter_Holidays,Q4,December,Northern
LUX,2018,1,237.521,0.181,237.34,,237.521,2018-01-01,Other,1.0,New Year's Day,Winter_Holidays,Q1,January,Northern
LUX,2018,2,240.671,0.074,240.597,,240.671,2018-02-01,Other,0.0,None,Regular,Q1,February,Northern
LUX,2018,3,297.386,0.101,297.285,,297.386,2018-03-01,Other,1.0,Good Friday,Spring_Holidays,Q1,March,Northern
LUX,2018,4,353.19,0.024,353.166,,353.19,2018-04-01,Other,1.0,Easter Monday,Spring_Holidays,Q2,April,Northern
LUX,2018,5,372.944,0.09,372.854,,372.944,2018-05-01,Other,3.0,"Labor Day / May Day, Ascension Day, Whit Monday",Regular,Q2,May,Northern
LUX,2018,6,363.841,,363.841,,363.841,2018-06-01,Other,1.0,National Day,Regular,Q2,June,Northern
LUX,2018,7,392.348,0.03,392.318,,392.348,2018-07-01,Other,0.0,None,Regular,Q3,July,Northern
LUX,2018,8,391.126,0.08,391.046,,391.126,2018-08-01,Other,1.0,Assumption of Mary,Summer_Holidays,Q3,August,Northern
LUX,2018,9,379.181,,379.181,,379.181,2018-09-01,Other,0.0,None,Regular,Q3,September,Northern
LUX,2018,10,367.383,,367.383,,367.383,2018-10-01,Other,0.0,None,Regular,Q4,October,Northern
LUX,2018,11,298.653,,298.653,,298.653,2018-11-01,Other,1.0,All Saints' Day,Regular,Q4,November,Northern
LUX,2018,12,294.56,0.177,294.383,,294.56,2018-12-01,Other,4.0,"Christmas Eve, New Year's Eve, Christmas Day",Winter_Holidays,Q4,December,Northern
LVA,2010,1,296.334,,296.334,297.829,296.334,2010-01-01,Other,1.0,New Year's Day,Winter_Holidays,Q1,January,Northern
LVA,2010,2,271.425,0.038,271.387,271.955,271.425,2010-02-01,Other,1.0,Valentine's Day,Regular,Q1,February,Northern
LVA,2010,3,343.938,0.019,343.919,344.602,343.938,2010-03-01,Other,0.0,None,Regular,Q1,March,Northern
LVA,2010,4,296.259,0.041,296.218,296.43,296.259,2010-04-01,Other,4.0,"Holy Saturday, Good Friday, Easter Sunday",Spring_Holidays,Q2,April,Northern
LVA,2010,5,409.865,,409.865,410.423,409.865,2010-05-01,Other,5.0,"Constituent Assembly Convocation Day, Labour Day/May Day, Independence Restoration Day",Regular,Q2,May,Northern
LVA,2010,6,472.48,,472.48,473.388,472.48,2010-06-01,Other,2.0,"Midsummer Eve, Midsummer Day",Regular,Q2,June,Northern
LVA,2010,7,520.701,,520.701,520.856,520.701,2010-07-01,Other,0.0,None,Regular,Q3,July,Northern
LVA,2010,8,517.741,,517.741,518.644,517.741,2010-08-01,Other,0.0,None,Regular,Q3,August,Northern
LVA,2010,9,453.749,,453.749,454.045,453.749,2010-09-01,Other,1.0,Fathers' Day,Regular,Q3,September,Northern
LVA,2010,10,428.135,0.002,428.133,428.891,428.135,2010-10-01,Other,1.0,Halloween,Regular,Q4,October,Northern
LVA,2010,11,322.478,0.073,322.405,322.887,322.478,2010-11-01,Other,1.0,Republic of Latvia Proclamation Day,Regular,Q4,November,Northern
LVA,2010,12,322.793,0.121,322.672,323.522,322.793,2010-12-01,Other,4.0,"Christmas Eve, Christmas Day, Second Day of Christmas",Winter_Holidays,Q4,December,Northern
LVA,2011,1,301.06,0.022,301.038,301.298,301.06,2011-01-01,Other,1.0,New Year's Day,Winter_Holidays,Q1,January,Northern
LVA,2011,2,278.002,0.078,277.924,278.663,278.002,2011-02-01,Other,1.0,Valentine's Day,Regular,Q1,February,Northern
LVA,2011,3,358.79,0.036,358.754,359.669,358.79,2011-03-01,Other,0.0,None,Regular,Q1,March,Northern
LVA,2011,4,434.357,0.026,434.331,434.755,434.357,2011-04-01,Other,4.0,"Holy Saturday, Good Friday, Easter Sunday",Spring_Holidays,Q2,April,Northern
LVA,2011,5,478.161,0.006,478.155,478.423,478.161,2011-05-01,Other,4.0,"Constituent Assembly Convocation Day, Labour Day/May Day, Independence Restoration Day",Regular,Q2,May,Northern
LVA,2011,6,531.55,0.103,531.447,532.101,531.55,2011-06-01,Other,3.0,"Whitsunday, Midsummer Eve, Midsummer Day",Regular,Q2,June,Northern
LVA,2011,7,567.419,0.001,567.418,568.271,567.419,2011-07-01,Other,0.0,None,Regular,Q3,July,Northern
LVA,2011,8,547.782,,547.782,548.797,547.782,2011-08-01,Other,0.0,None,Regular,Q3,August,Northern
LVA,2011,9,480.465,,480.465,481.562,480.465,2011-09-01,Other,1.0,Fathers' Day,Regular,Q3,September,Northern
LVA,2011,10,449.567,0.13,449.437,450.599,449.567,2011-10-01,Other,1.0,Halloween,Regular,Q4,October,Northern
LVA,2011,11,335.079,,335.079,335.491,335.079,2011-11-01,Other,1.0,Republic of Latvia Proclamation Day,Regular,Q4,November,Northern
LVA,2011,12,336.128,0.016,336.112,337.297,336.128,2011-12-01,Other,4.0,"Christmas Eve, Christmas Day, Second Day of Christmas",Winter_Holidays,Q4,December,Northern
LVA,2012,1,316.624,,316.624,317.135,316.624,2012-01-01,Other,1.0,New Year's Day,Winter_Holidays,Q1,January,Northern
LVA,2012,2,285.398,0.044,285.354,286.173,285.398,2012-02-01,Other,1.0,Valentine's Day,Regular,Q1,February,Northern
LVA,2012,3,345.849,,345.849,346.896,345.849,2012-03-01,Other,0.0,None,Regular,Q1,March,Northern
LVA,2012,4,395.847,,395.847,397.016,395.847,2012-04-01,Other,4.0,"Holy Saturday, Good Friday, Easter Sunday",Spring_Holidays,Q2,April,Northern
LVA,2012,5,423.411,,423.411,424.063,423.411,2012-05-01,Other,5.0,"Constituent Assembly Convocation Day, Labour Day/May Day, Independence Restoration Day",Regular,Q2,May,Northern
LVA,2012,6,470.617,,470.617,472.292,470.617,2012-06-01,Other,2.0,"Midsummer Eve, Midsummer Day",Regular,Q2,June,Northern
LVA,2012,7,510.106,,510.106,512.208,510.106,2012-07-01,Other,0.0,None,Regular,Q3,July,Northern
LVA,2012,8,496.021,0.004,496.017,497.259,496.021,2012-08-01,Other,0.0,None,Regular,Q3,August,Northern
LVA,2012,9,446.674,,446.674,447.869,446.674,2012-09-01,Other,1.0,Fathers' Day,Regular,Q3,September,Northern
LVA,2012,10,412.979,0.026,412.953,413.802,412.979,2012-10-01,Other,1.0,Halloween,Regular,Q4,October,Northern
LVA,2012,11,321.931,,321.931,323.128,321.931,2012-11-01,Other,2.0,"Republic of Latvia Proclamation Day, Republic of Latvia Proclamation Day observed",Regular,Q4,November,Northern
LVA,2012,12,329.073,0.258,328.815,329.923,329.073,2012-12-01,Other,4.0,"Christmas Eve, Christmas Day, Second Day of Christmas",Winter_Holidays,Q4,December,Northern
LVA,2013,1,311.273,0.009,311.264,312.04,311.273,2013-01-01,Other,1.0,New Year's Day,Winter_Holidays,Q1,January,Northern
LVA,2013,2,281.77,0.128,281.642,282.625,281.77,2013-02-01,Other,1.0,Valentine's Day,Regular,Q1,February,Northern
LVA,2013,3,353.815,,353.815,354.397,353.815,2013-03-01,Other,3.0,"Holy Saturday, Good Friday, Easter Sunday",Spring_Holidays,Q1,March,Northern
LVA,2013,4,396.36,0.003,396.357,397.6,396.36,2013-04-01,Other,1.0,Easter Monday,Spring_Holidays,Q2,April,Northern
LVA,2013,5,439.029,0.134,438.895,439.597,439.029,2013-05-01,Other,6.0,"Constituent Assembly Convocation Day, Labour Day/May Day, Independence Restoration Day",Regular,Q2,May,Northern
LVA,2013,6,483.846,0.003,483.843,485.69,483.846,2013-06-01,Other,3.0,"Midsummer Eve, Midsummer Day, Youth Song and Dance Festival Holiday",Regular,Q2,June,Northern
LVA,2013,7,515.406,,515.406,516.549,515.406,2013-07-01,Other,0.0,None,Regular,Q3,July,Northern
LVA,2013,8,493.887,,493.887,494.6,493.887,2013-08-01,Other,0.0,None,Regular,Q3,August,Northern
LVA,2013,9,437.888,,437.888,439.644,437.888,2013-09-01,Other,1.0,Fathers' Day,Regular,Q3,September,Northern
LVA,2013,10,412.213,0.001,412.212,412.795,412.213,2013-10-01,Other,1.0,Halloween,Regular,Q4,October,Northern
LVA,2013,11,329.092,,329.092,330.148,329.092,2013-11-01,Other,1.0,Republic of Latvia Proclamation Day,Regular,Q4,November,Northern
LVA,2013,12,327.678,,327.678,328.334,327.678,2013-12-01,Other,4.0,"Christmas Eve, Christmas Day, Second Day of Christmas",Winter_Holidays,Q4,December,Northern
LVA,2014,1,308.448,,308.448,309.021,308.448,2014-01-01,Other,1.0,New Year's Day,Winter_Holidays,Q1,January,Northern
LVA,2014,2,275.75,0.069,275.681,276.099,275.75,2014-02-01,Other,1.0,Valentine's Day,Regular,Q1,February,Northern
LVA,2014,3,331.701,,331.701,332.193,331.701,2014-03-01,Other,0.0,None,Regular,Q1,March,Northern
LVA,2014,4,397.08,,397.08,398.118,397.08,2014-04-01,Other,4.0,"Holy Saturday, Good Friday, Easter Sunday",Spring_Holidays,Q2,April,Northern
LVA,2014,5,425.332,0.048,425.284,426.325,425.332,2014-05-01,Other,8.0,"Constituent Assembly Convocation Day, Labour Day/May Day, Labour Day/May Day holiday",Regular,Q2,May,Northern
LVA,2014,6,486.863,,486.863,488.851,486.863,2014-06-01,Other,3.0,"Whitsunday, Midsummer Eve, Midsummer Day",Regular,Q2,June,Northern
LVA,2014,7,513.811,,513.811,515.058,513.811,2014-07-01,Other,0.0,None,Regular,Q3,July,Northern
LVA,2014,8,507.467,,507.467,508.82,507.467,2014-08-01,Other,0.0,None,Regular,Q3,August,Northern
LVA,2014,9,448.863,,448.863,449.792,448.863,2014-09-01,Other,1.0,Fathers' Day,Regular,Q3,September,Northern
LVA,2014,10,418.54,,418.54,419.413,418.54,2014-10-01,Other,1.0,Halloween,Regular,Q4,October,Northern
LVA,2014,11,345.5,0.028,345.472,346.207,345.5,2014-11-01,Other,3.0,"Republic of Latvia Proclamation Day holiday, Republic of Latvia Proclamation Day, Special Working Day",Regular,Q4,November,Northern
LVA,2014,12,342.927,,342.927,344.241,342.927,2014-12-01,Other,4.0,"Christmas Eve, Christmas Day, Second Day of Christmas",Winter_Holidays,Q4,December,Northern
LVA,2015,1,319.462,0.018,319.444,320.991,319.462,2015-01-01,Other,3.0,"New Year's Day, New Year's Day Holiday, Special Working Day",Winter_Holidays,Q1,January,Northern
LVA,2015,2,294.333,0.038,294.295,295.057,294.333,2015-02-01,Other,1.0,Valentine's Day,Regular,Q1,February,Northern
LVA,2015,3,369.701,,369.701,371.104,369.701,2015-03-01,Other,0.0,None,Regular,Q1,March,Northern
LVA,2015,4,407.212,,407.212,408.275,407.212,2015-04-01,Other,4.0,"Holy Saturday, Good Friday, Easter Sunday",Spring_Holidays,Q2,April,Northern
LVA,2015,5,464.323,,464.323,465.782,464.323,2015-05-01,Other,5.0,"Constituent Assembly Convocation Day, Labour Day/May Day, Independence Restoration Day",Regular,Q2,May,Northern
LVA,2015,6,514.698,,514.698,516.308,514.698,2015-06-01,Other,4.0,"Midsummer Day Holiday, Midsummer Eve, Midsummer Day",Regular,Q2,June,Northern
LVA,2015,7,552.644,0.113,552.531,555.687,552.644,2015-07-01,Other,0.0,None,Regular,Q3,July,Northern
LVA,2015,8,546.332,,546.332,548.112,546.332,2015-08-01,Other,0.0,None,Regular,Q3,August,Northern
LVA,2015,9,469.108,0.002,469.106,470.355,469.108,2015-09-01,Other,1.0,Fathers' Day,Regular,Q3,September,Northern
LVA,2015,10,446.661,,446.661,448.376,446.661,2015-10-01,Other,1.0,Halloween,Regular,Q4,October,Northern
LVA,2015,11,380.326,0.003,380.323,382.236,380.326,2015-11-01,Other,1.0,Republic of Latvia Proclamation Day,Regular,Q4,November,Northern
LVA,2015,12,381.056,,381.056,382.141,381.056,2015-12-01,Other,4.0,"Christmas Eve, Christmas Day, Second Day of Christmas",Winter_Holidays,Q4,December,Northern
LVA,2016,1,352.601,0.22,352.381,353.93,352.601,2016-01-01,Other,1.0,New Year's Day,Winter_Holidays,Q1,January,Northern
LVA,2016,2,334.73,0.006,334.724,336.219,334.73,2016-02-01,Other,1.0,Valentine's Day,Regular,Q1,February,Northern
LVA,2016,3,414.207,,414.207,415.357,414.207,2016-03-01,Other,4.0,"Holy Saturday, Good Friday, Easter Sunday",Spring_Holidays,Q1,March,Northern
LVA,2016,4,421.484,0.001,421.483,422.155,421.484,2016-04-01,Other,0.0,None,Regular,Q2,April,Northern
LVA,2016,5,475.231,,475.231,476.6,475.231,2016-05-01,Other,5.0,"Constituent Assembly Convocation Day, Labour Day/May Day, Independence Restoration Day",Regular,Q2,May,Northern
LVA,2016,6,519.845,0.017,519.828,522.584,519.845,2016-06-01,Other,2.0,"Midsummer Eve, Midsummer Day",Regular,Q2,June,Northern
LVA,2016,7,555.092,0.001,555.091,556.303,555.092,2016-07-01,Other,0.0,None,Regular,Q3,July,Northern
LVA,2016,8,557.813,0.021,557.792,559.057,557.813,2016-08-01,Other,0.0,None,Regular,Q3,August,Northern
LVA,2016,9,493.663,0.082,493.581,494.729,493.663,2016-09-01,Other,1.0,Fathers' Day,Regular,Q3,September,Northern
LVA,2016,10,476.052,0.011,476.041,477.399,476.052,2016-10-01,Other,1.0,Halloween,Regular,Q4,October,Northern
LVA,2016,11,383.505,0.016,383.489,385.505,383.505,2016-11-01,Other,1.0,Republic of Latvia Proclamation Day,Regular,Q4,November,Northern
LVA,2016,12,399.937,0.599,399.338,403.303,399.937,2016-12-01,Other,4.0,"Christmas Eve, Christmas Day, Second Day of Christmas",Winter_Holidays,Q4,December,Northern
LVA,2017,1,368.759,0.013,368.746,369.666,368.759,2017-01-01,Other,1.0,New Year's Day,Winter_Holidays,Q1,January,Northern
LVA,2017,2,343.039,0.04,342.999,344.509,343.039,2017-02-01,Other,1.0,Valentine's Day,Regular,Q1,February,Northern
LVA,2017,3,418.807,0.015,418.792,419.337,418.807,2017-03-01,Other,0.0,None,Regular,Q1,March,Northern
LVA,2017,4,486.257,,486.257,489.996,486.257,2017-04-01,Other,4.0,"Holy Saturday, Good Friday, Easter Sunday",Spring_Holidays,Q2,April,Northern
LVA,2017,5,526.446,0.486,525.96,528.144,526.446,2017-05-01,Other,4.0,"Constituent Assembly Convocation Day, Labour Day/May Day, Independence Restoration Day",Regular,Q2,May,Northern
LVA,2017,6,592.244,0.886,591.358,595.499,592.244,2017-06-01,Other,3.0,"Whitsunday, Midsummer Eve, Midsummer Day",Regular,Q2,June,Northern
LVA,2017,7,643.759,1.16,642.599,646.268,643.759,2017-07-01,Other,0.0,None,Regular,Q3,July,Northern
LVA,2017,8,642.332,1.178,641.154,644.103,642.332,2017-08-01,Other,0.0,None,Regular,Q3,August,Northern
LVA,2017,9,568.623,0.685,567.938,570.062,568.623,2017-09-01,Other,1.0,Fathers' Day,Regular,Q3,September,Northern
LVA,2017,10,552.216,0.63,551.586,553.396,552.216,2017-10-01,Other,1.0,Halloween,Regular,Q4,October,Northern
LVA,2017,11,460.573,0.532,460.041,461.394,460.573,2017-11-01,Other,2.0,"Republic of Latvia Proclamation Day, Republic of Latvia Proclamation Day observed",Regular,Q4,November,Northern
LVA,2017,12,474.799,0.71,474.089,475.701,474.799,2017-12-01,Other,4.0,"Christmas Eve, Christmas Day, Second Day of Christmas",Winter_Holidays,Q4,December,Northern
LVA,2018,1,441.701,0.849,440.852,,441.701,2018-01-01,Other,1.0,New Year's Day,Winter_Holidays,Q1,January,Northern
LVA,2018,2,403.849,0.64,403.209,,403.849,2018-02-01,Other,1.0,Valentine's Day,Regular,Q1,February,Northern
LVA,2018,3,504.089,0.698,503.391,,504.089,2018-03-01,Other,2.0,"Holy Saturday, Good Friday",Spring_Holidays,Q1,March,Northern
LVA,2018,4,568.391,0.71,567.681,,568.391,2018-04-01,Other,4.0,"Easter Sunday, Easter Monday, Labour Day/May Day holiday",Spring_Holidays,Q2,April,Northern
LVA,2018,5,633.929,0.882,633.047,,633.929,2018-05-01,Other,5.0,"Constituent Assembly Convocation Day, Labour Day/May Day, Independence Restoration Day",Regular,Q2,May,Northern
LVA,2018,6,684.229,0.937,683.292,,684.229,2018-06-01,Other,2.0,"Midsummer Eve, Midsummer Day",Regular,Q2,June,Northern
LVA,2018,7,737.562,1.142,736.42,,737.562,2018-07-01,Other,2.0,"Last Day of the Song and Dance Festival, Last Day of the Song and Dance Festival observed",Summer_Holidays,Q3,July,Northern
LVA,2018,8,733.741,1.379,732.362,,733.741,2018-08-01,Other,0.0,None,Regular,Q3,August,Northern
LVA,2018,9,658.881,0.988,657.893,,658.881,2018-09-01,Other,2.0,"Fathers' Day, Visit of Pope Francis",Regular,Q3,September,Northern
LVA,2018,10,643.939,0.982,642.957,,643.939,2018-10-01,Other,1.0,Halloween,Regular,Q4,October,Northern
LVA,2018,11,510.742,0.815,509.927,,510.742,2018-11-01,Other,2.0,"Republic of Latvia Proclamation Day, Republic of Latvia Proclamation Day observed",Regular,Q4,November,Northern
LVA,2018,12,516.028,0.595,515.433,,516.028,2018-12-01,Other,4.0,"Christmas Eve, Christmas Day, Second Day of Christmas",Winter_Holidays,Q4,December,Northern
MAC,2014,1,,,,422.434,422.434,2014-01-01,Other,2.0,"New Year's Day, Lunar New Year (First Day)",Winter_Holidays,Q1,January,Northern
MAC,2014,2,,,,420.229,420.229,2014-02-01,Other,2.0,"Lunar New Year (Second Day), Lunar New Year (Third Day)",Regular,Q1,February,Northern
MAC,2014,3,,,,447.012,447.012,2014-03-01,Other,0.0,None,Regular,Q1,March,Northern
MAC,2014,4,,,,451.243,451.243,2014-04-01,Other,3.0,"Cheng Ming Festival, Good Friday, Holy Saturday",Spring_Holidays,Q2,April,Northern
MAC,2014,5,,,,435.387,435.387,2014-05-01,Other,2.0,"Labor Day / May Day, Buddha's Birthday",Regular,Q2,May,Northern
MAC,2014,6,,,,438.873,438.873,2014-06-01,Other,1.0,Dragon Boat Festival,Regular,Q2,June,Northern
MAC,2014,7,,,,492.885,492.885,2014-07-01,Other,0.0,None,Regular,Q3,July,Northern
MAC,2014,8,,,,528.919,528.919,2014-08-01,Other,0.0,None,Regular,Q3,August,Northern
MAC,2014,9,,,,441.955,441.955,2014-09-01,Other,1.0,Day after the Mid-Autumn-Festival,Regular,Q3,September,Northern
MAC,2014,10,,,,463.371,463.371,2014-10-01,Other,3.0,"National Day of the People's Republic of China, Chong Yeung Festival (Festival of Ancestors), Day after PRC National Day",Regular,Q4,October,Northern
MAC,2014,11,,,,458.672,458.672,2014-11-01,Other,1.0,All Soul's Day,Regular,Q4,November,Northern
MAC,2014,12,,,,480.461,480.461,2014-12-01,Other,6.0,"New Year's Eve, Feast of the immaculate Conception, Macau S.A.R. Establishment Day",Winter_Holidays,Q4,December,Northern
MAC,2015,1,,,,435.805,435.805,2015-01-01,Other,1.0,New Year's Day,Winter_Holidays,Q1,January,Northern
MAC,2015,2,,,,479.738,479.738,2015-02-01,Other,3.0,"Lunar New Year (First Day), Lunar New Year (Second Day), Lunar New Year (Third Day)",Regular,Q1,February,Northern
MAC,2015,3,,,,448.661,448.661,2015-03-01,Other,0.0,None,Regular,Q1,March,Northern
MAC,2015,4,,,,480.254,480.254,2015-04-01,Other,3.0,"Good Friday, Holy Saturday, Cheng Ming Festival",Spring_Holidays,Q2,April,Northern
MAC,2015,5,,,,486.527,486.527,2015-05-01,Other,2.0,"Labor Day / May Day, Buddha's Birthday",Regular,Q2,May,Northern
MAC,2015,6,,,,456.002,456.002,2015-06-01,Other,1.0,Dragon Boat Festival,Regular,Q2,June,Northern
MAC,2015,7,,,,510.793,510.793,2015-07-01,Other,0.0,None,Regular,Q3,July,Northern
MAC,2015,8,,,,575.849,575.849,2015-08-01,Other,0.0,None,Regular,Q3,August,Northern
MAC,2015,9,,,,441.342,441.342,2015-09-01,Other,1.0,Day after the Mid-Autumn-Festival,Regular,Q3,September,Northern
MAC,2015,10,,,,479.036,479.036,2015-10-01,Other,3.0,"National Day of the People's Republic of China, Day after PRC National Day, Chong Yeung Festival (Festival of Ancestors)",Regular,Q4,October,Northern
MAC,2015,11,,,,488.724,488.724,2015-11-01,Other,1.0,All Soul's Day,Regular,Q4,November,Northern
MAC,2015,12,,,,548.728,548.728,2015-12-01,Other,6.0,"New Year's Eve, Feast of the immaculate Conception, Macau S.A.R. Establishment Day",Winter_Holidays,Q4,December,Northern
MAC,2016,1,,,,539.024,539.024,2016-01-01,Other,1.0,New Year's Day,Winter_Holidays,Q1,January,Northern
MAC,2016,2,,,,589.917,589.917,2016-02-01,Other,3.0,"Lunar New Year (First Day), Lunar New Year (Second Day), Lunar New Year (Third Day)",Regular,Q1,February,Northern
MAC,2016,3,,,,516.586,516.586,2016-03-01,Other,2.0,"Good Friday, Holy Saturday",Spring_Holidays,Q1,March,Northern
MAC,2016,4,,,,535.847,535.847,2016-04-01,Other,1.0,Cheng Ming Festival,Spring_Holidays,Q2,April,Northern
MAC,2016,5,,,,528.467,528.467,2016-05-01,Other,2.0,"Labor Day / May Day, Buddha's Birthday",Regular,Q2,May,Northern
MAC,2016,6,,,,542.036,542.036,2016-06-01,Other,1.0,Dragon Boat Festival,Regular,Q2,June,Northern
MAC,2016,7,,,,610.809,610.809,2016-07-01,Other,0.0,None,Regular,Q3,July,Northern
MAC,2016,8,,,,633.605,633.605,2016-08-01,Other,0.0,None,Regular,Q3,August,Northern
MAC,2016,9,,,,499.823,499.823,2016-09-01,Other,1.0,Day after the Mid-Autumn-Festival,Regular,Q3,September,Northern
MAC,2016,10,,,,512.848,512.848,2016-10-01,Other,3.0,"National Day of the People's Republic of China, Day after PRC National Day, Chong Yeung Festival (Festival of Ancestors)",Regular,Q4,October,Northern
MAC,2016,11,,,,518.903,518.903,2016-11-01,Other,1.0,All Soul's Day,Regular,Q4,November,Northern
MAC,2016,12,,,,600.691,600.691,2016-12-01,Other,6.0,"New Year's Eve, Feast of the immaculate Conception, Macau S.A.R. Establishment Day",Winter_Holidays,Q4,December,Northern
MAC,2017,1,,,,590.827,590.827,2017-01-01,Other,4.0,"New Year's Day, Lunar New Year (First Day), Lunar New Year (Second Day)",Winter_Holidays,Q1,January,Northern
MAC,2017,2,,,,539.011,539.011,2017-02-01,Other,0.0,None,Regular,Q1,February,Northern
MAC,2017,3,,,,531.692,531.692,2017-03-01,Other,0.0,None,Regular,Q1,March,Northern
MAC,2017,4,,,,569.948,569.948,2017-04-01,Other,3.0,"Cheng Ming Festival, Good Friday, Holy Saturday",Spring_Holidays,Q2,April,Northern
MAC,2017,5,,,,560.211,560.211,2017-05-01,Other,3.0,"Labor Day / May Day, Buddha's Birthday, Dragon Boat Festival",Regular,Q2,May,Northern
MAC,2017,6,,,,559.529,559.529,2017-06-01,Other,0.0,None,Regular,Q2,June,Northern
MAC,2017,7,,,,668.02,668.02,2017-07-01,Other,0.0,None,Regular,Q3,July,Northern
MAC,2017,8,,,,688.202,688.202,2017-08-01,Other,0.0,None,Regular,Q3,August,Northern
MAC,2017,9,,,,547.565,547.565,2017-09-01,Other,0.0,None,Regular,Q3,September,Northern
MAC,2017,10,,,,612.666,612.666,2017-10-01,Other,4.0,"National Day of the People's Republic of China, Day after PRC National Day, Day after the Mid-Autumn-Festival",Regular,Q4,October,Northern
MAC,2017,11,,,,614.502,614.502,2017-11-01,Other,1.0,All Soul's Day,Regular,Q4,November,Northern
MAC,2017,12,,,,683.63,683.63,2017-12-01,Other,6.0,"New Year's Eve, Feast of the immaculate Conception, Macau S.A.R. Establishment Day",Winter_Holidays,Q4,December,Northern
MAR,2010,1,,,,1023.958,1023.958,2010-01-01,Other,2.0,"New Year's Day, Anniversary of the Independence Manifesto",Winter_Holidays,Q1,January,Northern
MAR,2010,2,,,,973.546,973.546,2010-02-01,Other,1.0,The Prophet Muhammad's Birthday,Regular,Q1,February,Northern
MAR,2010,3,,,,1190.742,1190.742,2010-03-01,Other,0.0,None,Regular,Q1,March,Northern
MAR,2010,4,,,,1219.763,1219.763,2010-04-01,Other,0.0,None,Regular,Q2,April,Northern
MAR,2010,5,,,,1227.669,1227.669,2010-05-01,Other,1.0,Labour Day/May Day,Regular,Q2,May,Northern
MAR,2010,6,,,,1240.683,1240.683,2010-06-01,Other,0.0,None,Regular,Q2,June,Northern
MAR,2010,7,,,,1555.043,1555.043,2010-07-01,Other,1.0,Feast of the Throne,Summer_Holidays,Q3,July,Northern
MAR,2010,8,,,,1484.035,1484.035,2010-08-01,Other,3.0,"Anniversary of the Recovery Oued Ed-Dahab, Anniversary of the Revolution of the King and the People, Youth Day",Summer_Holidays,Q3,August,Northern
MAR,2010,9,,,,1296.378,1296.378,2010-09-01,Other,2.0,"Eid al-Fitr, Eid al-Fitr holiday",Regular,Q3,September,Northern
MAR,2010,10,,,,1377.657,1377.657,2010-10-01,Other,0.0,None,Regular,Q4,October,Northern
MAR,2010,11,,,,1250.066,1250.066,2010-11-01,Other,4.0,"Anniversary of the Green March, Eid al-Adha, Eid al-Adha holiday",Regular,Q4,November,Northern
MAR,2010,12,,,,1234.261,1234.261,2010-12-01,Other,1.0,Hijra New Year,Winter_Holidays,Q4,December,Northern
MAR,2011,1,,,,1187.952,1187.952,2011-01-01,Other,2.0,"New Year's Day, Anniversary of the Independence Manifesto",Winter_Holidays,Q1,January,Northern
MAR,2011,2,,,,1084.633,1084.633,2011-02-01,Other,1.0,The Prophet Muhammad's Birthday,Regular,Q1,February,Northern
MAR,2011,3,,,,1227.078,1227.078,2011-03-01,Other,0.0,None,Regular,Q1,March,Northern
MAR,2011,4,,,,1377.335,1377.335,2011-04-01,Other,0.0,None,Regular,Q2,April,Northern
MAR,2011,5,,,,1205.564,1205.564,2011-05-01,Other,1.0,Labour Day/May Day,Regular,Q2,May,Northern
MAR,2011,6,,,,1256.008,1256.008,2011-06-01,Other,0.0,None,Regular,Q2,June,Northern
MAR,2011,7,,,,1652.613,1652.613,2011-07-01,Other,1.0,Feast of the Throne,Summer_Holidays,Q3,July,Northern
MAR,2011,8,,,,1389.602,1389.602,2011-08-01,Other,4.0,"Anniversary of the Recovery Oued Ed-Dahab, Anniversary of the Revolution of the King and the People, Youth Day",Summer_Holidays,Q3,August,Northern
MAR,2011,9,,,,1311.877,1311.877,2011-09-01,Other,1.0,Eid al-Fitr holiday,Regular,Q3,September,Northern
MAR,2011,10,,,,1347.824,1347.824,2011-10-01,Other,0.0,None,Regular,Q4,October,Northern
MAR,2011,11,,,,1145.559,1145.559,2011-11-01,Other,5.0,"Anniversary of the Green March, Eid al-Adha, Eid al-Adha holiday",Regular,Q4,November,Northern
MAR,2011,12,,,,1146.904,1146.904,2011-12-01,Other,0.0,None,Regular,Q4,December,Northern
MAR,2012,1,,,,1059.553,1059.553,2012-01-01,Other,2.0,"New Year's Day, Anniversary of the Independence Manifesto",Winter_Holidays,Q1,January,Northern
MAR,2012,2,,,,1012.152,1012.152,2012-02-01,Other,1.0,The Prophet Muhammad's Birthday,Regular,Q1,February,Northern
MAR,2012,3,,,,1160.726,1160.726,2012-03-01,Other,0.0,None,Regular,Q1,March,Northern
MAR,2012,4,,,,1282.155,1282.155,2012-04-01,Other,0.0,None,Regular,Q2,April,Northern
MAR,2012,5,,,,1184.723,1184.723,2012-05-01,Other,1.0,Labour Day/May Day,Regular,Q2,May,Northern
MAR,2012,6,,,,1219.115,1219.115,2012-06-01,Other,0.0,None,Regular,Q2,June,Northern
MAR,2012,7,,,,1480.24,1480.24,2012-07-01,Other,1.0,Feast of the Throne,Summer_Holidays,Q3,July,Northern
MAR,2012,8,,,,1467.963,1467.963,2012-08-01,Other,5.0,"Anniversary of the Recovery Oued Ed-Dahab, Eid al-Fitr, Anniversary of the Revolution of the King and the People",Summer_Holidays,Q3,August,Northern
MAR,2012,9,,,,1344.168,1344.168,2012-09-01,Other,0.0,None,Regular,Q3,September,Northern
MAR,2012,10,,,,1296.264,1296.264,2012-10-01,Other,2.0,"Eid al-Adha, Eid al-Adha holiday",Regular,Q4,October,Northern
MAR,2012,11,,,,1171.531,1171.531,2012-11-01,Other,3.0,"Anniversary of the Green March, Hijra New Year, Independence Day",Regular,Q4,November,Northern
MAR,2012,12,,,,1138.107,1138.107,2012-12-01,Other,0.0,None,Regular,Q4,December,Northern
MAR,2013,1,,,,1081.677,1081.677,2013-01-01,Other,3.0,"New Year's Day, Anniversary of the Independence Manifesto, The Prophet Muhammad's Birthday",Winter_Holidays,Q1,January,Northern
MAR,2013,2,,,,986.664,986.664,2013-02-01,Other,0.0,None,Regular,Q1,February,Northern
MAR,2013,3,,,,1241.557,1241.557,2013-03-01,Other,0.0,None,Regular,Q1,March,Northern
MAR,2013,4,,,,1359.419,1359.419,2013-04-01,Other,0.0,None,Regular,Q2,April,Northern
MAR,2013,5,,,,1349.495,1349.495,2013-05-01,Other,1.0,Labour Day/May Day,Regular,Q2,May,Northern
MAR,2013,6,,,,1364.366,1364.366,2013-06-01,Other,0.0,None,Regular,Q2,June,Northern
MAR,2013,7,,,,1371.834,1371.834,2013-07-01,Other,1.0,Feast of the Throne,Summer_Holidays,Q3,July,Northern
MAR,2013,8,,,,1750.283,1750.283,2013-08-01,Other,5.0,"Eid al-Fitr, Eid al-Fitr holiday, Anniversary of the Recovery Oued Ed-Dahab",Summer_Holidays,Q3,August,Northern
MAR,2013,9,,,,1525.708,1525.708,2013-09-01,Other,0.0,None,Regular,Q3,September,Northern
MAR,2013,10,,,,1516.928,1516.928,2013-10-01,Other,2.0,"Eid al-Adha, Eid al-Adha holiday",Regular,Q4,October,Northern
MAR,2013,11,,,,1231.525,1231.525,2013-11-01,Other,3.0,"Hijra New Year, Anniversary of the Green March, Independence Day",Regular,Q4,November,Northern
MAR,2013,12,,,,1303.723,1303.723,2013-12-01,Other,0.0,None,Regular,Q4,December,Northern
MAR,2014,1,,,,1242.397,1242.397,2014-01-01,Other,3.0,"New Year's Day, Anniversary of the Independence Manifesto, The Prophet Muhammad's Birthday",Winter_Holidays,Q1,January,Northern
MAR,2014,2,,,,1146.41,1146.41,2014-02-01,Other,0.0,None,Regular,Q1,February,Northern
MAR,2014,3,,,,1406.455,1406.455,2014-03-01,Other,0.0,None,Regular,Q1,March,Northern
MAR,2014,4,,,,1489.481,1489.481,2014-04-01,Other,0.0,None,Regular,Q2,April,Northern
MAR,2014,5,,,,1442.293,1442.293,2014-05-01,Other,1.0,Labour Day/May Day,Regular,Q2,May,Northern
MAR,2014,6,,,,1410.828,1410.828,2014-06-01,Other,0.0,None,Regular,Q2,June,Northern
MAR,2014,7,,,,1316.481,1316.481,2014-07-01,Other,4.0,"Eid al-Fitr holiday, Eid al-Fitr, Feast of the Throne",Summer_Holidays,Q3,July,Northern
MAR,2014,8,,,,1827.291,1827.291,2014-08-01,Other,3.0,"Anniversary of the Recovery Oued Ed-Dahab, Anniversary of the Revolution of the King and the People, Youth Day",Summer_Holidays,Q3,August,Northern
MAR,2014,9,,,,1544.118,1544.118,2014-09-01,Other,0.0,None,Regular,Q3,September,Northern
MAR,2014,10,,,,1500.462,1500.462,2014-10-01,Other,3.0,"Eid al-Adha, Eid al-Adha holiday, Hijra New Year",Regular,Q4,October,Northern
MAR,2014,11,,,,1239.373,1239.373,2014-11-01,Other,2.0,"Anniversary of the Green March, Independence Day",Regular,Q4,November,Northern
MAR,2014,12,,,,1270.023,1270.023,2014-12-01,Other,0.0,None,Regular,Q4,December,Northern
MDA,2010,1,,,,55.37,55.37,2010-01-01,Other,3.0,"New Year's Day, Orthodox Christmas Day, Orthodox Christmas Day holiday",Winter_Holidays,Q1,January,Northern
MDA,2010,2,,,,43.014,43.014,2010-02-01,Other,1.0,Valentine's Day,Regular,Q1,February,Northern
MDA,2010,3,,,,50.957,50.957,2010-03-01,Other,2.0,"Martisor (first day of spring), International Women's Day",Spring_Holidays,Q1,March,Northern
MDA,2010,4,,,,59.379,59.379,2010-04-01,Other,6.0,"Orthodox Good Friday, Orthodox Holy Saturday, State Flag Day",Spring_Holidays,Q2,April,Northern
MDA,2010,5,,,,82.758,82.758,2010-05-01,Other,6.0,"International Day of Solidarity of Workers, Bal<U+021B>i Day, Europe Day",Regular,Q2,May,Northern
MDA,2010,6,,,,94.16,94.16,2010-06-01,Other,3.0,"International Children's Day, World Environment Day, Statehood Day",Regular,Q2,June,Northern
MDA,2010,7,,,,108.861,108.861,2010-07-01,Other,1.0,Constitution Day,Summer_Holidays,Q3,July,Northern
MDA,2010,8,,,,123.657,123.657,2010-08-01,Other,2.0,"Independence Day, Language Day",Summer_Holidays,Q3,August,Northern
MDA,2010,9,,,,104.753,104.753,2010-09-01,Other,0.0,None,Regular,Q3,September,Northern
MDA,2010,10,,,,84.229,84.229,2010-10-01,Other,3.0,"Chi<U+0219>inau Day, Wine Day, Halloween",Regular,Q4,October,Northern
MDA,2010,11,,,,64.871,64.871,2010-11-01,Other,1.0,Cahul Day,Regular,Q4,November,Northern
MDA,2010,12,,,,65.028,65.028,2010-12-01,Other,4.0,"International Human Rights Day, Christmas Eve, New Year's Eve",Winter_Holidays,Q4,December,Northern
MDA,2011,1,,,,66.894,66.894,2011-01-01,Other,3.0,"New Year's Day, Orthodox Christmas Day, Orthodox Christmas Day holiday",Winter_Holidays,Q1,January,Northern
MDA,2011,2,,,,48.896,48.896,2011-02-01,Other,1.0,Valentine's Day,Regular,Q1,February,Northern
MDA,2011,3,,,,55.778,55.778,2011-03-01,Other,2.0,"Martisor (first day of spring), International Women's Day",Spring_Holidays,Q1,March,Northern
MDA,2011,4,,,,70.686,70.686,2011-04-01,Other,5.0,"Orthodox Good Friday, Orthodox Holy Saturday, State Flag Day",Spring_Holidays,Q2,April,Northern
MDA,2011,5,,,,95.331,95.331,2011-05-01,Other,7.0,"International Day of Solidarity of Workers, Bal<U+021B>i Day, Europe Day",Regular,Q2,May,Northern
MDA,2011,7,,,,121.89,121.89,2011-07-01,Other,1.0,Constitution Day,Summer_Holidays,Q3,July,Northern
MDA,2011,8,,,,131.653,131.653,2011-08-01,Other,2.0,"Independence Day, Language Day",Summer_Holidays,Q3,August,Northern
MDA,2011,9,,,,115.171,115.171,2011-09-01,Other,0.0,None,Regular,Q3,September,Northern
MDA,2011,10,,,,89.671,89.671,2011-10-01,Other,3.0,"Chi<U+0219>inau Day, Wine Day, Halloween",Regular,Q4,October,Northern
MDA,2011,11,,,,71.289,71.289,2011-11-01,Other,1.0,Cahul Day,Regular,Q4,November,Northern
MDA,2011,12,,,,69.478,69.478,2011-12-01,Other,4.0,"International Human Rights Day, Christmas Eve, New Year's Eve",Winter_Holidays,Q4,December,Northern
MDA,2012,1,,,,74.362,74.362,2012-01-01,Other,3.0,"New Year's Day, Orthodox Christmas Day, Orthodox Christmas Day holiday",Winter_Holidays,Q1,January,Northern
MDA,2012,2,,,,56.099,56.099,2012-02-01,Other,1.0,Valentine's Day,Regular,Q1,February,Northern
MDA,2012,3,,,,63.191,63.191,2012-03-01,Other,2.0,"Martisor (first day of spring), International Women's Day",Spring_Holidays,Q1,March,Northern
MDA,2012,4,,,,85.696,85.696,2012-04-01,Other,6.0,"Orthodox Good Friday, Orthodox Holy Saturday, State Flag Day",Spring_Holidays,Q2,April,Northern
MDA,2012,5,,,,101.296,101.296,2012-05-01,Other,6.0,"International Day of Solidarity of Workers, Bal<U+021B>i Day, Europe Day",Regular,Q2,May,Northern
MDA,2012,6,,,,128.753,128.753,2012-06-01,Other,3.0,"International Children's Day, World Environment Day, Statehood Day",Regular,Q2,June,Northern
MDA,2012,7,,,,146.439,146.439,2012-07-01,Other,1.0,Constitution Day,Summer_Holidays,Q3,July,Northern
MDA,2012,8,,,,158.195,158.195,2012-08-01,Other,2.0,"Independence Day, Language Day",Summer_Holidays,Q3,August,Northern
MDA,2012,9,,,,141.15,141.15,2012-09-01,Other,0.0,None,Regular,Q3,September,Northern
MDA,2012,10,,,,105.099,105.099,2012-10-01,Other,4.0,"Chi<U+0219>inau Day, Wine Day (Day 1), Wine Day (Day 2)",Regular,Q4,October,Northern
MDA,2012,11,,,,79.048,79.048,2012-11-01,Other,1.0,Cahul Day,Regular,Q4,November,Northern
MDA,2012,12,,,,80.786,80.786,2012-12-01,Other,4.0,"International Human Rights Day, Christmas Eve, New Year's Eve",Winter_Holidays,Q4,December,Northern
MDA,2013,1,,,,83.017,83.017,2013-01-01,Other,3.0,"New Year's Day, Orthodox Christmas Day, Orthodox Christmas Day holiday",Winter_Holidays,Q1,January,Northern
MDA,2013,2,,,,63.347,63.347,2013-02-01,Other,1.0,Valentine's Day,Regular,Q1,February,Northern
MDA,2013,3,,,,73.148,73.148,2013-03-01,Other,2.0,"Martisor (first day of spring), International Women's Day",Spring_Holidays,Q1,March,Northern
MDA,2013,4,,,,83.694,83.694,2013-04-01,Other,1.0,State Flag Day,Spring_Holidays,Q2,April,Northern
MDA,2013,5,,,,124.727,124.727,2013-05-01,Other,11.0,"International Day of Solidarity of Workers, Bal<U+021B>i Day, Orthodox Good Friday",Regular,Q2,May,Northern
MDA,2013,6,,,,131.744,131.744,2013-06-01,Other,3.0,"International Children's Day, World Environment Day, Statehood Day",Regular,Q2,June,Northern
MDA,2013,7,,,,145.704,145.704,2013-07-01,Other,1.0,Constitution Day,Summer_Holidays,Q3,July,Northern
MDA,2013,8,,,,157.785,157.785,2013-08-01,Other,2.0,"Independence Day, Language Day",Summer_Holidays,Q3,August,Northern
MDA,2013,9,,,,141.446,141.446,2013-09-01,Other,0.0,None,Regular,Q3,September,Northern
MDA,2013,10,,,,116.418,116.418,2013-10-01,Other,4.0,"Chi<U+0219>inau Day, Wine Day (Day 1), Wine Day (Day 2)",Regular,Q4,October,Northern
MDA,2013,11,,,,96.959,96.959,2013-11-01,Other,1.0,Cahul Day,Regular,Q4,November,Northern
MDA,2013,12,,,,102.512,102.512,2013-12-01,Other,4.0,"International Human Rights Day, Christmas Eve, New Year's Eve",Winter_Holidays,Q4,December,Northern
MDA,2014,1,,,,107.817,107.817,2014-01-01,Other,5.0,"New Year's Day, Orthodox Christmas holiday, Orthodox Christmas Day",Winter_Holidays,Q1,January,Northern
MDA,2014,2,,,,82.286,82.286,2014-02-01,Other,1.0,Valentine's Day,Regular,Q1,February,Northern
MDA,2014,3,,,,99.315,99.315,2014-03-01,Other,2.0,"Martisor (first day of spring), International Women's Day",Spring_Holidays,Q1,March,Northern
MDA,2014,4,,,,118.672,118.672,2014-04-01,Other,6.0,"Orthodox Good Friday, Orthodox Holy Saturday, State Flag Day",Spring_Holidays,Q2,April,Northern
MDA,2014,5,,,,151.503,151.503,2014-05-01,Other,8.0,"International Day of Solidarity of Workers, International Day of Solidarity of Workers holiday, Bal<U+021B>i Day",Regular,Q2,May,Northern
MDA,2014,6,,,,174.638,174.638,2014-06-01,Other,3.0,"International Children's Day, World Environment Day, Statehood Day",Regular,Q2,June,Northern
MDA,2014,7,,,,194.196,194.196,2014-07-01,Other,1.0,Constitution Day,Summer_Holidays,Q3,July,Northern
MDA,2014,8,,,,213.304,213.304,2014-08-01,Other,2.0,"Independence Day, Language Day",Summer_Holidays,Q3,August,Northern
MDA,2014,9,,,,196.175,196.175,2014-09-01,Other,0.0,None,Regular,Q3,September,Northern
MDA,2014,10,,,,156.455,156.455,2014-10-01,Other,4.0,"Chi<U+0219>inau Day, Wine Day (Day 1), Wine Day (Day 2)",Regular,Q4,October,Northern
MDA,2014,11,,,,139.561,139.561,2014-11-01,Other,1.0,Cahul Day,Regular,Q4,November,Northern
MDA,2014,12,,,,147.247,147.247,2014-12-01,Other,7.0,"International Human Rights Day, Christmas Eve, New Year's Eve",Winter_Holidays,Q4,December,Northern
MDA,2015,1,,,,151.984,151.984,2015-01-01,Other,6.0,"New Year's Day, Orthodox Christmas Day, Orthodox Christmas Day holiday",Winter_Holidays,Q1,January,Northern
MDA,2015,2,,,,111.089,111.089,2015-02-01,Other,1.0,Valentine's Day,Regular,Q1,February,Northern
MDA,2015,3,,,,117.093,117.093,2015-03-01,Other,2.0,"Martisor (first day of spring), International Women's Day",Spring_Holidays,Q1,March,Northern
MDA,2015,4,,,,159.981,159.981,2015-04-01,Other,6.0,"Orthodox Good Friday, Orthodox Holy Saturday, State Flag Day",Spring_Holidays,Q2,April,Northern
MDA,2015,5,,,,199.626,199.626,2015-05-01,Other,6.0,"International Day of Solidarity of Workers, Bal<U+021B>i Day, Europe Day",Regular,Q2,May,Northern
MDA,2015,6,,,,242.398,242.398,2015-06-01,Other,3.0,"International Children's Day, World Environment Day, Statehood Day",Regular,Q2,June,Northern
MDA,2015,7,,,,264.542,264.542,2015-07-01,Other,1.0,Constitution Day,Summer_Holidays,Q3,July,Northern
MDA,2015,8,,,,276.775,276.775,2015-08-01,Other,4.0,"Independence Day, Independence Day holiday, Language Day",Summer_Holidays,Q3,August,Northern
MDA,2015,9,,,,217.995,217.995,2015-09-01,Other,0.0,None,Regular,Q3,September,Northern
MDA,2015,10,,,,172.592,172.592,2015-10-01,Other,4.0,"Chi<U+0219>inau Day, Wine Day (Day 1), Wine Day (Day 2)",Regular,Q4,October,Northern
MDA,2015,11,,,,149.845,149.845,2015-11-01,Other,1.0,Cahul Day,Regular,Q4,November,Northern
MDA,2015,12,,,,155.242,155.242,2015-12-01,Other,4.0,"International Human Rights Day, Christmas Eve, New Year's Eve",Winter_Holidays,Q4,December,Northern
MDA,2016,1,,,,159.157,159.157,2016-01-01,Other,3.0,"New Year's Day, Orthodox Christmas Day, Orthodox Christmas Day holiday",Winter_Holidays,Q1,January,Northern
MDA,2016,2,,,,117.033,117.033,2016-02-01,Other,1.0,Valentine's Day,Regular,Q1,February,Northern
MDA,2016,3,,,,132.124,132.124,2016-03-01,Other,4.0,"Martisor (first day of spring), International Women's Day holiday, International Women's Day",Spring_Holidays,Q1,March,Northern
MDA,2016,4,,,,143.336,143.336,2016-04-01,Other,3.0,"State Flag Day, Orthodox Good Friday, Orthodox Holy Saturday",Spring_Holidays,Q2,April,Northern
MDA,2016,5,,,,191.511,191.511,2016-05-01,Other,9.0,"International Day of Solidarity of Workers, Bal<U+021B>i Day, Europe Day",Regular,Q2,May,Northern
MDA,2016,6,,,,216.522,216.522,2016-06-01,Other,3.0,"World Environment Day, Statehood Day, International Children's Day",Regular,Q2,June,Northern
MDA,2016,7,,,,247.457,247.457,2016-07-01,Other,1.0,Constitution Day,Summer_Holidays,Q3,July,Northern
MDA,2016,8,,,,270.797,270.797,2016-08-01,Other,2.0,"Independence Day, Language Day",Summer_Holidays,Q3,August,Northern
MDA,2016,9,,,,228.543,228.543,2016-09-01,Other,0.0,None,Regular,Q3,September,Northern
MDA,2016,10,,,,190.885,190.885,2016-10-01,Other,4.0,"Chi<U+0219>inau Day, Wine Day (Day 1), Wine Day (Day 2)",Regular,Q4,October,Northern
MDA,2016,11,,,,148.861,148.861,2016-11-01,Other,1.0,Cahul Day,Regular,Q4,November,Northern
MDA,2016,12,,,,160.04,160.04,2016-12-01,Other,4.0,"International Human Rights Day, Christmas Eve, New Year's Eve",Winter_Holidays,Q4,December,Northern
MDA,2017,1,,,,173.593,173.593,2017-01-01,Other,3.0,"New Year's Day, Orthodox Christmas Day, Orthodox Christmas Day holiday",Winter_Holidays,Q1,January,Northern
MDA,2017,2,,,,138.027,138.027,2017-02-01,Other,1.0,Valentine's Day,Regular,Q1,February,Northern
MDA,2017,3,,,,155.18,155.18,2017-03-01,Other,2.0,"Martisor (first day of spring), International Women's Day",Spring_Holidays,Q1,March,Northern
MDA,2017,4,,,,204.838,204.838,2017-04-01,Other,6.0,"Orthodox Good Friday, Orthodox Holy Saturday, State Flag Day",Spring_Holidays,Q2,April,Northern
MDA,2017,5,,,,232.54,232.54,2017-05-01,Other,8.0,"International Day of Solidarity of Workers, Bal<U+021B>i Day, Europe Day",Regular,Q2,May,Northern
MDA,2017,6,,,,301.715,301.715,2017-06-01,Other,4.0,"World Environment Day, Statehood Day, International Children's Day",Regular,Q2,June,Northern
MDA,2017,7,,,,333.515,333.515,2017-07-01,Other,1.0,Constitution Day,Summer_Holidays,Q3,July,Northern
MDA,2017,8,,,,344.359,344.359,2017-08-01,Other,2.0,"Independence Day, Language Day",Summer_Holidays,Q3,August,Northern
MDA,2017,9,,,,282.152,282.152,2017-09-01,Other,2.0,"Language Day Extra Holiday, Special Working Day",Regular,Q3,September,Northern
MDA,2017,10,,,,217.292,217.292,2017-10-01,Other,4.0,"Chi<U+0219>inau Day, Wine Day (Day 2), Wine Day (Day 1)",Regular,Q4,October,Northern
MDA,2017,11,,,,175.935,175.935,2017-11-01,Other,1.0,Cahul Day,Regular,Q4,November,Northern
MDA,2017,12,,,,185.507,185.507,2017-12-01,Other,4.0,"International Human Rights Day, Christmas Eve, New Year's Eve",Winter_Holidays,Q4,December,Northern
MEX,2010,1,,,,6102.397,6102.397,2010-01-01,Latin America,2.0,"Day of the Holy Kings, New Year's Day",Winter_Holidays,Q1,January,Northern
MEX,2010,2,,,,5542.941,5542.941,2010-02-01,Latin America,5.0,"Candlemas, Valentine's Day, Flag Day",Regular,Q1,February,Northern
MEX,2010,3,,,,6741.286,6741.286,2010-03-01,Latin America,3.0,"Oil Expropriation Day, Day off for Benito Ju?rez's Birthday Memorial, Benito Ju?rez's Birthday Memorial",Spring_Holidays,Q1,March,Northern
MEX,2010,4,,,,6123.535,6123.535,2010-04-01,Latin America,4.0,"Holy Saturday, Children's Day, Maundy Thursday",Spring_Holidays,Q2,April,Northern
MEX,2010,5,,,,6096.881,6096.881,2010-05-01,Latin America,6.0,"Battle of Puebla (Cinco de Mayo), Mother's Day, Ascension Day",Regular,Q2,May,Northern
MEX,2010,6,,,,6054.861,6054.861,2010-06-01,Latin America,2.0,"Corpus Christi, Father's Day",Regular,Q2,June,Northern
MEX,2010,7,,,,7310.595,7310.595,2010-07-01,Latin America,0.0,None,Regular,Q3,July,Northern
MEX,2010,8,,,,6583.4,6583.4,2010-08-01,Latin America,1.0,Assumption of Mary,Summer_Holidays,Q3,August,Northern
MEX,2010,9,,,,4743.232,4743.232,2010-09-01,Latin America,2.0,"Shout of Dolores, Independence Day",Regular,Q3,September,Northern
MEX,2010,10,,,,5426.041,5426.041,2010-10-01,Latin America,2.0,"Columbus Day, Halloween",Regular,Q4,October,Northern
MEX,2010,11,,,,5637.136,5637.136,2010-11-01,Latin America,5.0,"All Saints' Day, All Souls' Day, Christ the King Day",Regular,Q4,November,Northern
MEX,2010,12,,,,6277.659,6277.659,2010-12-01,Latin America,5.0,"Feast of the Immaculate Conception, Day of the Virgin of Guadalupe, Day of the Holy Innocents",Winter_Holidays,Q4,December,Northern
MEX,2011,1,,,,6018.416,6018.416,2011-01-01,Latin America,2.0,"Day of the Holy Kings, New Year's Day",Winter_Holidays,Q1,January,Northern
MEX,2011,2,,,,5420.638,5420.638,2011-02-01,Latin America,5.0,"Candlemas, Valentine's Day, Flag Day",Regular,Q1,February,Northern
MEX,2011,3,,,,6483.605,6483.605,2011-03-01,Latin America,2.0,"Oil Expropriation Day, Benito Ju?rez's Birthday Memorial",Spring_Holidays,Q1,March,Northern
MEX,2011,4,,,,6345.263,6345.263,2011-04-01,Latin America,4.0,"Holy Saturday, Children's Day, Maundy Thursday",Spring_Holidays,Q2,April,Northern
MEX,2011,5,,,,6254.279,6254.279,2011-05-01,Latin America,4.0,"Battle of Puebla (Cinco de Mayo), Mother's Day, Teacher's Day",Regular,Q2,May,Northern
MEX,2011,6,,,,6064.402,6064.402,2011-06-01,Latin America,4.0,"Ascension Day, Whit Sunday, Father's Day",Regular,Q2,June,Northern
MEX,2011,7,,,,7407.147,7407.147,2011-07-01,Latin America,0.0,None,Regular,Q3,July,Northern
MEX,2011,8,,,,6714.314,6714.314,2011-08-01,Latin America,1.0,Assumption of Mary,Summer_Holidays,Q3,August,Northern
MEX,2011,9,,,,5527.863,5527.863,2011-09-01,Latin America,2.0,"Shout of Dolores, Independence Day",Regular,Q3,September,Northern
MEX,2011,10,,,,6062.972,6062.972,2011-10-01,Latin America,2.0,"Columbus Day, Halloween",Regular,Q4,October,Northern
MEX,2011,11,,,,6348.42,6348.42,2011-11-01,Latin America,5.0,"All Saints' Day, All Souls' Day, Christ the King Day",Regular,Q4,November,Northern
MEX,2011,12,,,,7201.469,7201.469,2011-12-01,Latin America,5.0,"Feast of the Immaculate Conception, Day of the Virgin of Guadalupe, Day of the Holy Innocents",Winter_Holidays,Q4,December,Northern
MEX,2012,1,,,,6721.795,6721.795,2012-01-01,Latin America,2.0,"Day of the Holy Kings, New Year's Day",Winter_Holidays,Q1,January,Northern
MEX,2012,2,,,,6218.789,6218.789,2012-02-01,Latin America,5.0,"Candlemas, Valentine's Day, Flag Day",Regular,Q1,February,Northern
MEX,2012,3,,,,7216.357,7216.357,2012-03-01,Latin America,3.0,"Oil Expropriation Day, Day off for Benito Ju?rez's Birthday Memorial, Benito Ju?rez's Birthday Memorial",Spring_Holidays,Q1,March,Northern
MEX,2012,4,,,,6828.103,6828.103,2012-04-01,Latin America,4.0,"Holy Saturday, Children's Day, Maundy Thursday",Spring_Holidays,Q2,April,Northern
MEX,2012,5,,,,6532.574,6532.574,2012-05-01,Latin America,6.0,"Battle of Puebla (Cinco de Mayo), Mother's Day, Teacher's Day",Regular,Q2,May,Northern
MEX,2012,6,,,,6746.488,6746.488,2012-06-01,Latin America,2.0,"Corpus Christi, Father's Day",Regular,Q2,June,Northern
MEX,2012,7,,,,8091.279,8091.279,2012-07-01,Latin America,1.0,Mexican general election,Summer_Holidays,Q3,July,Northern
MEX,2012,8,,,,7331.999,7331.999,2012-08-01,Latin America,1.0,Assumption of Mary,Summer_Holidays,Q3,August,Northern
MEX,2012,9,,,,5977.083,5977.083,2012-09-01,Latin America,2.0,"Shout of Dolores, Independence Day",Regular,Q3,September,Northern
MEX,2012,10,,,,6482.893,6482.893,2012-10-01,Latin America,2.0,"Columbus Day, Halloween",Regular,Q4,October,Northern
MEX,2012,11,,,,6856.759,6856.759,2012-11-01,Latin America,5.0,"All Saints' Day, All Souls' Day, Christ the King Day",Regular,Q4,November,Northern
MEX,2012,12,,,,7702.077,7702.077,2012-12-01,Latin America,6.0,"Feast of the Immaculate Conception, Day of the Virgin of Guadalupe, Day of the Holy Innocents",Winter_Holidays,Q4,December,Northern
MEX,2013,1,,,,7200.831,7200.831,2013-01-01,Latin America,2.0,"Day of the Holy Kings, New Year's Day",Winter_Holidays,Q1,January,Northern
MEX,2013,2,,,,6379.328,6379.328,2013-02-01,Latin America,5.0,"Candlemas, Valentine's Day, Flag Day",Regular,Q1,February,Northern
MEX,2013,3,,,,7724.195,7724.195,2013-03-01,Latin America,6.0,"Oil Expropriation Day, Holy Saturday, Day off for Benito Ju?rez's Birthday Memorial",Spring_Holidays,Q1,March,Northern
MEX,2013,4,,,,7088.108,7088.108,2013-04-01,Latin America,1.0,Children's Day,Spring_Holidays,Q2,April,Northern
MEX,2013,5,,,,7107.439,7107.439,2013-05-01,Latin America,7.0,"Battle of Puebla (Cinco de Mayo), Ascension Day, Mother's Day",Regular,Q2,May,Northern
MEX,2013,6,,,,7312.773,7312.773,2013-06-01,Latin America,1.0,Father's Day,Regular,Q2,June,Northern
MEX,2013,7,,,,8837.47,8837.47,2013-07-01,Latin America,0.0,None,Regular,Q3,July,Northern
MEX,2013,8,,,,8041.569,8041.569,2013-08-01,Latin America,1.0,Assumption of Mary,Summer_Holidays,Q3,August,Northern
MEX,2013,9,,,,6474.406,6474.406,2013-09-01,Latin America,2.0,"Shout of Dolores, Independence Day",Regular,Q3,September,Northern
MEX,2013,10,,,,7001.649,7001.649,2013-10-01,Latin America,2.0,"Columbus Day, Halloween",Regular,Q4,October,Northern
MEX,2013,11,,,,7492.878,7492.878,2013-11-01,Latin America,5.0,"All Saints' Day, All Souls' Day, Christ the King Day",Regular,Q4,November,Northern
MEX,2013,12,,,,8412.984,8412.984,2013-12-01,Latin America,5.0,"Feast of the Immaculate Conception, Day of the Virgin of Guadalupe, Day of the Holy Innocents",Winter_Holidays,Q4,December,Northern
MEX,2014,1,,,,8023.454,8023.454,2014-01-01,Latin America,2.0,"Day of the Holy Kings, New Year's Day",Winter_Holidays,Q1,January,Northern
MEX,2014,2,,,,7003.728,7003.728,2014-02-01,Latin America,5.0,"Candlemas, Valentine's Day, Flag Day",Regular,Q1,February,Northern
MEX,2014,3,,,,8149.667,8149.667,2014-03-01,Latin America,3.0,"Oil Expropriation Day, Day off for Benito Ju?rez's Birthday Memorial, Benito Ju?rez's Birthday Memorial",Spring_Holidays,Q1,March,Northern
MEX,2014,4,,,,8010.315,8010.315,2014-04-01,Latin America,4.0,"Holy Saturday, Children's Day, Maundy Thursday",Spring_Holidays,Q2,April,Northern
MEX,2014,5,,,,7982.339,7982.339,2014-05-01,Latin America,5.0,"Battle of Puebla (Cinco de Mayo), Mother's Day, Teacher's Day",Regular,Q2,May,Northern
MEX,2014,6,,,,7874.58,7874.58,2014-06-01,Latin America,3.0,"Whit Sunday, Father's Day, Corpus Christi",Regular,Q2,June,Northern
MEX,2014,7,,,,9357.507,9357.507,2014-07-01,Latin America,0.0,None,Regular,Q3,July,Northern
MEX,2014,8,,,,8729.981,8729.981,2014-08-01,Latin America,1.0,Assumption of Mary,Summer_Holidays,Q3,August,Northern
MEX,2014,9,,,,6839.073,6839.073,2014-09-01,Latin America,2.0,"Shout of Dolores, Independence Day",Regular,Q3,September,Northern
MEX,2014,10,,,,7599.098,7599.098,2014-10-01,Latin America,2.0,"Columbus Day, Halloween",Regular,Q4,October,Northern
MEX,2014,11,,,,8189.383,8189.383,2014-11-01,Latin America,5.0,"All Saints' Day, All Souls' Day, Christ the King Day",Regular,Q4,November,Northern
MEX,2014,12,,,,9058.706,9058.706,2014-12-01,Latin America,5.0,"Feast of the Immaculate Conception, Day of the Holy Innocents, New Year's Eve",Winter_Holidays,Q4,December,Northern
MEX,2015,1,,,,8553.474,8553.474,2015-01-01,Latin America,2.0,"Day of the Holy Kings, New Year's Day",Winter_Holidays,Q1,January,Northern
MEX,2015,2,,,,7686.629,7686.629,2015-02-01,Latin America,5.0,"Candlemas, Valentine's Day, Flag Day",Regular,Q1,February,Northern
MEX,2015,3,,,,9268.583,9268.583,2015-03-01,Latin America,3.0,"Oil Expropriation Day, Day off for Benito Ju?rez's Birthday Memorial, Benito Ju?rez's Birthday Memorial",Spring_Holidays,Q1,March,Northern
MEX,2015,4,,,,8990.08,8990.08,2015-04-01,Latin America,4.0,"Holy Saturday, Children's Day, Maundy Thursday",Spring_Holidays,Q2,April,Northern
MEX,2015,5,,,,8965.636,8965.636,2015-05-01,Latin America,6.0,"Battle of Puebla (Cinco de Mayo), Mother's Day, Ascension Day",Regular,Q2,May,Northern
MEX,2015,6,,,,8986.396,8986.396,2015-06-01,Latin America,2.0,"Corpus Christi, Father's Day",Regular,Q2,June,Northern
MEX,2015,7,,,,10629.827,10629.827,2015-07-01,Latin America,0.0,None,Regular,Q3,July,Northern
MEX,2015,8,,,,9926.741,9926.741,2015-08-01,Latin America,1.0,Assumption of Mary,Summer_Holidays,Q3,August,Northern
MEX,2015,9,,,,7894.611,7894.611,2015-09-01,Latin America,2.0,"Shout of Dolores, Independence Day",Regular,Q3,September,Northern
MEX,2015,10,,,,8610.431,8610.431,2015-10-01,Latin America,2.0,"Columbus Day, Halloween",Regular,Q4,October,Northern
MEX,2015,11,,,,9153.843,9153.843,2015-11-01,Latin America,5.0,"All Saints' Day, All Souls' Day, Christ the King Day",Regular,Q4,November,Northern
MEX,2015,12,,,,10050.617,10050.617,2015-12-01,Latin America,5.0,"Feast of the Immaculate Conception, Day of the Holy Innocents, New Year's Eve",Winter_Holidays,Q4,December,Northern
MEX,2016,1,,,,9609.057,9609.057,2016-01-01,Latin America,2.0,"Day of the Holy Kings, New Year's Day",Winter_Holidays,Q1,January,Northern
MEX,2016,2,,,,6332.182,6332.182,2016-02-01,Latin America,5.0,"Candlemas, Valentine's Day, Flag Day",Regular,Q1,February,Northern
MEX,2016,3,,,,7515.221,7515.221,2016-03-01,Latin America,5.0,"Oil Expropriation Day, Holy Saturday, Benito Ju?rez's Birthday Memorial",Spring_Holidays,Q1,March,Northern
MEX,2016,4,,,,6961.919,6961.919,2016-04-01,Latin America,1.0,Children's Day,Spring_Holidays,Q2,April,Northern
MEX,2016,5,,,,7219.807,7219.807,2016-05-01,Latin America,7.0,"Battle of Puebla (Cinco de Mayo), Ascension Day, Mother's Day",Regular,Q2,May,Northern
MEX,2016,6,,,,7375.107,7375.107,2016-06-01,Latin America,1.0,Father's Day,Regular,Q2,June,Northern
MEX,2016,7,,,,8729.152,8729.152,2016-07-01,Latin America,0.0,None,Regular,Q3,July,Northern
MEX,2016,8,,,,2484.483,2484.483,2016-08-01,Latin America,1.0,Assumption of Mary,Summer_Holidays,Q3,August,Northern
MEX,2016,9,,,,1897.746,1897.746,2016-09-01,Latin America,2.0,"Shout of Dolores, Independence Day",Regular,Q3,September,Northern
MEX,2016,10,,,,2073.146,2073.146,2016-10-01,Latin America,2.0,"Columbus Day, Halloween",Regular,Q4,October,Northern
MEX,2016,11,,,,2314.675,2314.675,2016-11-01,Latin America,5.0,"All Saints' Day, All Souls' Day, Christ the King Day",Regular,Q4,November,Northern
MEX,2016,12,,,,2693.564,2693.564,2016-12-01,Latin America,5.0,"Feast of the Immaculate Conception, Day of the Holy Innocents, New Year's Eve",Winter_Holidays,Q4,December,Northern
MEX,2017,1,,,,2708.879,2708.879,2017-01-01,Latin America,2.0,"Day of the Holy Kings, New Year's Day",Winter_Holidays,Q1,January,Northern
MEX,2017,2,,,,2371.409,2371.409,2017-02-01,Latin America,5.0,"Candlemas, Valentine's Day, Flag Day",Regular,Q1,February,Northern
MEX,2017,3,,,,2717.507,2717.507,2017-03-01,Latin America,3.0,"Oil Expropriation Day, Day off for Benito Ju?rez's Birthday Memorial, Benito Ju?rez's Birthday Memorial",Spring_Holidays,Q1,March,Northern
MEX,2017,4,,,,2758.623,2758.623,2017-04-01,Latin America,4.0,"Holy Saturday, Children's Day, Maundy Thursday",Spring_Holidays,Q2,April,Northern
MEX,2017,5,,,,2552.127,2552.127,2017-05-01,Latin America,5.0,"Battle of Puebla (Cinco de Mayo), Mother's Day, Teacher's Day",Regular,Q2,May,Northern
MEX,2017,6,,,,2638.917,2638.917,2017-06-01,Latin America,3.0,"Whit Sunday, Corpus Christi, Father's Day",Regular,Q2,June,Northern
MEX,2017,7,,,,3041.299,3041.299,2017-07-01,Latin America,0.0,None,Regular,Q3,July,Northern
MEX,2017,8,,,,2732.939,2732.939,2017-08-01,Latin America,1.0,Assumption of Mary,Summer_Holidays,Q3,August,Northern
MEX,2017,9,,,,2008.819,2008.819,2017-09-01,Latin America,2.0,"Shout of Dolores, Independence Day",Regular,Q3,September,Northern
MKD,2011,1,,,,45.075,45.075,2011-01-01,Other,2.0,"New Year's Day, Orthodox Christmas Day",Winter_Holidays,Q1,January,Northern
MKD,2011,2,,,,38.401,38.401,2011-02-01,Other,1.0,Valentine's Day,Regular,Q1,February,Northern
MKD,2011,3,,,,44.329,44.329,2011-03-01,Other,1.0,Mothers' Day/International Women's Day,Spring_Holidays,Q1,March,Northern
MKD,2011,4,,,,55.19,55.19,2011-04-01,Other,6.0,"Good Friday, Easter Saturday, Easter Saturday (Orthodox)",Spring_Holidays,Q2,April,Northern
MKD,2011,5,,,,59.612,59.612,2011-05-01,Other,3.0,"Labor Day, Labor Day observed, Saints Cyril and Methodius' Day",Regular,Q2,May,Northern
MKD,2011,6,,,,68.814,68.814,2011-06-01,Other,0.0,None,Regular,Q2,June,Northern
MKD,2011,7,,,,97.625,97.625,2011-07-01,Other,0.0,None,Regular,Q3,July,Northern
MKD,2011,8,,,,90.398,90.398,2011-08-01,Other,2.0,"Republic Day, Eid al-Fitr",Summer_Holidays,Q3,August,Northern
MKD,2011,9,,,,75.684,75.684,2011-09-01,Other,2.0,"Fathers' Day, Independence Day",Regular,Q3,September,Northern
MKD,2011,10,,,,70.883,70.883,2011-10-01,Other,4.0,"Halloween, Day of People?s Uprising, Day of the Macedonian Revolutionary Struggle",Regular,Q4,October,Northern
MKD,2011,11,,,,56.216,56.216,2011-11-01,Other,0.0,None,Regular,Q4,November,Northern
MKD,2011,12,,,,61.693,61.693,2011-12-01,Other,3.0,"Christmas Eve, New Year's Eve, Saint Kliment Ohridski's Day",Winter_Holidays,Q4,December,Northern
MKD,2012,1,,,,61.428,61.428,2012-01-01,Other,3.0,"New Year's Day, New Year's Day observed, Orthodox Christmas Day",Winter_Holidays,Q1,January,Northern
MKD,2012,2,,,,47.767,47.767,2012-02-01,Other,1.0,Valentine's Day,Regular,Q1,February,Northern
MKD,2012,3,,,,56.159,56.159,2012-03-01,Other,1.0,Mothers' Day/International Women's Day,Spring_Holidays,Q1,March,Northern
MKD,2012,4,,,,66.05,66.05,2012-04-01,Other,6.0,"Good Friday, Easter Saturday, Easter Sunday",Spring_Holidays,Q2,April,Northern
MKD,2012,5,,,,67.92,67.92,2012-05-01,Other,2.0,"Labor Day, Saints Cyril and Methodius' Day",Regular,Q2,May,Northern
MKD,2012,6,,,,77.126,77.126,2012-06-01,Other,0.0,None,Regular,Q2,June,Northern
MKD,2012,7,,,,96.929,96.929,2012-07-01,Other,0.0,None,Regular,Q3,July,Northern
MKD,2012,8,,,,93.877,93.877,2012-08-01,Other,2.0,"Republic Day, Eid al-Fitr",Summer_Holidays,Q3,August,Northern
MKD,2012,9,,,,76.278,76.278,2012-09-01,Other,2.0,"Fathers' Day, Independence Day",Regular,Q3,September,Northern
MKD,2012,10,,,,64.641,64.641,2012-10-01,Other,3.0,"Halloween, Day of People?s Uprising, Day of the Macedonian Revolutionary Struggle",Regular,Q4,October,Northern
MKD,2012,11,,,,62.502,62.502,2012-11-01,Other,0.0,None,Regular,Q4,November,Northern
MKD,2012,12,,,,64.85,64.85,2012-12-01,Other,3.0,"Christmas Eve, New Year's Eve, Saint Kliment Ohridski's Day",Winter_Holidays,Q4,December,Northern
MKD,2013,1,,,,63.44,63.44,2013-01-01,Other,2.0,"New Year's Day, Orthodox Christmas Day",Winter_Holidays,Q1,January,Northern
MKD,2013,2,,,,54.285,54.285,2013-02-01,Other,1.0,Valentine's Day,Regular,Q1,February,Northern
MKD,2013,3,,,,68.434,68.434,2013-03-01,Other,4.0,"Mothers' Day/International Women's Day, Good Friday, Easter Saturday",Spring_Holidays,Q1,March,Northern
MKD,2013,4,,,,74.381,74.381,2013-04-01,Other,0.0,None,Regular,Q2,April,Northern
MKD,2013,5,,,,87.992,87.992,2013-05-01,Other,5.0,"Easter Saturday (Orthodox), Easter Sunday (Orthodox), Labor Day",Regular,Q2,May,Northern
MKD,2013,6,,,,96.337,96.337,2013-06-01,Other,0.0,None,Regular,Q2,June,Northern
MKD,2013,7,,,,112.967,112.967,2013-07-01,Other,0.0,None,Regular,Q3,July,Northern
MKD,2013,8,,,,115.023,115.023,2013-08-01,Other,2.0,"Republic Day, Eid al-Fitr",Summer_Holidays,Q3,August,Northern
MKD,2013,9,,,,95.829,95.829,2013-09-01,Other,3.0,"Fathers' Day, Independence Day, Independence Day observed",Regular,Q3,September,Northern
MKD,2013,10,,,,88.922,88.922,2013-10-01,Other,3.0,"Halloween, Day of People?s Uprising, Day of the Macedonian Revolutionary Struggle",Regular,Q4,October,Northern
MKD,2013,11,,,,71.763,71.763,2013-11-01,Other,0.0,None,Regular,Q4,November,Northern
MKD,2013,12,,,,55.034,55.034,2013-12-01,Other,4.0,"Christmas Eve, New Year's Eve, Saint Kliment Ohridski's Day",Winter_Holidays,Q4,December,Northern
MKD,2014,1,,,,62.473,62.473,2014-01-01,Other,2.0,"New Year's Day, Orthodox Christmas Day",Winter_Holidays,Q1,January,Northern
MKD,2014,2,,,,65.223,65.223,2014-02-01,Other,1.0,Valentine's Day,Regular,Q1,February,Northern
MKD,2014,3,,,,76.589,76.589,2014-03-01,Other,1.0,Mothers' Day/International Women's Day,Spring_Holidays,Q1,March,Northern
MKD,2014,4,,,,105.749,105.749,2014-04-01,Other,6.0,"Good Friday, Easter Saturday, Easter Saturday (Orthodox)",Spring_Holidays,Q2,April,Northern
MKD,2014,5,,,,109.7,109.7,2014-05-01,Other,2.0,"Labor Day, Saints Cyril and Methodius' Day",Regular,Q2,May,Northern
MKD,2014,6,,,,116.782,116.782,2014-06-01,Other,0.0,None,Regular,Q2,June,Northern
MKD,2014,7,,,,132.354,132.354,2014-07-01,Other,1.0,Eid al-Fitr,Summer_Holidays,Q3,July,Northern
MKD,2014,8,,,,143.556,143.556,2014-08-01,Other,1.0,Republic Day,Summer_Holidays,Q3,August,Northern
MKD,2014,9,,,,115.986,115.986,2014-09-01,Other,2.0,"Fathers' Day, Independence Day",Regular,Q3,September,Northern
MKD,2014,10,,,,107.668,107.668,2014-10-01,Other,3.0,"Halloween, Day of People?s Uprising, Day of the Macedonian Revolutionary Struggle",Regular,Q4,October,Northern
MKD,2014,11,,,,86.893,86.893,2014-11-01,Other,0.0,None,Regular,Q4,November,Northern
MKD,2014,12,,,,87.536,87.536,2014-12-01,Other,3.0,"Christmas Eve, New Year's Eve, Saint Kliment Ohridski's Day",Winter_Holidays,Q4,December,Northern
MKD,2015,1,,,,88.293,88.293,2015-01-01,Other,2.0,"New Year's Day, Orthodox Christmas Day",Winter_Holidays,Q1,January,Northern
MKD,2015,2,,,,80.095,80.095,2015-02-01,Other,1.0,Valentine's Day,Regular,Q1,February,Northern
MKD,2015,3,,,,95.747,95.747,2015-03-01,Other,1.0,Mothers' Day/International Women's Day,Spring_Holidays,Q1,March,Northern
MKD,2015,4,,,,110.002,110.002,2015-04-01,Other,6.0,"Good Friday, Easter Saturday, Easter Sunday",Spring_Holidays,Q2,April,Northern
MKD,2015,5,,,,117.658,117.658,2015-05-01,Other,3.0,"Labor Day, Saints Cyril and Methodius' Day, Saints Cyril and Methodius' Day observed",Regular,Q2,May,Northern
MKD,2015,6,,,,118.714,118.714,2015-06-01,Other,0.0,None,Regular,Q2,June,Northern
MKD,2015,7,,,,164.666,164.666,2015-07-01,Other,1.0,Eid al-Fitr,Summer_Holidays,Q3,July,Northern
MKD,2015,8,,,,173.821,173.821,2015-08-01,Other,2.0,"Republic Day, Republic Day observed",Summer_Holidays,Q3,August,Northern
MKD,2015,9,,,,146.29,146.29,2015-09-01,Other,2.0,"Fathers' Day, Independence Day",Regular,Q3,September,Northern
MKD,2015,10,,,,132.895,132.895,2015-10-01,Other,4.0,"Halloween, Day of People?s Uprising, Day of People?s Uprising observed",Regular,Q4,October,Northern
MKD,2015,11,,,,110.287,110.287,2015-11-01,Other,0.0,None,Regular,Q4,November,Northern
MKD,2015,12,,,,117.917,117.917,2015-12-01,Other,3.0,"Christmas Eve, New Year's Eve, Saint Kliment Ohridski's Day",Winter_Holidays,Q4,December,Northern
MKD,2016,1,,,,109.338,109.338,2016-01-01,Other,2.0,"New Year's Day, Orthodox Christmas Day",Winter_Holidays,Q1,January,Northern
MKD,2016,2,,,,102.358,102.358,2016-02-01,Other,1.0,Valentine's Day,Regular,Q1,February,Northern
MKD,2016,3,,,,120.973,120.973,2016-03-01,Other,4.0,"Mothers' Day/International Women's Day, Good Friday, Easter Saturday",Spring_Holidays,Q1,March,Northern
MKD,2016,4,,,,142.701,142.701,2016-04-01,Other,1.0,Easter Saturday (Orthodox),Spring_Holidays,Q2,April,Northern
MKD,2016,5,,,,148.806,148.806,2016-05-01,Other,5.0,"Easter Sunday (Orthodox), Labor Day, Easter Monday (Orthodox)",Regular,Q2,May,Northern
MKD,2016,6,,,,143.614,143.614,2016-06-01,Other,0.0,None,Regular,Q2,June,Northern
MKD,2016,7,,,,173.886,173.886,2016-07-01,Other,1.0,Eid al-Fitr,Summer_Holidays,Q3,July,Northern
MKD,2016,8,,,,175.027,175.027,2016-08-01,Other,1.0,Republic Day,Summer_Holidays,Q3,August,Northern
MKD,2016,9,,,,152.639,152.639,2016-09-01,Other,2.0,"Fathers' Day, Independence Day",Regular,Q3,September,Northern
MKD,2016,10,,,,143.106,143.106,2016-10-01,Other,4.0,"Halloween, Day of People?s Uprising, Day of the Macedonian Revolutionary Struggle",Regular,Q4,October,Northern
MKD,2016,11,,,,121.083,121.083,2016-11-01,Other,0.0,None,Regular,Q4,November,Northern
MKD,2016,12,,,,126.841,126.841,2016-12-01,Other,3.0,"Christmas Eve, New Year's Eve, Saint Kliment Ohridski's Day",Winter_Holidays,Q4,December,Northern
MKD,2017,1,,,,127.544,127.544,2017-01-01,Other,3.0,"New Year's Day, New Year's Day observed, Orthodox Christmas Day",Winter_Holidays,Q1,January,Northern
MKD,2017,2,,,,110.461,110.461,2017-02-01,Other,1.0,Valentine's Day,Regular,Q1,February,Northern
MKD,2017,3,,,,136.459,136.459,2017-03-01,Other,1.0,Mothers' Day/International Women's Day,Spring_Holidays,Q1,March,Northern
MKD,2017,4,,,,156.643,156.643,2017-04-01,Other,6.0,"Good Friday, Easter Saturday, Easter Saturday (Orthodox)",Spring_Holidays,Q2,April,Northern
MKD,2017,5,,,,164.263,164.263,2017-05-01,Other,2.0,"Labor Day, Saints Cyril and Methodius' Day",Regular,Q2,May,Northern
MKD,2017,6,,,,170.047,170.047,2017-06-01,Other,1.0,Eid al-Fitr,Regular,Q2,June,Northern
MKD,2017,7,,,,230.288,230.288,2017-07-01,Other,0.0,None,Regular,Q3,July,Northern
MKD,2017,8,,,,248.647,248.647,2017-08-01,Other,1.0,Republic Day,Summer_Holidays,Q3,August,Northern
MKD,2017,9,,,,207.64,207.64,2017-09-01,Other,2.0,"Fathers' Day, Independence Day",Regular,Q3,September,Northern
MKD,2017,10,,,,184.393,184.393,2017-10-01,Other,3.0,"Halloween, Day of People?s Uprising, Day of the Macedonian Revolutionary Struggle",Regular,Q4,October,Northern
MKD,2017,11,,,,145.718,145.718,2017-11-01,Other,0.0,None,Regular,Q4,November,Northern
MKD,2017,12,,,,150.529,150.529,2017-12-01,Other,3.0,"Christmas Eve, New Year's Eve, Saint Kliment Ohridski's Day",Winter_Holidays,Q4,December,Northern
MLT,2010,1,147.697,,147.697,147.697,147.697,2010-01-01,Other,1.0,New Year's Day,Winter_Holidays,Q1,January,Northern
MLT,2010,2,148.497,,148.497,148.497,148.497,2010-02-01,Other,1.0,Feast of Saint Paul's Shipwreck,Regular,Q1,February,Northern
MLT,2010,3,206.541,,206.541,206.543,206.541,2010-03-01,Other,2.0,"Feast of Saint Joseph, Freedom Day",Spring_Holidays,Q1,March,Northern
MLT,2010,4,239.553,,239.553,239.553,239.553,2010-04-01,Other,3.0,"Easter Sunday, Good Friday, Easter Monday",Spring_Holidays,Q2,April,Northern
MLT,2010,5,307.181,0.008,307.173,307.292,307.181,2010-05-01,Other,1.0,Labour Day/May Day,Regular,Q2,May,Northern
MLT,2010,6,331.346,0.001,331.345,331.344,331.346,2010-06-01,Other,2.0,"Sette Giugno, Feast of Saints Peter and Paul",Regular,Q2,June,Northern
MLT,2010,7,401.969,,401.969,401.969,401.969,2010-07-01,Other,0.0,None,Regular,Q3,July,Northern
MLT,2010,8,427.924,,427.924,427.924,427.924,2010-08-01,Other,1.0,The Feast of Mary's Assumption,Summer_Holidays,Q3,August,Northern
MLT,2010,9,373.574,,373.574,373.61,373.574,2010-09-01,Other,2.0,"The Feast of Our Lady of Victories, Independence Day",Regular,Q3,September,Northern
MLT,2010,10,331.918,,331.918,331.91,331.918,2010-10-01,Other,0.0,None,Regular,Q4,October,Northern
MLT,2010,11,202.718,,202.718,202.718,202.718,2010-11-01,Other,0.0,None,Regular,Q4,November,Northern
MLT,2010,12,174.63,,174.63,174.63,174.63,2010-12-01,Other,6.0,"Christmas Eve, New Year's Eve, Feast of the Immaculate Conception",Winter_Holidays,Q4,December,Northern
MLT,2011,1,169.673,,169.673,169.673,169.673,2011-01-01,Other,1.0,New Year's Day,Winter_Holidays,Q1,January,Northern
MLT,2011,2,174.877,,174.877,174.877,174.877,2011-02-01,Other,1.0,Feast of Saint Paul's Shipwreck,Regular,Q1,February,Northern
MLT,2011,3,240.447,,240.447,240.36,240.447,2011-03-01,Other,2.0,"Feast of Saint Joseph, Freedom Day",Spring_Holidays,Q1,March,Northern
MLT,2011,4,300.123,,300.123,300.123,300.123,2011-04-01,Other,3.0,"Easter Sunday, Good Friday, Easter Monday",Spring_Holidays,Q2,April,Northern
MLT,2011,5,325.326,0.091,325.235,325.053,325.326,2011-05-01,Other,1.0,Labour Day/May Day,Regular,Q2,May,Northern
MLT,2011,6,345.885,,345.885,345.885,345.885,2011-06-01,Other,2.0,"Sette Giugno, Feast of Saints Peter and Paul",Regular,Q2,June,Northern
MLT,2011,7,415.785,0.005,415.78,415.78,415.785,2011-07-01,Other,0.0,None,Regular,Q3,July,Northern
MLT,2011,8,427.575,,427.575,427.575,427.575,2011-08-01,Other,1.0,The Feast of Mary's Assumption,Summer_Holidays,Q3,August,Northern
MLT,2011,9,382.528,,382.528,382.389,382.528,2011-09-01,Other,2.0,"The Feast of Our Lady of Victories, Independence Day",Regular,Q3,September,Northern
MLT,2011,10,346.552,,346.552,346.48,346.552,2011-10-01,Other,0.0,None,Regular,Q4,October,Northern
MLT,2011,11,204.499,,204.499,204.503,204.499,2011-11-01,Other,0.0,None,Regular,Q4,November,Northern
MLT,2011,12,173.544,0.02,173.524,173.528,173.544,2011-12-01,Other,6.0,"Christmas Eve, New Year's Eve, Feast of the Immaculate Conception",Winter_Holidays,Q4,December,Northern
MLT,2012,1,165.969,,165.969,165.969,165.969,2012-01-01,Other,1.0,New Year's Day,Winter_Holidays,Q1,January,Northern
MLT,2012,2,169.801,0.112,169.689,169.689,169.801,2012-02-01,Other,1.0,Feast of Saint Paul's Shipwreck,Regular,Q1,February,Northern
MLT,2012,3,222.042,,222.042,222.042,222.042,2012-03-01,Other,2.0,"Feast of Saint Joseph, Freedom Day",Spring_Holidays,Q1,March,Northern
MLT,2012,4,304.27,0.072,304.198,304.198,304.27,2012-04-01,Other,3.0,"Easter Sunday, Good Friday, Easter Monday",Spring_Holidays,Q2,April,Northern
MLT,2012,5,344.254,,344.254,344.065,344.254,2012-05-01,Other,1.0,Labour Day/May Day,Regular,Q2,May,Northern
MLT,2012,6,375.404,0.05,375.354,376.128,375.404,2012-06-01,Other,2.0,"Sette Giugno, Feast of Saints Peter and Paul",Regular,Q2,June,Northern
MLT,2012,7,445.374,0.002,445.372,445.232,445.374,2012-07-01,Other,0.0,None,Regular,Q3,July,Northern
MLT,2012,8,461.917,,461.917,461.281,461.917,2012-08-01,Other,1.0,The Feast of Mary's Assumption,Summer_Holidays,Q3,August,Northern
MLT,2012,9,408.212,0.185,408.027,408.039,408.212,2012-09-01,Other,2.0,"The Feast of Our Lady of Victories, Independence Day",Regular,Q3,September,Northern
MLT,2012,10,348.711,,348.711,348.711,348.711,2012-10-01,Other,0.0,None,Regular,Q4,October,Northern
MLT,2012,11,211.538,,211.538,211.538,211.538,2012-11-01,Other,0.0,None,Regular,Q4,November,Northern
MLT,2012,12,192.855,,192.855,173.524,192.855,2012-12-01,Other,6.0,"Christmas Eve, New Year's Eve, Feast of the Immaculate Conception",Winter_Holidays,Q4,December,Northern
MLT,2013,1,179.424,0.181,179.243,179.243,179.424,2013-01-01,Other,1.0,New Year's Day,Winter_Holidays,Q1,January,Northern
MLT,2013,2,176.821,,176.821,176.818,176.821,2013-02-01,Other,1.0,Feast of Saint Paul's Shipwreck,Regular,Q1,February,Northern
MLT,2013,3,249.36,,249.36,249.227,249.36,2013-03-01,Other,4.0,"Easter Sunday, Feast of Saint Joseph, Good Friday",Spring_Holidays,Q1,March,Northern
MLT,2013,4,331.729,0.33,331.399,331.399,331.729,2013-04-01,Other,1.0,Easter Monday,Spring_Holidays,Q2,April,Northern
MLT,2013,5,377.948,,377.948,377.948,377.948,2013-05-01,Other,1.0,Labour Day/May Day,Regular,Q2,May,Northern
MLT,2013,6,411.953,,411.953,411.851,411.953,2013-06-01,Other,2.0,"Sette Giugno, Feast of Saints Peter and Paul",Regular,Q2,June,Northern
MLT,2013,7,471.21,,471.21,471.21,471.21,2013-07-01,Other,0.0,None,Regular,Q3,July,Northern
MLT,2013,8,507.646,,507.646,507.646,507.646,2013-08-01,Other,1.0,The Feast of Mary's Assumption,Summer_Holidays,Q3,August,Northern
MLT,2013,9,452.294,,452.294,452.294,452.294,2013-09-01,Other,2.0,"The Feast of Our Lady of Victories, Independence Day",Regular,Q3,September,Northern
MLT,2013,10,409.751,,409.751,409.751,409.751,2013-10-01,Other,0.0,None,Regular,Q4,October,Northern
MLT,2013,11,249.133,,249.133,249.133,249.133,2013-11-01,Other,0.0,None,Regular,Q4,November,Northern
MLT,2013,12,214.76,,214.76,214.76,214.76,2013-12-01,Other,6.0,"Christmas Eve, New Year's Eve, Feast of the Immaculate Conception",Winter_Holidays,Q4,December,Northern
MLT,2014,1,199.354,,199.354,199.354,199.354,2014-01-01,Other,1.0,New Year's Day,Winter_Holidays,Q1,January,Northern
MLT,2014,2,193.334,0.004,193.33,193.225,193.334,2014-02-01,Other,1.0,Feast of Saint Paul's Shipwreck,Regular,Q1,February,Northern
MLT,2014,3,263.404,,263.404,263.404,263.404,2014-03-01,Other,2.0,"Feast of Saint Joseph, Freedom Day",Spring_Holidays,Q1,March,Northern
MLT,2014,4,376.94,,376.94,376.935,376.94,2014-04-01,Other,3.0,"Easter Sunday, Good Friday, Easter Monday",Spring_Holidays,Q2,April,Northern
MLT,2014,5,402.098,,402.098,402.289,402.098,2014-05-01,Other,1.0,Labour Day/May Day,Regular,Q2,May,Northern
MLT,2014,6,424.329,,424.329,424.329,424.329,2014-06-01,Other,2.0,"Sette Giugno, Feast of Saints Peter and Paul",Regular,Q2,June,Northern
MLT,2014,7,511.411,,511.411,515.624,511.411,2014-07-01,Other,0.0,None,Regular,Q3,July,Northern
MLT,2014,8,551.45,,551.45,551.451,551.45,2014-08-01,Other,1.0,The Feast of Mary's Assumption,Summer_Holidays,Q3,August,Northern
MLT,2014,9,463.215,,463.215,463.215,463.215,2014-09-01,Other,2.0,"The Feast of Our Lady of Victories, Independence Day",Regular,Q3,September,Northern
MLT,2014,10,421.724,,421.724,421.723,421.724,2014-10-01,Other,0.0,None,Regular,Q4,October,Northern
MLT,2014,11,256.261,,256.261,256.262,256.261,2014-11-01,Other,0.0,None,Regular,Q4,November,Northern
MLT,2014,12,226.512,,226.512,226.512,226.512,2014-12-01,Other,6.0,"Christmas Eve, New Year's Eve, Feast of the Immaculate Conception",Winter_Holidays,Q4,December,Northern
MLT,2015,1,209.516,,209.516,208.903,209.516,2015-01-01,Other,1.0,New Year's Day,Winter_Holidays,Q1,January,Northern
MLT,2015,2,208.896,,208.896,208.896,208.896,2015-02-01,Other,1.0,Feast of Saint Paul's Shipwreck,Regular,Q1,February,Northern
MLT,2015,3,275.334,,275.334,275.334,275.334,2015-03-01,Other,2.0,"Feast of Saint Joseph, Freedom Day",Spring_Holidays,Q1,March,Northern
MLT,2015,4,393.315,0.123,393.192,392.676,393.315,2015-04-01,Other,3.0,"Easter Sunday, Good Friday, Easter Monday",Spring_Holidays,Q2,April,Northern
MLT,2015,5,441.921,,441.921,441.943,441.921,2015-05-01,Other,1.0,Labour Day/May Day,Regular,Q2,May,Northern
MLT,2015,6,459.298,,459.298,459.28,459.298,2015-06-01,Other,2.0,"Sette Giugno, Feast of Saints Peter and Paul",Regular,Q2,June,Northern
MLT,2015,7,548.107,,548.107,547.973,548.107,2015-07-01,Other,0.0,None,Regular,Q3,July,Northern
MLT,2015,8,585.218,,585.218,585.218,585.218,2015-08-01,Other,1.0,The Feast of Mary's Assumption,Summer_Holidays,Q3,August,Northern
MLT,2015,9,502.896,,502.896,502.896,502.896,2015-09-01,Other,2.0,"The Feast of Our Lady of Victories, Independence Day",Regular,Q3,September,Northern
MLT,2015,10,464.557,,464.557,464.557,464.557,2015-10-01,Other,0.0,None,Regular,Q4,October,Northern
MLT,2015,11,283.648,0.136,283.512,283.498,283.648,2015-11-01,Other,0.0,None,Regular,Q4,November,Northern
MLT,2015,12,246.851,,246.851,246.851,246.851,2015-12-01,Other,6.0,"Christmas Eve, New Year's Eve, Feast of the Immaculate Conception",Winter_Holidays,Q4,December,Northern
MLT,2016,1,236.555,,236.555,236.552,236.555,2016-01-01,Other,1.0,New Year's Day,Winter_Holidays,Q1,January,Northern
MLT,2016,2,236.648,,236.648,236.648,236.648,2016-02-01,Other,1.0,Feast of Saint Paul's Shipwreck,Regular,Q1,February,Northern
MLT,2016,3,327.525,,327.525,327.524,327.525,2016-03-01,Other,5.0,"Easter Sunday, Feast of Saint Joseph, Good Friday",Spring_Holidays,Q1,March,Northern
MLT,2016,4,415.413,,415.413,415.409,415.413,2016-04-01,Other,0.0,None,Regular,Q2,April,Northern
MLT,2016,5,476.921,0.346,476.575,476.575,476.921,2016-05-01,Other,1.0,Labour Day/May Day,Regular,Q2,May,Northern
MLT,2016,6,490.381,,490.381,490.381,490.381,2016-06-01,Other,2.0,"Sette Giugno, Feast of Saints Peter and Paul",Regular,Q2,June,Northern
MLT,2016,7,580.475,,580.475,580.474,580.475,2016-07-01,Other,0.0,None,Regular,Q3,July,Northern
MLT,2016,8,598.366,,598.366,598.515,598.366,2016-08-01,Other,1.0,The Feast of Mary's Assumption,Summer_Holidays,Q3,August,Northern
MLT,2016,9,531.962,,531.962,531.962,531.962,2016-09-01,Other,2.0,"The Feast of Our Lady of Victories, Independence Day",Regular,Q3,September,Northern
MLT,2016,10,512.794,,512.794,512.739,512.794,2016-10-01,Other,0.0,None,Regular,Q4,October,Northern
MLT,2016,11,347.081,,347.081,347.081,347.081,2016-11-01,Other,0.0,None,Regular,Q4,November,Northern
MLT,2016,12,326.325,,326.325,326.309,326.325,2016-12-01,Other,6.0,"Christmas Eve, New Year's Eve, Feast of the Immaculate Conception",Winter_Holidays,Q4,December,Northern
MLT,2017,1,296.876,,296.876,301.289,296.876,2017-01-01,Other,1.0,New Year's Day,Winter_Holidays,Q1,January,Northern
MLT,2017,2,296.25,,296.25,296.25,296.25,2017-02-01,Other,1.0,Feast of Saint Paul's Shipwreck,Regular,Q1,February,Northern
MLT,2017,3,384.308,,384.308,384.416,384.308,2017-03-01,Other,2.0,"Feast of Saint Joseph, Freedom Day",Spring_Holidays,Q1,March,Northern
MLT,2017,4,530.576,,530.576,530.576,530.576,2017-04-01,Other,3.0,"Easter Sunday, Good Friday, Easter Monday",Spring_Holidays,Q2,April,Northern
MLT,2017,5,547.696,,547.696,548.354,547.696,2017-05-01,Other,1.0,Labour Day/May Day,Regular,Q2,May,Northern
MLT,2017,6,578.615,,578.615,578.827,578.615,2017-06-01,Other,2.0,"Sette Giugno, Feast of Saints Peter and Paul",Regular,Q2,June,Northern
MLT,2017,7,674.358,,674.358,675.111,674.358,2017-07-01,Other,0.0,None,Regular,Q3,July,Northern
MLT,2017,8,693.249,,693.249,696.053,693.249,2017-08-01,Other,1.0,The Feast of Mary's Assumption,Summer_Holidays,Q3,August,Northern
MLT,2017,9,626.127,,626.127,629.008,626.127,2017-09-01,Other,2.0,"The Feast of Our Lady of Victories, Independence Day",Regular,Q3,September,Northern
MLT,2017,10,596.426,0.007,596.419,598.748,596.426,2017-10-01,Other,0.0,None,Regular,Q4,October,Northern
MLT,2017,11,405.724,,405.724,407.993,405.724,2017-11-01,Other,0.0,None,Regular,Q4,November,Northern
MLT,2017,12,377.526,,377.526,379.567,377.526,2017-12-01,Other,6.0,"Christmas Eve, New Year's Eve, Feast of the Immaculate Conception",Winter_Holidays,Q4,December,Northern
MLT,2018,1,351.55,,351.55,,351.55,2018-01-01,Other,1.0,New Year's Day,Winter_Holidays,Q1,January,Northern
MLT,2018,2,349.482,0.115,349.367,,349.482,2018-02-01,Other,1.0,Feast of Saint Paul's Shipwreck,Regular,Q1,February,Northern
MLT,2018,3,471.234,0.001,471.233,,471.234,2018-03-01,Other,3.0,"Feast of Saint Joseph, Good Friday, Freedom Day",Spring_Holidays,Q1,March,Northern
MLT,2018,4,591.311,0.028,591.283,,591.311,2018-04-01,Other,2.0,"Easter Sunday, Easter Monday",Spring_Holidays,Q2,April,Northern
MLT,2018,5,643.107,0.155,642.952,,643.107,2018-05-01,Other,1.0,Labour Day/May Day,Regular,Q2,May,Northern
MLT,2018,6,662.901,,662.901,,662.901,2018-06-01,Other,2.0,"Sette Giugno, Feast of Saints Peter and Paul",Regular,Q2,June,Northern
MLT,2018,7,756.015,,756.015,,756.015,2018-07-01,Other,0.0,None,Regular,Q3,July,Northern
MLT,2018,8,759.478,,759.478,,759.478,2018-08-01,Other,1.0,The Feast of Mary's Assumption,Summer_Holidays,Q3,August,Northern
MLT,2018,9,706.581,0.061,706.52,,706.581,2018-09-01,Other,2.0,"The Feast of Our Lady of Victories, Independence Day",Regular,Q3,September,Northern
MLT,2018,10,646.195,,646.195,,646.195,2018-10-01,Other,0.0,None,Regular,Q4,October,Northern
MLT,2018,11,453.546,,453.546,,453.546,2018-11-01,Other,0.0,None,Regular,Q4,November,Northern
MLT,2018,12,414.417,,414.417,,414.417,2018-12-01,Other,6.0,"Christmas Eve, New Year's Eve, Feast of the Immaculate Conception",Winter_Holidays,Q4,December,Northern
MNE,2011,1,,,,53.001,53.001,2011-01-01,Other,2.0,"New Year's Day, New Year's Day Holiday",Winter_Holidays,Q1,January,Northern
MNE,2011,2,,,,42.174,42.174,2011-02-01,Other,0.0,None,Regular,Q1,February,Northern
MNE,2011,3,,,,49.514,49.514,2011-03-01,Other,0.0,None,Regular,Q1,March,Northern
MNE,2011,4,,,,67.842,67.842,2011-04-01,Other,0.0,None,Regular,Q2,April,Northern
MNE,2011,5,,,,90.308,90.308,2011-05-01,Other,4.0,"Labour Day/May Day, Labour Day/May Day Holiday, Independence Day",Regular,Q2,May,Northern
MNE,2011,6,,,,157.444,157.444,2011-06-01,Other,0.0,None,Regular,Q2,June,Northern
MNE,2011,7,,,,224.056,224.056,2011-07-01,Other,2.0,"Statehood Day, Statehood Day Holiday",Summer_Holidays,Q3,July,Northern
MNE,2011,8,,,,226.862,226.862,2011-08-01,Other,0.0,None,Regular,Q3,August,Northern
MNE,2011,9,,,,162.577,162.577,2011-09-01,Other,0.0,None,Regular,Q3,September,Northern
MNE,2011,10,,,,78.808,78.808,2011-10-01,Other,0.0,None,Regular,Q4,October,Northern
MNE,2011,11,,,,53.912,53.912,2011-11-01,Other,0.0,None,Regular,Q4,November,Northern
MNE,2011,12,,,,52.337,52.337,2011-12-01,Other,1.0,New Year's Eve,Winter_Holidays,Q4,December,Northern
MNE,2012,1,,,,50.503,50.503,2012-01-01,Other,3.0,"New Year's Day, New Year's Day Holiday, New Year's Day observed",Winter_Holidays,Q1,January,Northern
MNE,2012,2,,,,36.166,36.166,2012-02-01,Other,0.0,None,Regular,Q1,February,Northern
MNE,2012,3,,,,55.287,55.287,2012-03-01,Other,0.0,None,Regular,Q1,March,Northern
MNE,2012,4,,,,73.374,73.374,2012-04-01,Other,0.0,None,Regular,Q2,April,Northern
MNE,2012,5,,,,98.875,98.875,2012-05-01,Other,4.0,"Labour Day/May Day, Labour Day/May Day Holiday, Independence Day",Regular,Q2,May,Northern
MNE,2012,6,,,,187.261,187.261,2012-06-01,Other,0.0,None,Regular,Q2,June,Northern
MNE,2012,7,,,,240.117,240.117,2012-07-01,Other,2.0,"Statehood Day, Statehood Day Holiday",Summer_Holidays,Q3,July,Northern
MNE,2012,8,,,,243.544,243.544,2012-08-01,Other,0.0,None,Regular,Q3,August,Northern
MNE,2012,9,,,,190.314,190.314,2012-09-01,Other,0.0,None,Regular,Q3,September,Northern
MNE,2012,10,,,,81.274,81.274,2012-10-01,Other,0.0,None,Regular,Q4,October,Northern
MNE,2012,11,,,,55.98,55.98,2012-11-01,Other,0.0,None,Regular,Q4,November,Northern
MNE,2012,12,,,,49.554,49.554,2012-12-01,Other,1.0,New Year's Eve,Winter_Holidays,Q4,December,Northern
MNE,2013,1,,,,49.209,49.209,2013-01-01,Other,2.0,"New Year's Day, New Year's Day Holiday",Winter_Holidays,Q1,January,Northern
MNE,2013,2,,,,40.631,40.631,2013-02-01,Other,0.0,None,Regular,Q1,February,Northern
MNE,2013,3,,,,57.539,57.539,2013-03-01,Other,0.0,None,Regular,Q1,March,Northern
MNE,2013,4,,,,69.398,69.398,2013-04-01,Other,0.0,None,Regular,Q2,April,Northern
MNE,2013,5,,,,110.684,110.684,2013-05-01,Other,4.0,"Labour Day/May Day, Labour Day/May Day Holiday, Independence Day",Regular,Q2,May,Northern
MNE,2013,6,,,,253.461,253.461,2013-06-01,Other,0.0,None,Regular,Q2,June,Northern
MNE,2013,7,,,,285.18,285.18,2013-07-01,Other,3.0,"Statehood Day, Statehood Day Holiday, Statehood Day Holiday observed",Summer_Holidays,Q3,July,Northern
MNE,2013,8,,,,304.682,304.682,2013-08-01,Other,0.0,None,Regular,Q3,August,Northern
MNE,2013,9,,,,220.854,220.854,2013-09-01,Other,0.0,None,Regular,Q3,September,Northern
MNE,2013,10,,,,89.211,89.211,2013-10-01,Other,0.0,None,Regular,Q4,October,Northern
MNE,2013,11,,,,55.123,55.123,2013-11-01,Other,0.0,None,Regular,Q4,November,Northern
MNE,2013,12,,,,52.968,52.968,2013-12-01,Other,1.0,New Year's Eve,Winter_Holidays,Q4,December,Northern
MNE,2014,1,,,,51.986,51.986,2014-01-01,Other,2.0,"New Year's Day, New Year's Day Holiday",Winter_Holidays,Q1,January,Northern
MNE,2014,2,,,,44.079,44.079,2014-02-01,Other,0.0,None,Regular,Q1,February,Northern
MNE,2014,3,,,,57.664,57.664,2014-03-01,Other,0.0,None,Regular,Q1,March,Northern
MNE,2014,4,,,,80.829,80.829,2014-04-01,Other,0.0,None,Regular,Q2,April,Northern
MNE,2014,5,,,,114.324,114.324,2014-05-01,Other,4.0,"Labour Day/May Day, Labour Day/May Day Holiday, Independence Day",Regular,Q2,May,Northern
MNE,2014,6,,,,231.292,231.292,2014-06-01,Other,0.0,None,Regular,Q2,June,Northern
MNE,2014,7,,,,298.379,298.379,2014-07-01,Other,3.0,"Statehood Day, Statehood Day Holiday, Statehood Day observed",Summer_Holidays,Q3,July,Northern
MNE,2014,8,,,,312.503,312.503,2014-08-01,Other,0.0,None,Regular,Q3,August,Northern
MNE,2014,9,,,,204.484,204.484,2014-09-01,Other,0.0,None,Regular,Q3,September,Northern
MNE,2014,10,,,,92.992,92.992,2014-10-01,Other,0.0,None,Regular,Q4,October,Northern
MNE,2014,11,,,,62.575,62.575,2014-11-01,Other,0.0,None,Regular,Q4,November,Northern
MNE,2014,12,,,,61.023,61.023,2014-12-01,Other,1.0,New Year's Eve,Winter_Holidays,Q4,December,Northern
MNE,2015,1,,,,59.711,59.711,2015-01-01,Other,2.0,"New Year's Day, New Year's Day Holiday",Winter_Holidays,Q1,January,Northern
MNE,2015,2,,,,48.523,48.523,2015-02-01,Other,0.0,None,Regular,Q1,February,Northern
MNE,2015,3,,,,61.798,61.798,2015-03-01,Other,0.0,None,Regular,Q1,March,Northern
MNE,2015,4,,,,82.656,82.656,2015-04-01,Other,0.0,None,Regular,Q2,April,Northern
MNE,2015,5,,,,115.255,115.255,2015-05-01,Other,4.0,"Labour Day/May Day, Labour Day/May Day Holiday, Independence Day",Regular,Q2,May,Northern
MNE,2015,6,,,,206.708,206.708,2015-06-01,Other,0.0,None,Regular,Q2,June,Northern
MNE,2015,7,,,,301.869,301.869,2015-07-01,Other,2.0,"Statehood Day, Statehood Day Holiday",Summer_Holidays,Q3,July,Northern
MNE,2015,8,,,,326.732,326.732,2015-08-01,Other,0.0,None,Regular,Q3,August,Northern
MNE,2015,9,,,,215.021,215.021,2015-09-01,Other,0.0,None,Regular,Q3,September,Northern
MNE,2015,10,,,,93.496,93.496,2015-10-01,Other,0.0,None,Regular,Q4,October,Northern
MNE,2015,11,,,,64.213,64.213,2015-11-01,Other,0.0,None,Regular,Q4,November,Northern
MNE,2015,12,,,,61.916,61.916,2015-12-01,Other,1.0,New Year's Eve,Winter_Holidays,Q4,December,Northern
MNE,2016,1,,,,59.603,59.603,2016-01-01,Other,2.0,"New Year's Day, New Year's Day Holiday",Winter_Holidays,Q1,January,Northern
MNE,2016,2,,,,53.765,53.765,2016-02-01,Other,0.0,None,Regular,Q1,February,Northern
MNE,2016,3,,,,65.309,65.309,2016-03-01,Other,0.0,None,Regular,Q1,March,Northern
MNE,2016,4,,,,88.543,88.543,2016-04-01,Other,0.0,None,Regular,Q2,April,Northern
MNE,2016,5,,,,123.398,123.398,2016-05-01,Other,6.0,"Labour Day/May Day, Labour Day/May Day Holiday, Labour Day/May Day observed",Regular,Q2,May,Northern
MNE,2016,6,,,,239.281,239.281,2016-06-01,Other,0.0,None,Regular,Q2,June,Northern
MNE,2016,7,,,,342.931,342.931,2016-07-01,Other,2.0,"Statehood Day, Statehood Day Holiday",Summer_Holidays,Q3,July,Northern
MNE,2016,8,,,,350.76,350.76,2016-08-01,Other,0.0,None,Regular,Q3,August,Northern
MNE,2016,9,,,,269.325,269.325,2016-09-01,Other,0.0,None,Regular,Q3,September,Northern
MNE,2016,10,,,,122.701,122.701,2016-10-01,Other,0.0,None,Regular,Q4,October,Northern
MNE,2016,11,,,,69.858,69.858,2016-11-01,Other,0.0,None,Regular,Q4,November,Northern
MNE,2016,12,,,,70.3,70.3,2016-12-01,Other,1.0,New Year's Eve,Winter_Holidays,Q4,December,Northern
MNE,2017,1,,,,65.486,65.486,2017-01-01,Other,3.0,"New Year's Day, New Year's Day Holiday, New Year's Day observed",Winter_Holidays,Q1,January,Northern
MNE,2017,2,,,,61.037,61.037,2017-02-01,Other,0.0,None,Regular,Q1,February,Northern
MNE,2017,3,,,,76.26,76.26,2017-03-01,Other,0.0,None,Regular,Q1,March,Northern
MNE,2017,4,,,,114.826,114.826,2017-04-01,Other,0.0,None,Regular,Q2,April,Northern
MNE,2017,5,,,,155.503,155.503,2017-05-01,Other,5.0,"Labour Day/May Day, Labour Day/May Day Holiday, Independence Day",Regular,Q2,May,Northern
MNE,2017,6,,,,301.652,301.652,2017-06-01,Other,0.0,None,Regular,Q2,June,Northern
MNE,2017,7,,,,395.52,395.52,2017-07-01,Other,2.0,"Statehood Day, Statehood Day Holiday",Summer_Holidays,Q3,July,Northern
MNE,2017,8,,,,397.14,397.14,2017-08-01,Other,0.0,None,Regular,Q3,August,Northern
MNE,2017,9,,,,302.36,302.36,2017-09-01,Other,0.0,None,Regular,Q3,September,Northern
MNE,2017,10,,,,141.246,141.246,2017-10-01,Other,0.0,None,Regular,Q4,October,Northern
MNE,2017,11,,,,86.657,86.657,2017-11-01,Other,0.0,None,Regular,Q4,November,Northern
MNE,2017,12,,,,87.175,87.175,2017-12-01,Other,1.0,New Year's Eve,Winter_Holidays,Q4,December,Northern
MTQ,2010,1,,,,147.122,147.122,2010-01-01,Other,1.0,New Year,Winter_Holidays,Q1,January,Northern
MTQ,2010,2,,,,151.415,151.415,2010-02-01,Other,3.0,"Carnival / Shrove Monday, Carnival / Shrove Tuesday, Carnival / Ash Wednesday",Regular,Q1,February,Northern
MTQ,2010,3,,,,148.014,148.014,2010-03-01,Other,0.0,None,Regular,Q1,March,Northern
MTQ,2010,4,,,,136.197,136.197,2010-04-01,Other,1.0,Easter Monday,Spring_Holidays,Q2,April,Northern
MTQ,2010,5,,,,124.879,124.879,2010-05-01,Other,4.0,"Labor Day, Victory Day, Ascension Day",Regular,Q2,May,Northern
MTQ,2010,6,,,,117.06,117.06,2010-06-01,Other,0.0,None,Regular,Q2,June,Northern
MTQ,2010,7,,,,176.401,176.401,2010-07-01,Other,1.0,Bastille Day,Summer_Holidays,Q3,July,Northern
MTQ,2010,8,,,,189.651,189.651,2010-08-01,Other,1.0,Assumption of Mary,Summer_Holidays,Q3,August,Northern
MTQ,2010,9,,,,96.099,96.099,2010-09-01,Other,0.0,None,Regular,Q3,September,Northern
MTQ,2010,10,,,,110.052,110.052,2010-10-01,Other,0.0,None,Regular,Q4,October,Northern
MTQ,2010,11,,,,120.164,120.164,2010-11-01,Other,2.0,"All Saints' Day, Armistice Day",Regular,Q4,November,Northern
MTQ,2010,12,,,,154.376,154.376,2010-12-01,Other,2.0,"New Year's Eve, Christmas Day",Winter_Holidays,Q4,December,Northern
MTQ,2011,1,,,,153.746,153.746,2011-01-01,Other,1.0,New Year,Winter_Holidays,Q1,January,Northern
MTQ,2011,2,,,,140.873,140.873,2011-02-01,Other,0.0,None,Regular,Q1,February,Northern
MTQ,2011,3,,,,157.303,157.303,2011-03-01,Other,3.0,"Carnival / Shrove Monday, Carnival / Shrove Tuesday, Carnival / Ash Wednesday",Spring_Holidays,Q1,March,Northern
MTQ,2011,4,,,,150.388,150.388,2011-04-01,Other,1.0,Easter Monday,Spring_Holidays,Q2,April,Northern
MTQ,2011,5,,,,128.156,128.156,2011-05-01,Other,2.0,"Labor Day, Victory Day",Regular,Q2,May,Northern
MTQ,2011,6,,,,126.381,126.381,2011-06-01,Other,2.0,"Ascension Day, Whit Monday",Regular,Q2,June,Northern
MTQ,2011,7,,,,184.838,184.838,2011-07-01,Other,1.0,Bastille Day,Summer_Holidays,Q3,July,Northern
MTQ,2011,8,,,,193.893,193.893,2011-08-01,Other,1.0,Assumption of Mary,Summer_Holidays,Q3,August,Northern
MTQ,2011,9,,,,99.457,99.457,2011-09-01,Other,0.0,None,Regular,Q3,September,Northern
MTQ,2011,10,,,,113.946,113.946,2011-10-01,Other,0.0,None,Regular,Q4,October,Northern
MTQ,2011,11,,,,118.818,118.818,2011-11-01,Other,2.0,"All Saints' Day, Armistice Day",Regular,Q4,November,Northern
MTQ,2011,12,,,,159.751,159.751,2011-12-01,Other,2.0,"New Year's Eve, Christmas Day",Winter_Holidays,Q4,December,Northern
MTQ,2012,1,,,,157.457,157.457,2012-01-01,Other,1.0,New Year,Winter_Holidays,Q1,January,Northern
MTQ,2012,2,,,,159.973,159.973,2012-02-01,Other,3.0,"Carnival / Shrove Monday, Carnival / Shrove Tuesday, Carnival / Ash Wednesday",Regular,Q1,February,Northern
MTQ,2012,3,,,,148.15,148.15,2012-03-01,Other,0.0,None,Regular,Q1,March,Northern
MTQ,2012,4,,,,148.421,148.421,2012-04-01,Other,1.0,Easter Monday,Spring_Holidays,Q2,April,Northern
MTQ,2012,5,,,,115.056,115.056,2012-05-01,Other,4.0,"Labor Day, Victory Day, Ascension Day",Regular,Q2,May,Northern
MTQ,2012,6,,,,104.916,104.916,2012-06-01,Other,0.0,None,Regular,Q2,June,Northern
MTQ,2012,7,,,,173.32,173.32,2012-07-01,Other,1.0,Bastille Day,Summer_Holidays,Q3,July,Northern
MTQ,2012,8,,,,186.106,186.106,2012-08-01,Other,1.0,Assumption of Mary,Summer_Holidays,Q3,August,Northern
MTQ,2012,9,,,,94.28,94.28,2012-09-01,Other,0.0,None,Regular,Q3,September,Northern
MTQ,2012,10,,,,92.796,92.796,2012-10-01,Other,0.0,None,Regular,Q4,October,Northern
MTQ,2012,11,,,,113.622,113.622,2012-11-01,Other,2.0,"All Saints' Day, Armistice Day",Regular,Q4,November,Northern
MTQ,2012,12,,,,144.327,144.327,2012-12-01,Other,2.0,"New Year's Eve, Christmas Day",Winter_Holidays,Q4,December,Northern
MTQ,2013,1,,,,154.805,154.805,2013-01-01,Other,1.0,New Year,Winter_Holidays,Q1,January,Northern
MTQ,2013,2,,,,153.412,153.412,2013-02-01,Other,3.0,"Carnival / Shrove Monday, Carnival / Shrove Tuesday, Carnival / Ash Wednesday",Regular,Q1,February,Northern
MTQ,2013,3,,,,160.304,160.304,2013-03-01,Other,0.0,None,Regular,Q1,March,Northern
MTQ,2013,4,,,,145.041,145.041,2013-04-01,Other,1.0,Easter Monday,Spring_Holidays,Q2,April,Northern
MTQ,2013,5,,,,127.785,127.785,2013-05-01,Other,4.0,"Labor Day, Victory Day, Ascension Day",Regular,Q2,May,Northern
MTQ,2013,6,,,,112.515,112.515,2013-06-01,Other,0.0,None,Regular,Q2,June,Northern
MTQ,2013,7,,,,166.145,166.145,2013-07-01,Other,1.0,Bastille Day,Summer_Holidays,Q3,July,Northern
MTQ,2013,8,,,,186.798,186.798,2013-08-01,Other,1.0,Assumption of Mary,Summer_Holidays,Q3,August,Northern
MTQ,2013,9,,,,95.957,95.957,2013-09-01,Other,0.0,None,Regular,Q3,September,Northern
MTQ,2013,10,,,,111.489,111.489,2013-10-01,Other,0.0,None,Regular,Q4,October,Northern
MTQ,2013,11,,,,118.849,118.849,2013-11-01,Other,2.0,"All Saints' Day, Armistice Day",Regular,Q4,November,Northern
MTQ,2013,12,,,,155.734,155.734,2013-12-01,Other,2.0,"New Year's Eve, Christmas Day",Winter_Holidays,Q4,December,Northern
MTQ,2014,1,,,,163.486,163.486,2014-01-01,Other,1.0,New Year,Winter_Holidays,Q1,January,Northern
MTQ,2014,2,,,,158.784,158.784,2014-02-01,Other,0.0,None,Regular,Q1,February,Northern
MTQ,2014,3,,,,168.819,168.819,2014-03-01,Other,3.0,"Carnival / Shrove Monday, Carnival / Shrove Tuesday, Carnival / Ash Wednesday",Spring_Holidays,Q1,March,Northern
MTQ,2014,4,,,,152.737,152.737,2014-04-01,Other,1.0,Easter Monday,Spring_Holidays,Q2,April,Northern
MTQ,2014,5,,,,122.671,122.671,2014-05-01,Other,3.0,"Labor Day, Victory Day, Ascension Day",Regular,Q2,May,Northern
MTQ,2014,6,,,,115.153,115.153,2014-06-01,Other,1.0,Whit Monday,Regular,Q2,June,Northern
MTQ,2014,7,,,,161.147,161.147,2014-07-01,Other,1.0,Bastille Day,Summer_Holidays,Q3,July,Northern
MTQ,2014,8,,,,178.072,178.072,2014-08-01,Other,1.0,Assumption of Mary,Summer_Holidays,Q3,August,Northern
MTQ,2014,9,,,,87.733,87.733,2014-09-01,Other,0.0,None,Regular,Q3,September,Northern
MTQ,2014,10,,,,114.163,114.163,2014-10-01,Other,0.0,None,Regular,Q4,October,Northern
MTQ,2014,11,,,,109.312,109.312,2014-11-01,Other,2.0,"All Saints' Day, Armistice Day",Regular,Q4,November,Northern
MTQ,2014,12,,,,151.262,151.262,2014-12-01,Other,2.0,"New Year's Eve, Christmas Day",Winter_Holidays,Q4,December,Northern
MTQ,2015,1,,,,154.625,154.625,2015-01-01,Other,1.0,New Year,Winter_Holidays,Q1,January,Northern
MTQ,2015,2,,,,162.547,162.547,2015-02-01,Other,3.0,"Carnival / Shrove Monday, Carnival / Shrove Tuesday, Carnival / Ash Wednesday",Regular,Q1,February,Northern
MTQ,2015,3,,,,157.544,157.544,2015-03-01,Other,0.0,None,Regular,Q1,March,Northern
MTQ,2015,5,,,,123.755,123.755,2015-05-01,Other,4.0,"Labor Day, Victory Day, Ascension Day",Regular,Q2,May,Northern
MTQ,2015,6,,,,113.351,113.351,2015-06-01,Other,0.0,None,Regular,Q2,June,Northern
MYS,2014,1,,,,4234.803,4234.803,2014-01-01,Other,5.0,"New Year's Day, Birthday of Yang di-Pertuan Besar, The Prophet Muhammad's Birthday",Winter_Holidays,Q1,January,Northern
MYS,2014,2,,,,3864.293,3864.293,2014-02-01,Other,3.0,"Federal Territory Day, Federal Territory Day holiday, Second day of Chinese Lunar New Year",Regular,Q1,February,Northern
MYS,2014,3,,,,4233.863,4233.863,2014-03-01,Other,2.0,"Anniversary of the coronation of the Sultan of Terengganu, Birthday of the Sultan of Johor",Spring_Holidays,Q1,March,Northern
MYS,2014,4,,,,3974.216,3974.216,2014-04-01,Other,4.0,"Declaration of Malacca as Historical City, Good Friday, Birthday of the Sultan of Terengganu",Spring_Holidays,Q2,April,Northern
MYS,2014,5,,,,3962.712,3962.712,2014-05-01,Other,7.0,"Pahang State Holiday, Birthday of the Raja of Perlis, Isra and Mi'raj",Regular,Q2,May,Northern
MYS,2014,6,,,,4181.321,4181.321,2014-06-01,Other,5.0,"Gawai Dayak, Gawai Dayak Holiday, Gawai Dayak observed",Regular,Q2,June,Northern
MYS,2014,7,,,,3808.216,3808.216,2014-07-01,Other,6.0,"George Town World Heritage City Day, Penang Governor's Birthday, Nuzul Al-Quran",Summer_Holidays,Q3,July,Northern
MYS,2014,8,,,,4023.937,4023.937,2014-08-01,Other,2.0,"National Day of Mourning, Malaysia's National Day",Summer_Holidays,Q3,August,Northern
MYS,2014,9,,,,3817.733,3817.733,2014-09-01,Other,2.0,"Malaysia's National Day observed, Malaysia Day",Regular,Q3,September,Northern
MYS,2014,10,,,,3968.169,3968.169,2014-10-01,Other,9.0,"Birthday of the Governor of Sabah, Hari Raya Haji (Day 2), Birthday of the Governor of Malacca",Regular,Q4,October,Northern
MYS,2014,11,,,,4010.719,4010.719,2014-11-01,Other,3.0,"Birthday of the Sultan of Kelantan, Birthday of the Sultan of Kelantan (Day 2), Almarhum Sultan Iskandar Hol Day",Regular,Q4,November,Northern
MYS,2014,12,,,,4850.427,4850.427,2014-12-01,Other,4.0,"Birthday of the Sultan of Selangor, Christmas Eve, New Year's Eve",Winter_Holidays,Q4,December,Northern
MYS,2015,1,,,,3997.0,3997.0,2015-01-01,Other,3.0,"New Year's Day, Birthday of Yang di-Pertuan Besar, The Prophet Muhammad's Birthday",Winter_Holidays,Q1,January,Northern
MYS,2015,2,,,,3755.0,3755.0,2015-02-01,Other,6.0,"Federal Territory Day, Federal Territory Day observed, Thaipusam",Regular,Q1,February,Northern
MYS,2015,3,,,,4225.0,4225.0,2015-03-01,Other,2.0,"Anniversary of the coronation of the Sultan of Terengganu, Birthday of the Sultan of Johor",Spring_Holidays,Q1,March,Northern
MYS,2015,4,,,,3976.0,3976.0,2015-04-01,Other,4.0,"Good Friday, Declaration of Malacca as Historical City, Birthday of the Sultan of Terengganu",Spring_Holidays,Q2,April,Northern
MYS,2015,5,,,,4099.0,4099.0,2015-05-01,Other,8.0,"Pahang State Holiday, Isra and Mi'raj, Birthday of the Raja of Perlis",Regular,Q2,May,Northern
MYS,2015,6,,,,3999.0,3999.0,2015-06-01,Other,5.0,"Gawai Dayak, Harvest Festival Day 2 observed, Gawai Dayak Holiday",Regular,Q2,June,Northern
MYS,2015,7,,,,4188.0,4188.0,2015-07-01,Other,6.0,"Nuzul Al-Quran, George Town World Heritage City Day, Penang Governor's Birthday",Summer_Holidays,Q3,July,Northern
MYS,2015,8,,,,4210.0,4210.0,2015-08-01,Other,1.0,Malaysia's National Day,Summer_Holidays,Q3,August,Northern
MYS,2015,9,,,,3852.0,3852.0,2015-09-01,Other,4.0,"Hari Raya Haji (Day 2), Malaysia Day, Hari Raya Haji",Regular,Q3,September,Northern
MYS,2015,10,,,,3819.0,3819.0,2015-10-01,Other,5.0,"Birthday of the Governor of Sabah, Birthday of the Governor of Malacca, Birthday of the Governor of Sarawak",Regular,Q4,October,Northern
MYS,2015,11,,,,3981.0,3981.0,2015-11-01,Other,5.0,"Birthday of the Sultan of Perak, Diwali/Deepavali, Birthday of the Sultan of Kelantan",Regular,Q4,November,Northern
MYS,2015,12,,,,4838.0,4838.0,2015-12-01,Other,5.0,"Birthday of the Sultan of Selangor, Christmas Eve, New Year's Eve",Winter_Holidays,Q4,December,Northern
MYS,2016,1,,,,4184.0,4184.0,2016-01-01,Other,3.0,"New Year's Day, Birthday of Yang di-Pertuan Besar, Thaipusam",Winter_Holidays,Q1,January,Northern
MYS,2016,2,,,,4046.0,4046.0,2016-02-01,Other,4.0,"Federal Territory Day, Valentine's Day, Chinese Lunar New Year's Day",Regular,Q1,February,Northern
MYS,2016,3,,,,4281.0,4281.0,2016-03-01,Other,4.0,"Anniversary of the coronation of the Sultan of Terengganu, Birthday of the Sultan of Johor, Good Friday",Spring_Holidays,Q1,March,Northern
MYS,2016,4,,,,4120.0,4120.0,2016-04-01,Other,2.0,"Declaration of Malacca as Historical City, Birthday of the Sultan of Terengganu",Spring_Holidays,Q2,April,Northern
MYS,2016,5,,,,4265.0,4265.0,2016-05-01,Other,7.0,"Isra and Mi'raj, Pahang State Holiday, Birthday of the Raja of Perlis",Regular,Q2,May,Northern
MYS,2016,6,,,,3896.0,3896.0,2016-06-01,Other,5.0,"Gawai Dayak, Gawai Dayak Holiday, Ramadan begins",Regular,Q2,June,Northern
MYS,2016,7,,,,4664.0,4664.0,2016-07-01,Other,6.0,"George Town World Heritage City Day, Penang Governor's Birthday, Sarawak Independence Day",Summer_Holidays,Q3,July,Northern
MYS,2016,8,,,,4513.0,4513.0,2016-08-01,Other,1.0,Malaysia's National Day,Summer_Holidays,Q3,August,Northern
MYS,2016,9,,,,4429.0,4429.0,2016-09-01,Other,4.0,"Hari Raya Haji (Day 2), Hari Raya Haji, Hari Raya Haji holiday",Regular,Q3,September,Northern
MYS,2016,10,,,,4362.0,4362.0,2016-10-01,Other,6.0,"Birthday of the Governor of Sabah, Birthday of the Governor of Sarawak, Birthday of the Governor of Malacca",Regular,Q4,October,Northern
MYS,2016,11,,,,4453.0,4453.0,2016-11-01,Other,4.0,"Birthday of the Sultan of Perak, Almarhum Sultan Iskandar Hol Day, Birthday of the Sultan of Kelantan",Regular,Q4,November,Northern
MYS,2016,12,,,,5330.0,5330.0,2016-12-01,Other,6.0,"Birthday of the Sultan of Selangor, Birthday of the Sultan of Selangor observed, Christmas Eve",Winter_Holidays,Q4,December,Northern
MYS,2017,1,,,,4823.0,4823.0,2017-01-01,Other,6.0,"New Year's Day, New Year's Day observed, Birthday of Yang di-Pertuan Besar",Winter_Holidays,Q1,January,Northern
MYS,2017,2,,,,4393.0,4393.0,2017-02-01,Other,3.0,"Federal Territory Day, Thaipusam, Valentine's Day",Regular,Q1,February,Northern
MYS,2017,3,,,,4843.0,4843.0,2017-03-01,Other,2.0,"Anniversary of the coronation of the Sultan of Terengganu, Birthday of the Sultan of Johor",Spring_Holidays,Q1,March,Northern
NGA,2014,1,1127.808,736.052,391.756,,1127.808,2014-01-01,Other,2.0,"New Year's Day, Id el Maulud",Winter_Holidays,Q1,January,Northern
NGA,2014,2,1079.118,767.459,311.659,,1079.118,2014-02-01,Other,0.0,None,Regular,Q1,February,Northern
NGA,2014,3,1209.681,848.331,361.35,,1209.681,2014-03-01,Other,2.0,"Women's Day, Mothering Sunday",Spring_Holidays,Q1,March,Northern
NGA,2014,4,1292.869,919.015,373.854,,1292.869,2014-04-01,Other,2.0,"Good Friday, Easter Monday",Spring_Holidays,Q2,April,Northern
NGA,2014,5,1253.932,877.76,376.172,,1253.932,2014-05-01,Other,3.0,"Children's Day, Democracy Day, Workers' Day",Regular,Q2,May,Northern
NGA,2014,6,1285.676,913.612,372.064,,1285.676,2014-06-01,Other,2.0,"June 12 Commemoration, Father's Day",Regular,Q2,June,Northern
NGA,2014,7,1270.454,859.45,411.004,,1270.454,2014-07-01,Other,2.0,"Id el Fitr, Id el Fitr additional holiday",Summer_Holidays,Q3,July,Northern
NGA,2014,8,1305.687,886.482,419.205,,1305.687,2014-08-01,Other,0.0,None,Regular,Q3,August,Northern
NGA,2014,9,1350.451,903.264,447.187,,1350.451,2014-09-01,Other,0.0,None,Regular,Q3,September,Northern
NGA,2014,10,1355.697,910.096,445.601,,1355.697,2014-10-01,Other,4.0,"Al-Hijra (Islamic New Year), National Day, Id el Kabir",Regular,Q4,October,Northern
NGA,2014,11,1315.893,983.371,332.522,,1315.893,2014-11-01,Other,0.0,None,Regular,Q4,November,Northern
NGA,2014,12,1488.479,1075.912,412.567,,1488.479,2014-12-01,Other,3.0,"New Year's Eve, Christmas Day, Boxing Day",Winter_Holidays,Q4,December,Northern
NGA,2015,1,1188.364,804.099,384.265,,1188.364,2015-01-01,Other,2.0,"New Year's Day, Id el Maulud",Winter_Holidays,Q1,January,Northern
NGA,2015,2,1005.231,741.626,263.605,,1005.231,2015-02-01,Other,0.0,None,Regular,Q1,February,Northern
NGA,2015,3,1193.747,855.344,338.403,,1193.747,2015-03-01,Other,3.0,"Women's Day, Mothering Sunday, Presidential Election Day",Spring_Holidays,Q1,March,Northern
NGA,2015,4,1218.149,839.558,378.591,,1218.149,2015-04-01,Other,2.0,"Good Friday, Easter Monday",Spring_Holidays,Q2,April,Northern
NGA,2015,5,1132.781,792.662,340.119,,1132.781,2015-05-01,Other,3.0,"Children's Day, Democracy Day, Workers' Day",Regular,Q2,May,Northern
NGA,2015,6,1139.927,805.044,334.883,,1139.927,2015-06-01,Other,2.0,"June 12 Commemoration, Father's Day",Regular,Q2,June,Northern
NGA,2015,7,1212.746,823.227,389.519,,1212.746,2015-07-01,Other,3.0,"Id el Fitr, Id el Fitr additional holiday",Summer_Holidays,Q3,July,Northern
NGA,2015,8,1293.565,873.62,419.945,,1293.565,2015-08-01,Other,0.0,None,Regular,Q3,August,Northern
NGA,2015,9,1259.625,853.326,406.299,,1259.625,2015-09-01,Other,2.0,"Id el Kabir, Id el Kabir additional holiday",Regular,Q3,September,Northern
NGA,2015,10,1238.153,880.785,357.368,,1238.153,2015-10-01,Other,2.0,"Al-Hijra (Islamic New Year), National Day",Regular,Q4,October,Northern
NGA,2015,11,1234.565,899.972,334.593,,1234.565,2015-11-01,Other,0.0,None,Regular,Q4,November,Northern
NGA,2015,12,1327.687,928.0,399.687,,1327.687,2015-12-01,Other,4.0,"New Year's Eve, Christmas Eve, Christmas Day",Winter_Holidays,Q4,December,Northern
NGA,2016,1,1289.394,905.64,383.754,,1289.394,2016-01-01,Other,1.0,New Year's Day,Winter_Holidays,Q1,January,Northern
NGA,2016,2,1186.536,886.486,300.05,,1186.536,2016-02-01,Other,0.0,None,Regular,Q1,February,Northern
NGA,2016,3,1349.922,995.742,354.18,,1349.922,2016-03-01,Other,4.0,"Mothering Sunday, Women's Day, Good Friday",Spring_Holidays,Q1,March,Northern
NGA,2016,4,1373.204,1018.24,354.964,,1373.204,2016-04-01,Other,0.0,None,Regular,Q2,April,Northern
NGA,2016,5,1317.368,967.834,349.534,,1317.368,2016-05-01,Other,4.0,"Children's Day, Democracy Day, Workers' Day",Regular,Q2,May,Northern
NGA,2016,6,1210.077,877.998,332.079,,1210.077,2016-06-01,Other,2.0,"June 12 Commemoration, Father's Day",Regular,Q2,June,Northern
NGA,2016,7,1268.971,902.94,366.031,,1268.971,2016-07-01,Other,2.0,"Id el Fitr additional holiday, Id el Fitr",Summer_Holidays,Q3,July,Northern
NGA,2016,8,1398.856,962.792,436.064,,1398.856,2016-08-01,Other,0.0,None,Regular,Q3,August,Northern
NGA,2016,9,1193.425,815.961,377.464,,1193.425,2016-09-01,Other,2.0,"Id el Kabir, Id el Kabir additional holiday",Regular,Q3,September,Northern
NGA,2016,10,1201.646,867.788,333.858,,1201.646,2016-10-01,Other,2.0,"Al-Hijra observed, National Day",Regular,Q4,October,Northern
NGA,2016,11,1216.699,926.077,290.622,,1216.699,2016-11-01,Other,0.0,None,Regular,Q4,November,Northern
NGA,2016,12,1226.499,844.11,382.389,,1226.499,2016-12-01,Other,4.0,"New Year's Eve, Id el Maulud, Christmas Day",Winter_Holidays,Q4,December,Northern
NGA,2017,1,1063.85,723.619,340.231,,1063.85,2017-01-01,Other,1.0,New Year's Day,Winter_Holidays,Q1,January,Northern
NGA,2017,2,986.043,727.809,258.234,,986.043,2017-02-01,Other,0.0,None,Regular,Q1,February,Northern
NGA,2017,3,952.053,680.772,271.281,,952.053,2017-03-01,Other,2.0,"Women's Day, Mothering Sunday",Spring_Holidays,Q1,March,Northern
NGA,2017,4,1047.097,738.796,308.301,,1047.097,2017-04-01,Other,2.0,"Good Friday, Easter Monday",Spring_Holidays,Q2,April,Northern
NGA,2017,5,1171.054,852.15,318.904,,1171.054,2017-05-01,Other,3.0,"Children's Day, Democracy Day, Workers' Day",Regular,Q2,May,Northern
NGA,2017,6,1097.294,788.665,308.629,,1097.294,2017-06-01,Other,4.0,"June 12 Commemoration, Father's Day, Id el Fitr",Regular,Q2,June,Northern
NGA,2017,7,1266.945,921.346,345.599,,1266.945,2017-07-01,Other,0.0,None,Regular,Q3,July,Northern
NGA,2017,8,1454.197,1017.559,436.638,,1454.197,2017-08-01,Other,0.0,None,Regular,Q3,August,Northern
NGA,2017,9,1343.172,925.991,417.181,,1343.172,2017-09-01,Other,3.0,"Al-Hijra (Islamic New Year), Id el Kabir, Id el Kabir additional holiday",Regular,Q3,September,Northern
NGA,2017,10,1280.367,960.679,319.688,,1280.367,2017-10-01,Other,1.0,National Day,Regular,Q4,October,Northern
NGA,2017,11,1335.844,1014.903,320.941,,1335.844,2017-11-01,Other,0.0,None,Regular,Q4,November,Northern
NGA,2017,12,1442.253,1031.163,411.09,,1442.253,2017-12-01,Other,5.0,"Sambisa Memorial Day, New Year's Eve, Id el Maulud",Winter_Holidays,Q4,December,Northern
NGA,2018,1,1255.609,888.191,367.418,,1255.609,2018-01-01,Other,1.0,New Year's Day,Winter_Holidays,Q1,January,Northern
NGA,2018,2,1195.557,917.493,278.064,,1195.557,2018-02-01,Other,0.0,None,Regular,Q1,February,Northern
NGA,2018,3,1402.133,1067.204,334.929,,1402.133,2018-03-01,Other,3.0,"Women's Day, Mothering Sunday, Good Friday",Spring_Holidays,Q1,March,Northern
NGA,2018,4,1456.259,1091.059,365.2,,1456.259,2018-04-01,Other,1.0,Easter Monday,Spring_Holidays,Q2,April,Northern
NGA,2018,5,1375.403,1034.432,340.971,,1375.403,2018-05-01,Other,3.0,"Children's Day, Democracy Day, Workers' Day",Regular,Q2,May,Northern
NGA,2018,6,1366.98,1005.263,361.717,,1366.98,2018-06-01,Other,6.0,"June 12 Commemoration, Father's Day, Id el Fitr",Regular,Q2,June,Northern
NGA,2018,7,1463.257,1067.108,396.149,,1463.257,2018-07-01,Other,0.0,None,Regular,Q3,July,Northern
NGA,2018,8,1531.859,1108.827,423.032,,1531.859,2018-08-01,Other,2.0,"Id el Kabir additional holiday, Id el Kabir",Summer_Holidays,Q3,August,Northern
NGA,2018,9,1489.942,1078.786,411.156,,1489.942,2018-09-01,Other,1.0,Al-Hijra (Islamic New Year),Regular,Q3,September,Northern
NGA,2018,10,1481.28,1137.047,344.233,,1481.28,2018-10-01,Other,1.0,National Day,Regular,Q4,October,Northern
NGA,2018,11,1511.401,1152.296,359.105,,1511.401,2018-11-01,Other,2.0,"Id el Maulud holiday, Id el Maulud",Regular,Q4,November,Northern
NGA,2018,12,1700.758,1243.933,456.825,,1700.758,2018-12-01,Other,4.0,"Sambisa Memorial Day, New Year's Eve, Christmas Day",Winter_Holidays,Q4,December,Northern
NLD,2010,1,3116.393,0.096,3116.297,3127.92,3116.393,2010-01-01,Europe,1.0,New Year's Day,Winter_Holidays,Q1,January,Northern
NLD,2010,2,3051.339,0.268,3051.071,3057.078,3051.339,2010-02-01,Europe,1.0,Valentine's Day,Regular,Q1,February,Northern
NLD,2010,3,3700.319,0.112,3700.207,3707.048,3700.319,2010-03-01,Europe,0.0,None,Regular,Q1,March,Northern
NLD,2010,4,3215.276,0.346,3214.93,3216.379,3215.276,2010-04-01,Europe,4.0,"Good Friday, Easter Sunday, Easter Monday",Spring_Holidays,Q2,April,Northern
NLD,2010,5,4449.154,0.409,4448.745,4442.203,4449.154,2010-05-01,Europe,5.0,"Remembrance Day, Liberation Day, Ascension Day",Regular,Q2,May,Northern
NLD,2010,6,4444.855,0.518,4444.337,4440.536,4444.855,2010-06-01,Europe,0.0,None,Regular,Q2,June,Northern
NLD,2010,7,5124.275,0.167,5124.108,5115.247,5124.275,2010-07-01,Europe,0.0,None,Regular,Q3,July,Northern
NLD,2010,8,5059.637,0.358,5059.279,5053.099,5059.637,2010-08-01,Europe,0.0,None,Regular,Q3,August,Northern
NLD,2010,9,4625.749,0.598,4625.151,4618.925,4625.749,2010-09-01,Europe,0.0,None,Regular,Q3,September,Northern
NLD,2010,10,4667.985,0.139,4667.846,4664.948,4667.985,2010-10-01,Europe,0.0,None,Regular,Q4,October,Northern
NLD,2010,11,3721.69,0.087,3721.603,3725.06,3721.69,2010-11-01,Europe,0.0,None,Regular,Q4,November,Northern
NLD,2010,12,3442.207,0.528,3441.679,3444.304,3442.207,2010-12-01,Europe,6.0,"St Nicholas' Eve/Sinterklaas, St Nicholas' Day, Christmas Eve",Winter_Holidays,Q4,December,Northern
NLD,2011,1,3468.655,0.041,3468.614,3473.07,3468.655,2011-01-01,Europe,1.0,New Year's Day,Winter_Holidays,Q1,January,Northern
NLD,2011,2,3253.563,0.035,3253.528,3255.885,3253.563,2011-02-01,Europe,1.0,Valentine's Day,Regular,Q1,February,Northern
NLD,2011,3,3924.284,0.093,3924.191,3925.78,3924.284,2011-03-01,Europe,0.0,None,Regular,Q1,March,Northern
NLD,2011,4,4469.15,0.036,4469.114,4471.791,4469.15,2011-04-01,Europe,4.0,"Good Friday, Easter Sunday, Easter Monday",Spring_Holidays,Q2,April,Northern
NLD,2011,5,4919.483,0.058,4919.425,4922.712,4919.483,2011-05-01,Europe,2.0,"Remembrance Day, Liberation Day",Regular,Q2,May,Northern
NLD,2011,6,4942.149,0.211,4941.938,4943.003,4942.149,2011-06-01,Europe,3.0,"Ascension Day, Whit Sunday, Whit Monday",Regular,Q2,June,Northern
NLD,2011,7,5629.703,0.047,5629.656,5631.955,5629.703,2011-07-01,Europe,0.0,None,Regular,Q3,July,Northern
NLD,2011,8,5542.202,0.076,5542.126,5543.93,5542.202,2011-08-01,Europe,0.0,None,Regular,Q3,August,Northern
NLD,2011,9,5131.716,0.087,5131.629,5129.506,5131.716,2011-09-01,Europe,0.0,None,Regular,Q3,September,Northern
NLD,2011,10,5026.206,0.02,5026.186,5027.292,5026.206,2011-10-01,Europe,0.0,None,Regular,Q4,October,Northern
NLD,2011,11,3809.048,0.149,3808.899,3814.042,3809.048,2011-11-01,Europe,0.0,None,Regular,Q4,November,Northern
NLD,2011,12,3779.133,0.023,3779.11,3781.493,3779.133,2011-12-01,Europe,6.0,"St Nicholas' Eve/Sinterklaas, St Nicholas' Day, Christmas Eve",Winter_Holidays,Q4,December,Northern
NLD,2012,1,3677.552,0.092,3677.46,3685.06,3677.552,2012-01-01,Europe,1.0,New Year's Day,Winter_Holidays,Q1,January,Northern
NLD,2012,2,3553.952,0.12,3553.832,3563.256,3553.952,2012-02-01,Europe,1.0,Valentine's Day,Regular,Q1,February,Northern
NLD,2012,3,4180.715,0.188,4180.527,4189.192,4180.715,2012-03-01,Europe,0.0,None,Regular,Q1,March,Northern
NLD,2012,4,4571.306,0.563,4570.743,4581.823,4571.306,2012-04-01,Europe,4.0,"Good Friday, Easter Sunday, Easter Monday",Spring_Holidays,Q2,April,Northern
NLD,2012,5,5030.683,0.062,5030.621,5049.215,5030.683,2012-05-01,Europe,5.0,"Remembrance Day, Liberation Day, Ascension Day",Regular,Q2,May,Northern
NLD,2012,6,5080.549,0.249,5080.3,5100.425,5080.549,2012-06-01,Europe,0.0,None,Regular,Q2,June,Northern
NLD,2012,7,5761.608,0.192,5761.416,5781.063,5761.608,2012-07-01,Europe,0.0,None,Regular,Q3,July,Northern
NLD,2012,8,5673.309,0.171,5673.138,5690.026,5673.309,2012-08-01,Europe,0.0,None,Regular,Q3,August,Northern
NLD,2012,9,5241.635,0.038,5241.597,5257.106,5241.635,2012-09-01,Europe,0.0,None,Regular,Q3,September,Northern
NLD,2012,10,5102.217,0.127,5102.09,5112.06,5102.217,2012-10-01,Europe,0.0,None,Regular,Q4,October,Northern
NLD,2012,11,3946.561,0.034,3946.527,3951.024,3946.561,2012-11-01,Europe,0.0,None,Regular,Q4,November,Northern
NLD,2012,12,3860.122,0.019,3860.103,3866.341,3860.122,2012-12-01,Europe,6.0,"St Nicholas' Eve/Sinterklaas, St Nicholas' Day, Christmas Eve",Winter_Holidays,Q4,December,Northern
NLD,2013,1,3671.843,,3671.843,3677.097,3671.843,2013-01-01,Europe,1.0,New Year's Day,Winter_Holidays,Q1,January,Northern
NLD,2013,2,3565.772,0.224,3565.548,3570.291,3565.772,2013-02-01,Europe,1.0,Valentine's Day,Regular,Q1,February,Northern
NLD,2013,3,4344.687,0.028,4344.659,4351.145,4344.687,2013-03-01,Europe,2.0,"Good Friday, Easter Sunday",Spring_Holidays,Q1,March,Northern
NLD,2013,4,4781.04,0.014,4781.026,4787.83,4781.04,2013-04-01,Europe,2.0,"Easter Monday, Queen's Birthday",Spring_Holidays,Q2,April,Northern
NLD,2013,5,5443.543,0.044,5443.499,5461.984,5443.543,2013-05-01,Europe,5.0,"Remembrance Day, Liberation Day, Ascension Day",Regular,Q2,May,Northern
NLD,2013,6,5407.814,0.057,5407.757,5426.52,5407.814,2013-06-01,Europe,0.0,None,Regular,Q2,June,Northern
NLD,2013,7,5936.543,0.01,5936.533,5958.575,5936.543,2013-07-01,Europe,0.0,None,Regular,Q3,July,Northern
NLD,2013,8,5945.765,0.029,5945.736,5964.982,5945.765,2013-08-01,Europe,0.0,None,Regular,Q3,August,Northern
NLD,2013,9,5480.775,0.099,5480.676,5500.228,5480.775,2013-09-01,Europe,0.0,None,Regular,Q3,September,Northern
NLD,2013,10,5291.811,0.157,5291.654,5304.149,5291.811,2013-10-01,Europe,0.0,None,Regular,Q4,October,Northern
NLD,2013,11,4101.916,0.509,4101.407,4109.482,4101.916,2013-11-01,Europe,0.0,None,Regular,Q4,November,Northern
NLD,2013,12,4105.762,0.034,4105.728,4109.923,4105.762,2013-12-01,Europe,6.0,"St Nicholas' Eve/Sinterklaas, St Nicholas' Day, Christmas Eve",Winter_Holidays,Q4,December,Northern
NLD,2014,1,3938.947,0.016,3938.931,3941.65,3938.947,2014-01-01,Europe,1.0,New Year's Day,Winter_Holidays,Q1,January,Northern
NLD,2014,2,3772.322,0.015,3772.307,3775.502,3772.322,2014-02-01,Europe,1.0,Valentine's Day,Regular,Q1,February,Northern
NLD,2014,3,4492.598,0.084,4492.514,4496.918,4492.598,2014-03-01,Europe,0.0,None,Regular,Q1,March,Northern
NLD,2014,4,5077.273,0.027,5077.246,5081.079,5077.273,2014-04-01,Europe,4.0,"Good Friday, Easter Sunday, Easter Monday",Spring_Holidays,Q2,April,Northern
NLD,2014,5,5621.495,0.252,5621.243,5633.379,5621.495,2014-05-01,Europe,3.0,"Remembrance Day, Liberation Day, Ascension Day",Regular,Q2,May,Northern
NLD,2014,6,5645.814,0.112,5645.702,5654.595,5645.814,2014-06-01,Europe,2.0,"Whit Sunday, Whit Monday",Regular,Q2,June,Northern
NLD,2014,7,6073.347,0.075,6073.272,6054.156,6073.347,2014-07-01,Europe,0.0,None,Regular,Q3,July,Northern
NLD,2014,8,6263.574,0.011,6263.563,6239.547,6263.574,2014-08-01,Europe,0.0,None,Regular,Q3,August,Northern
NLD,2014,9,5805.826,0.024,5805.802,5786.331,5805.826,2014-09-01,Europe,0.0,None,Regular,Q3,September,Northern
NLD,2014,10,5611.791,0.029,5611.762,5594.812,5611.791,2014-10-01,Europe,0.0,None,Regular,Q4,October,Northern
NLD,2014,11,4323.723,0.05,4323.673,4324.129,4323.723,2014-11-01,Europe,0.0,None,Regular,Q4,November,Northern
NLD,2014,12,4336.293,0.015,4336.278,4337.426,4336.293,2014-12-01,Europe,6.0,"St Nicholas' Eve/Sinterklaas, St Nicholas' Day, Christmas Eve",Winter_Holidays,Q4,December,Northern
NLD,2015,1,4069.046,0.585,4068.461,4069.129,4069.046,2015-01-01,Europe,1.0,New Year's Day,Winter_Holidays,Q1,January,Northern
NLD,2015,2,3977.418,0.075,3977.343,3973.52,3977.418,2015-02-01,Europe,1.0,Valentine's Day,Regular,Q1,February,Northern
NLD,2015,3,4654.178,0.105,4654.073,4648.946,4654.178,2015-03-01,Europe,0.0,None,Regular,Q1,March,Northern
NLD,2015,4,5320.956,0.141,5320.815,5305.745,5320.956,2015-04-01,Europe,4.0,"Good Friday, Easter Sunday, Easter Monday",Spring_Holidays,Q2,April,Northern
NLD,2015,5,6067.655,0.032,6067.623,6050.57,6067.655,2015-05-01,Europe,5.0,"Remembrance Day, Liberation Day, Ascension Day",Regular,Q2,May,Northern
NLD,2015,6,5962.631,0.073,5962.558,5958.367,5962.631,2015-06-01,Europe,0.0,None,Regular,Q2,June,Northern
NLD,2015,7,6571.92,0.201,6571.719,6554.555,6571.92,2015-07-01,Europe,0.0,None,Regular,Q3,July,Northern
NLD,2015,8,6592.365,0.142,6592.223,6591.163,6592.365,2015-08-01,Europe,0.0,None,Regular,Q3,August,Northern
NLD,2015,9,6119.316,0.033,6119.283,6102.902,6119.316,2015-09-01,Europe,0.0,None,Regular,Q3,September,Northern
NLD,2015,10,5930.716,0.192,5930.524,5927.548,5930.716,2015-10-01,Europe,0.0,None,Regular,Q4,October,Northern
NLD,2015,11,4700.429,0.02,4700.409,4693.576,4700.429,2015-11-01,Europe,0.0,None,Regular,Q4,November,Northern
NLD,2015,12,4604.308,0.012,4604.296,4654.151,4604.308,2015-12-01,Europe,6.0,"St Nicholas' Eve/Sinterklaas, St Nicholas' Day, Christmas Eve",Winter_Holidays,Q4,December,Northern
NLD,2016,1,4489.479,0.04,4489.439,4490.546,4489.479,2016-01-01,Europe,1.0,New Year's Day,Winter_Holidays,Q1,January,Northern
NLD,2016,2,4512.292,0.028,4512.264,4512.991,4512.292,2016-02-01,Europe,1.0,Valentine's Day,Regular,Q1,February,Northern
NLD,2016,3,5252.915,0.353,5252.562,5252.706,5252.915,2016-03-01,Europe,3.0,"Good Friday, Easter Sunday, Easter Monday",Spring_Holidays,Q1,March,Northern
NLD,2016,4,5840.393,0.058,5840.335,5847.947,5840.393,2016-04-01,Europe,1.0,King's Birthday,Spring_Holidays,Q2,April,Northern
NLD,2016,5,6411.912,0.026,6411.886,6427.933,6411.912,2016-05-01,Europe,5.0,"Remembrance Day, Ascension Day, Liberation Day",Regular,Q2,May,Northern
NLD,2016,6,6207.078,0.07,6207.008,6216.863,6207.078,2016-06-01,Europe,0.0,None,Regular,Q2,June,Northern
NLD,2016,7,7078.863,0.229,7078.634,7087.87,7078.863,2016-07-01,Europe,0.0,None,Regular,Q3,July,Northern
NLD,2016,8,7119.431,0.084,7119.347,7126.488,7119.431,2016-08-01,Europe,0.0,None,Regular,Q3,August,Northern
NLD,2016,9,6576.72,0.541,6576.179,6583.738,6576.72,2016-09-01,Europe,0.0,None,Regular,Q3,September,Northern
NLD,2016,10,6449.416,0.021,6449.395,6459.104,6449.416,2016-10-01,Europe,0.0,None,Regular,Q4,October,Northern
NLD,2016,11,5165.683,0.125,5165.558,5171.699,5165.683,2016-11-01,Europe,0.0,None,Regular,Q4,November,Northern
NLD,2016,12,5213.813,0.062,5213.751,5220.891,5213.813,2016-12-01,Europe,6.0,"St Nicholas' Eve/Sinterklaas, St Nicholas' Day, Christmas Eve",Winter_Holidays,Q4,December,Northern
NLD,2017,1,5026.444,0.37,5026.074,5036.116,5026.444,2017-01-01,Europe,1.0,New Year's Day,Winter_Holidays,Q1,January,Northern
NLD,2017,2,4790.354,0.146,4790.208,4798.851,4790.354,2017-02-01,Europe,1.0,Valentine's Day,Regular,Q1,February,Northern
NLD,2017,3,5720.426,0.024,5720.402,5725.781,5720.426,2017-03-01,Europe,0.0,None,Regular,Q1,March,Northern
NLD,2017,4,6528.026,0.013,6528.013,6538.964,6528.026,2017-04-01,Europe,4.0,"Good Friday, Easter Sunday, Easter Monday",Spring_Holidays,Q2,April,Northern
NLD,2017,5,6993.121,0.104,6993.017,7000.679,6993.121,2017-05-01,Europe,3.0,"Remembrance Day, Liberation Day, Ascension Day",Regular,Q2,May,Northern
NLD,2017,6,6907.804,0.063,6907.741,6898.066,6907.804,2017-06-01,Europe,2.0,"Whit Sunday, Whit Monday",Regular,Q2,June,Northern
NLD,2017,7,7536.772,0.071,7536.701,7523.655,7536.772,2017-07-01,Europe,0.0,None,Regular,Q3,July,Northern
NLD,2017,8,7611.207,0.878,7610.329,7596.204,7611.207,2017-08-01,Europe,0.0,None,Regular,Q3,August,Northern
NLD,2017,9,7047.173,0.168,7047.005,7034.52,7047.173,2017-09-01,Europe,0.0,None,Regular,Q3,September,Northern
NLD,2017,10,6978.713,0.235,6978.478,6965.954,6978.713,2017-10-01,Europe,0.0,None,Regular,Q4,October,Northern
NLD,2017,11,5660.201,0.019,5660.182,5663.667,5660.201,2017-11-01,Europe,0.0,None,Regular,Q4,November,Northern
NLD,2017,12,5440.063,0.039,5440.024,5444.843,5440.063,2017-12-01,Europe,6.0,"St Nicholas' Eve/Sinterklaas, St Nicholas' Day, Christmas Eve",Winter_Holidays,Q4,December,Northern
NLD,2018,1,5413.261,0.66,5412.601,,5413.261,2018-01-01,Europe,1.0,New Year's Day,Winter_Holidays,Q1,January,Northern
NLD,2018,2,5239.287,0.056,5239.231,,5239.287,2018-02-01,Europe,1.0,Valentine's Day,Regular,Q1,February,Northern
NLD,2018,3,6154.614,0.305,6154.309,,6154.614,2018-03-01,Europe,1.0,Good Friday,Spring_Holidays,Q1,March,Northern
NLD,2018,4,6733.655,0.012,6733.643,,6733.655,2018-04-01,Europe,3.0,"Easter Sunday, Easter Monday, King's Birthday",Spring_Holidays,Q2,April,Northern
NLD,2018,5,7265.322,0.081,7265.241,,7265.322,2018-05-01,Europe,5.0,"Remembrance Day, Liberation Day, Ascension Day",Regular,Q2,May,Northern
NLD,2018,6,7238.055,0.525,7237.53,,7238.055,2018-06-01,Europe,0.0,None,Regular,Q2,June,Northern
NLD,2018,7,7695.851,0.241,7695.61,,7695.851,2018-07-01,Europe,0.0,None,Regular,Q3,July,Northern
NLD,2018,8,7789.704,0.033,7789.671,,7789.704,2018-08-01,Europe,0.0,None,Regular,Q3,August,Northern
NLD,2018,9,7297.962,0.253,7297.709,,7297.962,2018-09-01,Europe,0.0,None,Regular,Q3,September,Northern
NLD,2018,10,7265.97,0.241,7265.729,,7265.97,2018-10-01,Europe,0.0,None,Regular,Q4,October,Northern
NLD,2018,11,5805.354,0.054,5805.3,,5805.354,2018-11-01,Europe,0.0,None,Regular,Q4,November,Northern
NLD,2018,12,5745.02,0.125,5744.895,,5745.02,2018-12-01,Europe,6.0,"St Nicholas' Eve/Sinterklaas, St Nicholas' Day, Christmas Eve",Winter_Holidays,Q4,December,Northern
NOR,2010,1,1935.96,928.13,1007.83,2804.403,1935.96,2010-01-01,Europe,0.0,None,Regular,Q1,January,Northern
NOR,2010,2,2028.942,985.092,1043.85,2979.204,2028.942,2010-02-01,Europe,3.0,"Carnival, Mother's Day, Valentine's Day",Regular,Q1,February,Northern
NOR,2010,3,2398.396,1125.21,1273.186,3488.951,2398.396,2010-03-01,Europe,1.0,Palm Sunday,Spring_Holidays,Q1,March,Northern
NOR,2010,4,1734.707,783.068,951.639,2502.86,1734.707,2010-04-01,Europe,5.0,"Holy Saturday, Maundy Thursday, Good Friday",Spring_Holidays,Q2,April,Northern
NOR,2010,5,2583.839,1122.224,1461.615,3673.011,2583.839,2010-05-01,Europe,7.0,"Day of liberation, Pentecost Eve, Labor day",Regular,Q2,May,Northern
NOR,2010,6,2904.892,1198.539,1706.353,4025.176,2904.892,2010-06-01,Europe,2.0,"Midsummer Eve, St. John's day",Regular,Q2,June,Northern
NOR,2010,7,2959.234,982.918,1976.316,3935.255,2959.234,2010-07-01,Europe,0.0,None,Regular,Q3,July,Northern
NOR,2010,8,2853.185,1154.758,1698.427,3966.367,2853.185,2010-08-01,Europe,0.0,None,Regular,Q3,August,Northern
NOR,2010,9,2809.223,1245.83,1563.393,4019.321,2809.223,2010-09-01,Europe,0.0,None,Regular,Q3,September,Northern
NOR,2010,10,2827.636,1275.865,1551.771,4047.671,2827.636,2010-10-01,Europe,2.0,"United Nations Day, Halloween",Regular,Q4,October,Northern
NOR,2010,11,2391.644,1174.476,1217.168,3523.66,2391.644,2010-11-01,Europe,2.0,"Father's Day, First Advent Sunday",Regular,Q4,November,Northern
NOR,2010,12,2090.791,981.055,1109.736,3045.244,2090.791,2010-12-01,Europe,7.0,"Second Advent Sunday, Third Advent Sunday, Fourth Advent Sunday",Winter_Holidays,Q4,December,Northern
NOR,2011,1,2096.677,992.937,1103.74,3059.121,2096.677,2011-01-01,Europe,0.0,None,Regular,Q1,January,Northern
NOR,2011,2,2150.526,1030.541,1119.985,3138.459,2150.526,2011-02-01,Europe,2.0,"Mother's Day, Valentine's Day",Regular,Q1,February,Northern
NOR,2011,3,2569.396,1246.973,1322.423,3774.246,2569.396,2011-03-01,Europe,1.0,Carnival,Spring_Holidays,Q1,March,Northern
NOR,2011,4,2549.22,1090.538,1458.682,3611.751,2549.22,2011-04-01,Europe,6.0,"Palm Sunday, Holy Saturday, Maundy Thursday",Spring_Holidays,Q2,April,Northern
NOR,2011,5,2877.185,1294.635,1582.55,4135.539,2877.185,2011-05-01,Europe,3.0,"Day of liberation, Labor day, 17 May Constitution Day (1814)",Regular,Q2,May,Northern
NOR,2011,6,3134.77,1284.549,1850.221,4406.859,3134.77,2011-06-01,Europe,6.0,"Pentecost Eve, Midsummer Eve, St. John's day",Regular,Q2,June,Northern
NOR,2011,7,3180.199,1012.946,2167.253,4203.863,3180.199,2011-07-01,Europe,0.0,None,Regular,Q3,July,Northern
NOR,2011,8,2977.648,1186.271,1791.377,4133.876,2977.648,2011-08-01,Europe,0.0,None,Regular,Q3,August,Northern
NOR,2011,9,3016.375,1322.355,1694.02,4283.273,3016.375,2011-09-01,Europe,0.0,None,Regular,Q3,September,Northern
NOR,2011,10,3024.297,1342.668,1681.629,4318.975,3024.297,2011-10-01,Europe,2.0,"United Nations Day, Halloween",Regular,Q4,October,Northern
NOR,2011,11,2575.743,1269.288,1306.455,3817.817,2575.743,2011-11-01,Europe,2.0,"Father's Day, First Advent Sunday",Regular,Q4,November,Northern
NOR,2011,12,2251.486,1042.403,1209.083,3281.494,2251.486,2011-12-01,Europe,7.0,"Second Advent Sunday, Third Advent Sunday, Fourth Advent Sunday",Winter_Holidays,Q4,December,Northern
NOR,2012,1,2252.515,1087.428,1165.087,3277.299,2252.515,2012-01-01,Europe,0.0,None,Regular,Q1,January,Northern
NOR,2012,2,2410.988,1148.38,1262.608,3491.208,2410.988,2012-02-01,Europe,3.0,"Mother's Day, Valentine's Day, Carnival",Regular,Q1,February,Northern
NOR,2012,3,2798.324,1311.565,1486.759,4054.746,2798.324,2012-03-01,Europe,0.0,None,Regular,Q1,March,Northern
NOR,2012,4,2654.649,1131.791,1522.858,3715.143,2654.649,2012-04-01,Europe,6.0,"Palm Sunday, Holy Saturday, Maundy Thursday",Spring_Holidays,Q2,April,Northern
NOR,2012,5,3063.575,1374.171,1689.404,4349.384,3063.575,2012-05-01,Europe,7.0,"Day of liberation, Pentecost Eve, Labor day",Regular,Q2,May,Northern
NOR,2012,6,3242.581,1283.919,1958.662,4465.761,3242.581,2012-06-01,Europe,2.0,"Midsummer Eve, St. John's day",Regular,Q2,June,Northern
NOR,2012,7,3457.613,1095.0,2362.613,4475.469,3457.613,2012-07-01,Europe,0.0,None,Regular,Q3,July,Northern
NOR,2012,8,3215.461,1257.308,1958.153,4421.045,3215.461,2012-08-01,Europe,0.0,None,Regular,Q3,August,Northern
NOR,2012,9,3207.642,1329.288,1878.354,4479.387,3207.642,2012-09-01,Europe,0.0,None,Regular,Q3,September,Northern
NOR,2012,10,3179.052,1402.222,1776.83,4484.219,3179.052,2012-10-01,Europe,2.0,"United Nations Day, Halloween",Regular,Q4,October,Northern
NOR,2012,11,2754.849,1322.665,1432.184,4001.761,2754.849,2012-11-01,Europe,1.0,Father's Day,Regular,Q4,November,Northern
NOR,2012,12,2354.976,1039.91,1315.066,3345.692,2354.976,2012-12-01,Europe,8.0,"First Advent Sunday, Second Advent Sunday, Third Advent Sunday",Winter_Holidays,Q4,December,Northern
NOR,2013,1,2353.346,1100.242,1253.104,3493.804,2353.346,2013-01-01,Europe,0.0,None,Regular,Q1,January,Northern
NOR,2013,2,2481.438,1136.93,1344.508,3647.016,2481.438,2013-02-01,Europe,3.0,"Carnival, Mother's Day, Valentine's Day",Regular,Q1,February,Northern
NOR,2013,3,2787.842,1198.467,1589.375,4014.078,2787.842,2013-03-01,Europe,5.0,"Palm Sunday, Holy Saturday, Maundy Thursday",Spring_Holidays,Q1,March,Northern
NOR,2013,4,2967.096,1334.811,1632.285,4352.557,2967.096,2013-04-01,Europe,1.0,Easter Monday,Spring_Holidays,Q2,April,Northern
NOR,2013,5,3200.069,1328.268,1871.801,4567.067,3200.069,2013-05-01,Europe,7.0,"Day of liberation, Pentecost Eve, Labor day",Regular,Q2,May,Northern
NOR,2013,6,3562.969,1357.775,2205.194,4948.305,3562.969,2013-06-01,Europe,2.0,"Midsummer Eve, St. John's day",Regular,Q2,June,Northern
NOR,2013,7,3794.724,1100.563,2694.161,4910.774,3794.724,2013-07-01,Europe,0.0,None,Regular,Q3,July,Northern
NOR,2013,8,3458.703,1249.303,2209.4,4737.165,3458.703,2013-08-01,Europe,0.0,None,Regular,Q3,August,Northern
NOR,2013,9,3393.453,1383.45,2010.003,4806.156,3393.453,2013-09-01,Europe,0.0,None,Regular,Q3,September,Northern
NOR,2013,10,3347.082,1432.39,1914.692,4811.178,3347.082,2013-10-01,Europe,2.0,"United Nations Day, Halloween",Regular,Q4,October,Northern
NOR,2013,11,2826.119,1312.197,1513.922,4159.716,2826.119,2013-11-01,Europe,1.0,Father's Day,Regular,Q4,November,Northern
NOR,2013,12,2513.523,1077.692,1435.831,3610.166,2513.523,2013-12-01,Europe,8.0,"First Advent Sunday, Second Advent Sunday, Third Advent Sunday",Winter_Holidays,Q4,December,Northern
NOR,2014,1,2495.009,1134.024,1360.985,3685.989,2495.009,2014-01-01,Europe,0.0,None,Regular,Q1,January,Northern
NOR,2014,2,2539.066,1131.343,1407.723,3725.729,2539.066,2014-02-01,Europe,2.0,"Mother's Day, Valentine's Day",Regular,Q1,February,Northern
NOR,2014,3,2957.999,1321.278,1636.721,4336.706,2957.999,2014-03-01,Europe,1.0,Carnival,Spring_Holidays,Q1,March,Northern
NOR,2014,4,3067.109,1265.62,1801.489,4404.912,3067.109,2014-04-01,Europe,6.0,"Palm Sunday, Holy Saturday, Maundy Thursday",Spring_Holidays,Q2,April,Northern
NOR,2014,5,3256.373,1342.241,1914.132,4669.974,3256.373,2014-05-01,Europe,4.0,"Day of liberation, Labor day, 17 May Constitution Day (1814)",Regular,Q2,May,Northern
NOR,2014,6,3781.196,1451.492,2329.704,5306.121,3781.196,2014-06-01,Europe,5.0,"Pentecost Eve, Midsummer Eve, St. John's day",Regular,Q2,June,Northern
NOR,2014,7,3832.517,1116.66,2715.857,5025.193,3832.517,2014-07-01,Europe,0.0,None,Regular,Q3,July,Northern
NOR,2014,8,3510.699,1265.887,2244.812,4840.781,3510.699,2014-08-01,Europe,0.0,None,Regular,Q3,August,Northern
NOR,2014,9,3448.621,1387.525,2061.096,4906.703,3448.621,2014-09-01,Europe,0.0,None,Regular,Q3,September,Northern
NOR,2014,10,3393.742,1433.62,1960.122,4888.725,3393.742,2014-10-01,Europe,2.0,"United Nations Day, Halloween",Regular,Q4,October,Northern
NOR,2014,11,2809.41,1289.432,1519.978,4149.704,2809.41,2014-11-01,Europe,2.0,"Father's Day, First Advent Sunday",Regular,Q4,November,Northern
NOR,2014,12,2511.454,1075.043,1436.411,3658.42,2511.454,2014-12-01,Europe,7.0,"Second Advent Sunday, Third Advent Sunday, Fourth Advent Sunday",Winter_Holidays,Q4,December,Northern
NOR,2015,1,2424.874,1071.358,1353.516,3529.673,2424.874,2015-01-01,Europe,0.0,None,Regular,Q1,January,Northern
NOR,2015,2,2556.072,1122.487,1433.585,3710.428,2556.072,2015-02-01,Europe,3.0,"Mother's Day, Valentine's Day, Carnival",Regular,Q1,February,Northern
NOR,2015,3,2932.322,1290.187,1642.135,4251.958,2932.322,2015-03-01,Europe,1.0,Palm Sunday,Spring_Holidays,Q1,March,Northern
NOR,2015,4,2983.248,1245.829,1737.419,4260.747,2983.248,2015-04-01,Europe,5.0,"Holy Saturday, Maundy Thursday, Good Friday",Spring_Holidays,Q2,April,Northern
NOR,2015,5,3274.36,1325.626,1948.734,4636.784,3274.36,2015-05-01,Europe,7.0,"Day of liberation, Pentecost Eve, Labor day",Regular,Q2,May,Northern
NOR,2015,6,3702.865,1432.537,2270.328,5174.409,3702.865,2015-06-01,Europe,2.0,"Midsummer Eve, St. John's day",Regular,Q2,June,Northern
NOR,2015,7,3860.82,1145.571,2715.249,5050.062,3860.82,2015-07-01,Europe,0.0,None,Regular,Q3,July,Northern
NOR,2015,8,3538.347,1268.949,2269.398,4846.126,3538.347,2015-08-01,Europe,0.0,None,Regular,Q3,August,Northern
NOR,2015,9,3460.537,1370.528,2090.009,4866.535,3460.537,2015-09-01,Europe,0.0,None,Regular,Q3,September,Northern
NOR,2015,10,3380.538,1400.898,1979.64,4815.127,3380.538,2015-10-01,Europe,2.0,"United Nations Day, Halloween",Regular,Q4,October,Northern
NOR,2015,11,2861.991,1319.721,1542.27,4209.244,2861.991,2015-11-01,Europe,2.0,"Father's Day, First Advent Sunday",Regular,Q4,November,Northern
NOR,2015,12,2527.078,1070.676,1456.402,3632.035,2527.078,2015-12-01,Europe,7.0,"Second Advent Sunday, Third Advent Sunday, Fourth Advent Sunday",Winter_Holidays,Q4,December,Northern
NOR,2016,1,2463.567,1086.712,1376.855,3580.202,2463.567,2016-01-01,Europe,0.0,None,Regular,Q1,January,Northern
NOR,2016,2,2687.167,1202.056,1485.111,3906.308,2687.167,2016-02-01,Europe,3.0,"Carnival, Mother's Day, Valentine's Day",Regular,Q1,February,Northern
NOR,2016,3,2985.088,1247.846,1737.242,4262.804,2985.088,2016-03-01,Europe,6.0,"Palm Sunday, Holy Saturday, Maundy Thursday",Spring_Holidays,Q1,March,Northern
NOR,2016,4,2943.188,1263.112,1680.076,4225.676,2943.188,2016-04-01,Europe,0.0,None,Regular,Q2,April,Northern
NOR,2016,5,3330.222,1354.238,1975.984,4714.507,3330.222,2016-05-01,Europe,7.0,"Day of liberation, Pentecost Eve, Labor day",Regular,Q2,May,Northern
NOR,2016,6,3672.794,1415.679,2257.115,5119.111,3672.794,2016-06-01,Europe,2.0,"Midsummer Eve, St. John's day",Regular,Q2,June,Northern
NOR,2016,7,3779.389,1099.229,2680.16,4956.704,3779.389,2016-07-01,Europe,0.0,None,Regular,Q3,July,Northern
NOR,2016,8,3535.817,1293.806,2242.011,4905.45,3535.817,2016-08-01,Europe,0.0,None,Regular,Q3,August,Northern
NOR,2016,9,3441.932,1425.855,2016.077,4926.381,3441.932,2016-09-01,Europe,0.0,None,Regular,Q3,September,Northern
NOR,2016,10,3431.93,1389.49,2042.44,4846.823,3431.93,2016-10-01,Europe,2.0,"United Nations Day, Halloween",Regular,Q4,October,Northern
NOR,2016,11,2848.087,1301.402,1546.685,4162.351,2848.087,2016-11-01,Europe,2.0,"Father's Day, First Advent Sunday",Regular,Q4,November,Northern
NOR,2016,12,2608.365,1102.924,1505.441,3733.679,2608.365,2016-12-01,Europe,7.0,"Second Advent Sunday, Third Advent Sunday, Fourth Advent Sunday",Winter_Holidays,Q4,December,Northern
NOR,2017,1,2559.648,1137.687,1421.961,3717.808,2559.648,2017-01-01,Europe,0.0,None,Regular,Q1,January,Northern
NOR,2017,2,2631.931,1167.136,1464.795,3814.625,2631.931,2017-02-01,Europe,3.0,"Mother's Day, Valentine's Day, Carnival",Regular,Q1,February,Northern
NOR,2017,3,3089.413,1390.427,1698.986,4500.903,3089.413,2017-03-01,Europe,0.0,None,Regular,Q1,March,Northern
NOR,2017,4,3058.976,1225.205,1833.771,4325.418,3058.976,2017-04-01,Europe,6.0,"Palm Sunday, Holy Saturday, Maundy Thursday",Spring_Holidays,Q2,April,Northern
NOR,2017,5,3362.704,1397.179,1965.525,4807.612,3362.704,2017-05-01,Europe,4.0,"Day of liberation, Labor day, 17 May Constitution Day (1814)",Regular,Q2,May,Northern
NOR,2017,6,3770.376,1458.488,2311.888,5277.654,3770.376,2017-06-01,Europe,5.0,"Pentecost Eve, Midsummer Eve, St. John's day",Regular,Q2,June,Northern
NOR,2017,7,3940.583,1152.761,2787.822,5143.15,3940.583,2017-07-01,Europe,0.0,None,Regular,Q3,July,Northern
NOR,2017,8,3675.007,1333.111,2341.896,5060.443,3675.007,2017-08-01,Europe,0.0,None,Regular,Q3,August,Northern
NOR,2017,9,3535.065,1413.16,2121.905,4986.67,3535.065,2017-09-01,Europe,0.0,None,Regular,Q3,September,Northern
NOR,2017,10,3507.313,1452.907,2054.406,4949.971,3507.313,2017-10-01,Europe,2.0,"United Nations Day, Halloween",Regular,Q4,October,Northern
NOR,2017,11,2943.422,1350.008,1593.414,4311.514,2943.422,2017-11-01,Europe,1.0,Father's Day,Regular,Q4,November,Northern
NOR,2017,12,2665.34,1113.066,1552.274,3813.707,2665.34,2017-12-01,Europe,8.0,"First Advent Sunday, Second Advent Sunday, Third Advent Sunday",Winter_Holidays,Q4,December,Northern
NOR,2018,1,2630.822,1153.23,1477.592,,2630.822,2018-01-01,Europe,0.0,None,Regular,Q1,January,Northern
NOR,2018,2,2733.297,1191.879,1541.418,,2733.297,2018-02-01,Europe,3.0,"Carnival, Mother's Day, Valentine's Day",Regular,Q1,February,Northern
NOR,2018,3,3130.773,1305.05,1825.723,,3130.773,2018-03-01,Europe,4.0,"Palm Sunday, Holy Saturday, Maundy Thursday",Spring_Holidays,Q1,March,Northern
NOR,2018,4,3239.034,1379.696,1859.338,,3239.034,2018-04-01,Europe,2.0,"Easter Sunday, Easter Monday",Spring_Holidays,Q2,April,Northern
NOR,2018,5,3500.881,1404.315,2096.566,,3500.881,2018-05-01,Europe,7.0,"Day of liberation, Pentecost Eve, Labor day",Regular,Q2,May,Northern
NOR,2018,6,3820.443,1440.067,2380.376,,3820.443,2018-06-01,Europe,2.0,"Midsummer Eve, St. John's day",Regular,Q2,June,Northern
NOR,2018,7,4104.197,1207.977,2896.22,,4104.197,2018-07-01,Europe,0.0,None,Regular,Q3,July,Northern
NOR,2018,8,3817.279,1391.818,2425.461,,3817.279,2018-08-01,Europe,0.0,None,Regular,Q3,August,Northern
NOR,2018,9,3646.874,1452.017,2194.857,,3646.874,2018-09-01,Europe,0.0,None,Regular,Q3,September,Northern
NOR,2018,10,3596.184,1487.855,2108.329,,3596.184,2018-10-01,Europe,2.0,"United Nations Day, Halloween",Regular,Q4,October,Northern
NOR,2018,11,3055.466,1382.33,1673.136,,3055.466,2018-11-01,Europe,1.0,Father's Day,Regular,Q4,November,Northern
NOR,2018,12,2754.855,1132.055,1622.8,,2754.855,2018-12-01,Europe,8.0,"First Advent Sunday, Second Advent Sunday, Third Advent Sunday",Winter_Holidays,Q4,December,Northern
NZL,2014,1,,,,2386.248,2386.248,2014-01-01,Oceania,5.0,"Wellington Anniversary Day, Auckland Anniversary Day, Northland Anniversary Day",Winter_Holidays,Q1,January,Southern
NZL,2014,2,,,,2282.814,2282.814,2014-02-01,Oceania,3.0,"Nelson Anniversary Day, Valentine's Day, Waitangi Day",Regular,Q1,February,Southern
NZL,2014,3,,,,2396.97,2396.97,2014-03-01,Oceania,2.0,"Taranaki Anniversary Day, Otago Anniversary Day",Spring_Holidays,Q1,March,Southern
NZL,2014,4,,,,2289.104,2289.104,2014-04-01,Oceania,7.0,"Southland Anniversary Day, April Fools, Holy Saturday",Spring_Holidays,Q2,April,Southern
NZL,2014,5,,,,2151.33,2151.33,2014-05-01,Oceania,1.0,Mother's Day,Regular,Q2,May,Southern
NZL,2014,6,,,,2029.599,2029.599,2014-06-01,Oceania,1.0,Queen's Birthday,Regular,Q2,June,Southern
NZL,2014,7,,,,2389.964,2389.964,2014-07-01,Oceania,0.0,None,Regular,Q3,July,Southern
NZL,2014,8,,,,2289.493,2289.493,2014-08-01,Oceania,0.0,None,Regular,Q3,August,Southern
NZL,2014,9,,,,2251.802,2251.802,2014-09-01,Oceania,2.0,"South Canterbury Anniversary Day, Father's Day",Regular,Q3,September,Southern
NZL,2014,10,,,,2430.835,2430.835,2014-10-01,Oceania,4.0,"Hawke's Bay Anniversary Day, Diwali/Deepavali, Halloween",Regular,Q4,October,Southern
NZL,2014,11,,,,2394.32,2394.32,2014-11-01,Oceania,3.0,"Marlborough Anniversary Day, Canterbury Anniversary Day, Guy Fawkes Night",Regular,Q4,November,Southern
NZL,2014,12,,,,2585.846,2585.846,2014-12-01,Oceania,6.0,"Chatham Islands Anniversary Day, Westland Anniversary Day, Christmas Eve",Winter_Holidays,Q4,December,Southern
NZL,2015,1,,,,2517.83,2517.83,2015-01-01,Oceania,5.0,"Wellington Anniversary Day, Auckland Anniversary Day, Northland Anniversary Day",Winter_Holidays,Q1,January,Southern
NZL,2015,2,,,,2396.61,2396.61,2015-02-01,Oceania,3.0,"Nelson Anniversary Day, Valentine's Day, Waitangi Day",Regular,Q1,February,Southern
NZL,2015,3,,,,2581.519,2581.519,2015-03-01,Oceania,2.0,"Taranaki Anniversary Day, Otago Anniversary Day",Spring_Holidays,Q1,March,Southern
NZL,2015,4,,,,2493.684,2493.684,2015-04-01,Oceania,8.0,"Southland Anniversary Day, April Fools, Holy Saturday",Spring_Holidays,Q2,April,Southern
NZL,2015,5,,,,2215.74,2215.74,2015-05-01,Oceania,1.0,Mother's Day,Regular,Q2,May,Southern
NZL,2015,6,,,,2121.806,2121.806,2015-06-01,Oceania,1.0,Queen's Birthday,Regular,Q2,June,Southern
NZL,2015,7,,,,2518.881,2518.881,2015-07-01,Oceania,0.0,None,Regular,Q3,July,Southern
NZL,2015,8,,,,2399.107,2399.107,2015-08-01,Oceania,0.0,None,Regular,Q3,August,Southern
NZL,2015,9,,,,2374.395,2374.395,2015-09-01,Oceania,2.0,"South Canterbury Anniversary Day, Father's Day",Regular,Q3,September,Southern
NZL,2015,10,,,,2568.735,2568.735,2015-10-01,Oceania,3.0,"Hawke's Bay Anniversary Day, Halloween, Labour Day",Regular,Q4,October,Southern
NZL,2015,11,,,,2586.289,2586.289,2015-11-01,Oceania,6.0,"Marlborough Anniversary Day, Canterbury Anniversary Day, Chatham Islands Anniversary Day",Regular,Q4,November,Southern
NZL,2015,12,,,,2837.437,2837.437,2015-12-01,Oceania,5.0,"Christmas Eve, New Year's Eve, Christmas Day",Winter_Holidays,Q4,December,Southern
NZL,2016,1,,,,2715.197,2715.197,2016-01-01,Oceania,3.0,"Wellington Anniversary Day, New Year's Day, Day after New Year's Day",Winter_Holidays,Q1,January,Southern
NZL,2016,2,,,,2736.318,2736.318,2016-02-01,Oceania,6.0,"Auckland Anniversary Day, Nelson Anniversary Day, Northland Anniversary Day",Regular,Q1,February,Southern
NZL,2016,3,,,,2850.331,2850.331,2016-03-01,Oceania,7.0,"Taranaki Anniversary Day, Otago Anniversary Day, Southland Anniversary Day",Spring_Holidays,Q1,March,Southern
NZL,2016,4,,,,2713.143,2713.143,2016-04-01,Oceania,2.0,"April Fools, ANZAC Day",Spring_Holidays,Q2,April,Southern
NZL,2016,5,,,,2423.921,2423.921,2016-05-01,Oceania,1.0,Mother's Day,Regular,Q2,May,Southern
NZL,2016,6,,,,2348.328,2348.328,2016-06-01,Oceania,1.0,Queen's Birthday,Regular,Q2,June,Southern
NZL,2016,7,,,,2759.642,2759.642,2016-07-01,Oceania,0.0,None,Regular,Q3,July,Southern
NZL,2016,8,,,,2613.084,2613.084,2016-08-01,Oceania,0.0,None,Regular,Q3,August,Southern
NZL,2016,9,,,,2633.249,2633.249,2016-09-01,Oceania,2.0,"South Canterbury Anniversary Day, Father's Day",Regular,Q3,September,Southern
NZL,2016,10,,,,2807.12,2807.12,2016-10-01,Oceania,5.0,"Hawke's Bay Anniversary Day, Marlborough Anniversary Day, Diwali/Deepavali",Regular,Q4,October,Southern
NZL,2016,11,,,,2788.986,2788.986,2016-11-01,Oceania,4.0,"Canterbury Anniversary Day, Chatham Islands Anniversary Day, Westland Anniversary Day",Regular,Q4,November,Southern
NZL,2016,12,,,,3093.259,3093.259,2016-12-01,Oceania,5.0,"Christmas Eve, New Year's Eve, Christmas Day",Winter_Holidays,Q4,December,Southern
NZL,2017,1,,,,2933.936,2933.936,2017-01-01,Oceania,7.0,"Wellington Anniversary Day, Auckland Anniversary Day, Nelson Anniversary Day",Winter_Holidays,Q1,January,Southern
NZL,2017,2,,,,2794.158,2794.158,2017-02-01,Oceania,2.0,"Valentine's Day, Waitangi Day",Regular,Q1,February,Southern
NZL,2017,3,,,,3016.922,3016.922,2017-03-01,Oceania,2.0,"Taranaki Anniversary Day, Otago Anniversary Day",Spring_Holidays,Q1,March,Southern
NZL,2017,4,,,,2916.924,2916.924,2017-04-01,Oceania,7.0,"Southland Anniversary Day, April Fools, Holy Saturday",Spring_Holidays,Q2,April,Southern
NZL,2017,5,,,,2601.706,2601.706,2017-05-01,Oceania,1.0,Mother's Day,Regular,Q2,May,Southern
NZL,2017,6,,,,2525.505,2525.505,2017-06-01,Oceania,1.0,Queen's Birthday,Regular,Q2,June,Southern
NZL,2017,7,,,,2974.599,2974.599,2017-07-01,Oceania,0.0,None,Regular,Q3,July,Southern
NZL,2017,8,,,,2729.133,2729.133,2017-08-01,Oceania,0.0,None,Regular,Q3,August,Southern
NZL,2017,9,,,,2704.317,2704.317,2017-09-01,Oceania,2.0,"South Canterbury Anniversary Day, Father's Day",Regular,Q3,September,Southern
NZL,2017,10,,,,3001.099,3001.099,2017-10-01,Oceania,5.0,"Hawke's Bay Anniversary Day, Marlborough Anniversary Day, Diwali/Deepavali",Regular,Q4,October,Southern
NZL,2017,11,,,,3011.313,3011.313,2017-11-01,Oceania,3.0,"Canterbury Anniversary Day, Chatham Islands Anniversary Day, Guy Fawkes Night",Regular,Q4,November,Southern
NZL,2017,12,,,,3264.527,3264.527,2017-12-01,Oceania,5.0,"Westland Anniversary Day, Christmas Eve, New Year's Eve",Winter_Holidays,Q4,December,Southern
OMN,2014,1,,,,848.404,848.404,2014-01-01,Other,0.0,None,Regular,Q1,January,Northern
OMN,2014,2,,,,757.072,757.072,2014-02-01,Other,0.0,None,Regular,Q1,February,Northern
OMN,2014,3,,,,801.023,801.023,2014-03-01,Other,0.0,None,Regular,Q1,March,Northern
OMN,2014,4,,,,809.108,809.108,2014-04-01,Other,0.0,None,Regular,Q2,April,Northern
OMN,2014,5,,,,791.093,791.093,2014-05-01,Other,1.0,Isra and Mi'raj,Regular,Q2,May,Northern
OMN,2014,6,,,,810.571,810.571,2014-06-01,Other,0.0,None,Regular,Q2,June,Northern
OMN,2014,7,,,,739.855,739.855,2014-07-01,Other,4.0,"Renaissance Day, Eid al-Fitr, Eid al-Fitr Holiday",Summer_Holidays,Q3,July,Northern
OMN,2014,8,,,,930.706,930.706,2014-08-01,Other,0.0,None,Regular,Q3,August,Northern
OMN,2014,9,,,,760.434,760.434,2014-09-01,Other,0.0,None,Regular,Q3,September,Northern
OMN,2014,10,,,,778.651,778.651,2014-10-01,Other,4.0,"Eid al-Adha, Eid al-Adha Holiday",Regular,Q4,October,Northern
OMN,2014,11,,,,715.924,715.924,2014-11-01,Other,1.0,National Day,Regular,Q4,November,Northern
OMN,2014,12,,,,819.305,819.305,2014-12-01,Other,0.0,None,Regular,Q4,December,Northern
OMN,2015,1,,,,933.465,933.465,2015-01-01,Other,0.0,None,Regular,Q1,January,Northern
OMN,2015,2,,,,810.142,810.142,2015-02-01,Other,0.0,None,Regular,Q1,February,Northern
OMN,2015,3,,,,884.16,884.16,2015-03-01,Other,0.0,None,Regular,Q1,March,Northern
OMN,2015,4,,,,889.574,889.574,2015-04-01,Other,0.0,None,Regular,Q2,April,Northern
OMN,2015,5,,,,888.517,888.517,2015-05-01,Other,1.0,Isra and Mi'raj,Regular,Q2,May,Northern
OMN,2015,6,,,,874.058,874.058,2015-06-01,Other,0.0,None,Regular,Q2,June,Northern
OMN,2015,7,,,,967.133,967.133,2015-07-01,Other,4.0,"Eid al-Fitr, Eid al-Fitr Holiday, Renaissance Day",Summer_Holidays,Q3,July,Northern
OMN,2015,8,,,,1158.942,1158.942,2015-08-01,Other,0.0,None,Regular,Q3,August,Northern
OMN,2015,9,,,,986.014,986.014,2015-09-01,Other,4.0,"Eid al-Adha, Eid al-Adha Holiday",Regular,Q3,September,Northern
OMN,2015,10,,,,940.305,940.305,2015-10-01,Other,0.0,None,Regular,Q4,October,Northern
OMN,2015,11,,,,933.008,933.008,2015-11-01,Other,1.0,National Day,Regular,Q4,November,Northern
OMN,2015,12,,,,1077.44,1077.44,2015-12-01,Other,0.0,None,Regular,Q4,December,Northern
OMN,2016,1,,,,1117.081,1117.081,2016-01-01,Other,0.0,None,Regular,Q1,January,Northern
OMN,2016,2,,,,982.124,982.124,2016-02-01,Other,0.0,None,Regular,Q1,February,Northern
OMN,2016,3,,,,1054.698,1054.698,2016-03-01,Other,0.0,None,Regular,Q1,March,Northern
OMN,2016,4,,,,1057.987,1057.987,2016-04-01,Other,0.0,None,Regular,Q2,April,Northern
OMN,2016,5,,,,1050.335,1050.335,2016-05-01,Other,1.0,Isra and Mi'raj,Regular,Q2,May,Northern
OMN,2016,6,,,,959.113,959.113,2016-06-01,Other,0.0,None,Regular,Q2,June,Northern
OMN,2016,7,,,,1218.091,1218.091,2016-07-01,Other,4.0,"Eid al-Fitr, Eid al-Fitr Holiday, Renaissance Day",Summer_Holidays,Q3,July,Northern
OMN,2016,8,,,,1380.708,1380.708,2016-08-01,Other,0.0,None,Regular,Q3,August,Northern
OMN,2016,9,,,,1118.707,1118.707,2016-09-01,Other,4.0,"Eid al-Adha, Eid al-Adha Holiday",Regular,Q3,September,Northern
OMN,2016,10,,,,1024.64,1024.64,2016-10-01,Other,0.0,None,Regular,Q4,October,Northern
OMN,2016,11,,,,1068.208,1068.208,2016-11-01,Other,1.0,National Day,Regular,Q4,November,Northern
OMN,2016,12,,,,1199.455,1199.455,2016-12-01,Other,0.0,None,Regular,Q4,December,Northern
OMN,2017,1,,,,1279.658,1279.658,2017-01-01,Other,0.0,None,Regular,Q1,January,Northern
OMN,2017,2,,,,1153.536,1153.536,2017-02-01,Other,0.0,None,Regular,Q1,February,Northern
OMN,2017,3,,,,1241.415,1241.415,2017-03-01,Other,0.0,None,Regular,Q1,March,Northern
OMN,2017,4,,,,1258.256,1258.256,2017-04-01,Other,1.0,Isra and Mi'raj,Spring_Holidays,Q2,April,Northern
OMN,2017,5,,,,1196.239,1196.239,2017-05-01,Other,0.0,None,Regular,Q2,May,Northern
OMN,2017,6,,,,1141.703,1141.703,2017-06-01,Other,5.0,"Eid al-Fitr, Eid al-Fitr Holiday",Regular,Q2,June,Northern
OMN,2017,7,,,,1532.559,1532.559,2017-07-01,Other,1.0,Renaissance Day,Summer_Holidays,Q3,July,Northern
OMN,2017,8,,,,1590.14,1590.14,2017-08-01,Other,0.0,None,Regular,Q3,August,Northern
PAN,2010,1,,,,423.539,423.539,2010-01-01,Latin America,1.0,Martyr?s Day,Winter_Holidays,Q1,January,Northern
PAN,2010,2,,,,395.727,395.727,2010-02-01,Latin America,5.0,"Carnival / Shrove Monday, Carnival / Ash Wednesday, Carnival",Regular,Q1,February,Northern
PAN,2010,3,,,,435.151,435.151,2010-03-01,Latin America,0.0,None,Regular,Q1,March,Northern
PAN,2010,4,,,,382.444,382.444,2010-04-01,Latin America,3.0,"Maundy Thursday, Good Friday, Holy Saturday",Spring_Holidays,Q2,April,Northern
PAN,2010,5,,,,388.152,388.152,2010-05-01,Latin America,1.0,Labor Day / May Day,Regular,Q2,May,Northern
PAN,2010,6,,,,388.56,388.56,2010-06-01,Latin America,0.0,None,Regular,Q2,June,Northern
PAN,2010,7,,,,473.107,473.107,2010-07-01,Latin America,0.0,None,Regular,Q3,July,Northern
PAN,2010,8,,,,438.974,438.974,2010-08-01,Latin America,1.0,Foundation of Old Panama City,Summer_Holidays,Q3,August,Northern
PAN,2010,9,,,,360.705,360.705,2010-09-01,Latin America,0.0,None,Regular,Q3,September,Northern
PAN,2010,10,,,,425.99,425.99,2010-10-01,Latin America,0.0,None,Regular,Q4,October,Northern
PAN,2010,11,,,,444.269,444.269,2010-11-01,Latin America,5.0,"Flag Day, Independence Day, Colon Day",Regular,Q4,November,Northern
PAN,2010,12,,,,485.792,485.792,2010-12-01,Latin America,4.0,"Mother's Day, Christmas Eve, Christmas Day",Winter_Holidays,Q4,December,Northern
PAN,2011,1,,,,505.344,505.344,2011-01-01,Latin America,1.0,Martyr?s Day,Winter_Holidays,Q1,January,Northern
PAN,2011,2,,,,437.979,437.979,2011-02-01,Latin America,0.0,None,Regular,Q1,February,Northern
PAN,2011,3,,,,481.22,481.22,2011-03-01,Latin America,5.0,"Carnival / Shrove Monday, Carnival / Ash Wednesday, Carnival",Spring_Holidays,Q1,March,Northern
PAN,2011,4,,,,433.622,433.622,2011-04-01,Latin America,3.0,"Maundy Thursday, Good Friday, Holy Saturday",Spring_Holidays,Q2,April,Northern
PAN,2011,5,,,,451.908,451.908,2011-05-01,Latin America,2.0,"Labor Day / May Day, Labor Day / May Day observed",Regular,Q2,May,Northern
PAN,2011,6,,,,462.424,462.424,2011-06-01,Latin America,0.0,None,Regular,Q2,June,Northern
PAN,2011,7,,,,535.604,535.604,2011-07-01,Latin America,0.0,None,Regular,Q3,July,Northern
PAN,2011,8,,,,499.392,499.392,2011-08-01,Latin America,1.0,Foundation of Old Panama City,Summer_Holidays,Q3,August,Northern
PAN,2011,9,,,,463.078,463.078,2011-09-01,Latin America,0.0,None,Regular,Q3,September,Northern
PAN,2011,10,,,,507.678,507.678,2011-10-01,Latin America,0.0,None,Regular,Q4,October,Northern
PAN,2011,11,,,,507.726,507.726,2011-11-01,Latin America,5.0,"Flag Day, Independence Day, Colon Day",Regular,Q4,November,Northern
PAN,2011,12,,,,558.586,558.586,2011-12-01,Latin America,5.0,"Mother's Day, Christmas Eve, Christmas Day",Winter_Holidays,Q4,December,Northern
PAN,2012,1,,,,596.192,596.192,2012-01-01,Latin America,1.0,Martyr?s Day,Winter_Holidays,Q1,January,Northern
PAN,2012,2,,,,548.606,548.606,2012-02-01,Latin America,5.0,"Carnival / Shrove Monday, Carnival / Ash Wednesday, Carnival",Regular,Q1,February,Northern
PAN,2012,3,,,,569.964,569.964,2012-03-01,Latin America,0.0,None,Regular,Q1,March,Northern
PAN,2012,4,,,,539.73,539.73,2012-04-01,Latin America,3.0,"Maundy Thursday, Good Friday, Holy Saturday",Spring_Holidays,Q2,April,Northern
PAN,2012,5,,,,523.857,523.857,2012-05-01,Latin America,1.0,Labor Day / May Day,Regular,Q2,May,Northern
PAN,2012,6,,,,557.618,557.618,2012-06-01,Latin America,0.0,None,Regular,Q2,June,Northern
PAN,2012,7,,,,632.68,632.68,2012-07-01,Latin America,0.0,None,Regular,Q3,July,Northern
PAN,2012,8,,,,599.396,599.396,2012-08-01,Latin America,1.0,Foundation of Old Panama City,Summer_Holidays,Q3,August,Northern
PAN,2012,9,,,,564.064,564.064,2012-09-01,Latin America,0.0,None,Regular,Q3,September,Northern
PAN,2012,10,,,,570.387,570.387,2012-10-01,Latin America,0.0,None,Regular,Q4,October,Northern
PAN,2012,11,,,,603.558,603.558,2012-11-01,Latin America,6.0,"Flag Day, Independence Day, Colon Day",Regular,Q4,November,Northern
PAN,2012,12,,,,656.556,656.556,2012-12-01,Latin America,4.0,"Mother's Day, Christmas Eve, Christmas Day",Winter_Holidays,Q4,December,Northern
PAN,2013,1,,,,695.752,695.752,2013-01-01,Latin America,2.0,"Day off for Martyr?s Day, Martyr?s Day",Winter_Holidays,Q1,January,Northern
PAN,2013,2,,,,609.32,609.32,2013-02-01,Latin America,5.0,"Carnival / Shrove Monday, Carnival / Ash Wednesday, Carnival",Regular,Q1,February,Northern
PAN,2013,3,,,,643.229,643.229,2013-03-01,Latin America,4.0,"Maundy Thursday, Good Friday, Holy Saturday",Spring_Holidays,Q1,March,Northern
PAN,2013,4,,,,588.644,588.644,2013-04-01,Latin America,0.0,None,Regular,Q2,April,Northern
PAN,2013,5,,,,609.1,609.1,2013-05-01,Latin America,1.0,Labor Day / May Day,Regular,Q2,May,Northern
PAN,2013,6,,,,620.046,620.046,2013-06-01,Latin America,0.0,None,Regular,Q2,June,Northern
PAN,2013,7,,,,688.438,688.438,2013-07-01,Latin America,0.0,None,Regular,Q3,July,Northern
PAN,2013,8,,,,676.086,676.086,2013-08-01,Latin America,1.0,Foundation of Old Panama City,Summer_Holidays,Q3,August,Northern
PAN,2013,9,,,,619.521,619.521,2013-09-01,Latin America,0.0,None,Regular,Q3,September,Northern
PAN,2013,10,,,,639.27,639.27,2013-10-01,Latin America,0.0,None,Regular,Q4,October,Northern
PAN,2013,11,,,,661.304,661.304,2013-11-01,Latin America,4.0,"Flag Day, Independence Day, Colon Day",Regular,Q4,November,Northern
PAN,2013,12,,,,733.618,733.618,2013-12-01,Latin America,5.0,"Independence from Spain, Mother's Day, Christmas Eve",Winter_Holidays,Q4,December,Northern
PAN,2014,1,,,,1118.237,1118.237,2014-01-01,Latin America,1.0,Martyr?s Day,Winter_Holidays,Q1,January,Northern
PAN,2014,2,,,,968.39,968.39,2014-02-01,Latin America,0.0,None,Regular,Q1,February,Northern
PAN,2014,3,,,,1016.152,1016.152,2014-03-01,Latin America,5.0,"Carnival / Shrove Monday, Carnival / Ash Wednesday, Carnival",Spring_Holidays,Q1,March,Northern
PAN,2014,4,,,,993.021,993.021,2014-04-01,Latin America,3.0,"Maundy Thursday, Good Friday, Holy Saturday",Spring_Holidays,Q2,April,Northern
PAN,2014,5,,,,1026.43,1026.43,2014-05-01,Latin America,1.0,Labor Day / May Day,Regular,Q2,May,Northern
PAN,2014,6,,,,1062.805,1062.805,2014-06-01,Latin America,0.0,None,Regular,Q2,June,Northern
PAN,2014,7,,,,1155.316,1155.316,2014-07-01,Latin America,0.0,None,Regular,Q3,July,Northern
PAN,2014,8,,,,1158.92,1158.92,2014-08-01,Latin America,1.0,Foundation of Old Panama City,Summer_Holidays,Q3,August,Northern
PAN,2014,9,,,,986.829,986.829,2014-09-01,Latin America,0.0,None,Regular,Q3,September,Northern
PAN,2014,10,,,,1069.406,1069.406,2014-10-01,Latin America,0.0,None,Regular,Q4,October,Northern
PAN,2014,11,,,,1055.247,1055.247,2014-11-01,Latin America,5.0,"Flag Day, Independence Day, Colon Day",Regular,Q4,November,Northern
PAN,2014,12,,,,1171.414,1171.414,2014-12-01,Latin America,5.0,"Day off for Independence from Spain, Mother's Day, Christmas Eve",Winter_Holidays,Q4,December,Northern
PAN,2015,1,,,,1219.661,1219.661,2015-01-01,Latin America,1.0,Martyr?s Day,Winter_Holidays,Q1,January,Northern
PAN,2015,2,,,,1066.613,1066.613,2015-02-01,Latin America,5.0,"Carnival / Shrove Monday, Carnival / Ash Wednesday, Carnival",Regular,Q1,February,Northern
PAN,2015,3,,,,1112.482,1112.482,2015-03-01,Latin America,0.0,None,Regular,Q1,March,Northern
PAN,2015,4,,,,1057.828,1057.828,2015-04-01,Latin America,3.0,"Maundy Thursday, Good Friday, Holy Saturday",Spring_Holidays,Q2,April,Northern
PAN,2015,5,,,,1091.2,1091.2,2015-05-01,Latin America,1.0,Labor Day / May Day,Regular,Q2,May,Northern
PAN,2015,6,,,,1095.146,1095.146,2015-06-01,Latin America,0.0,None,Regular,Q2,June,Northern
PAN,2015,7,,,,1209.128,1209.128,2015-07-01,Latin America,0.0,None,Regular,Q3,July,Northern
PAN,2015,8,,,,1155.243,1155.243,2015-08-01,Latin America,1.0,Foundation of Old Panama City,Summer_Holidays,Q3,August,Northern
PAN,2015,9,,,,1016.785,1016.785,2015-09-01,Latin America,0.0,None,Regular,Q3,September,Northern
PAN,2015,10,,,,1066.121,1066.121,2015-10-01,Latin America,0.0,None,Regular,Q4,October,Northern
PAN,2015,11,,,,1085.222,1085.222,2015-11-01,Latin America,5.0,"Flag Day, Independence Day, Colon Day",Regular,Q4,November,Northern
PAN,2015,12,,,,1259.244,1259.244,2015-12-01,Latin America,4.0,"Mother's Day, Christmas Eve, Christmas Day",Winter_Holidays,Q4,December,Northern
PAN,2016,1,,,,1303.426,1303.426,2016-01-01,Latin America,1.0,Martyr?s Day,Winter_Holidays,Q1,January,Northern
PAN,2016,2,,,,1134.77,1134.77,2016-02-01,Latin America,5.0,"Carnival / Shrove Monday, Carnival / Ash Wednesday, Carnival",Regular,Q1,February,Northern
PAN,2016,3,,,,1172.352,1172.352,2016-03-01,Latin America,3.0,"Maundy Thursday, Good Friday, Holy Saturday",Spring_Holidays,Q1,March,Northern
PAN,2016,4,,,,1092.054,1092.054,2016-04-01,Latin America,0.0,None,Regular,Q2,April,Northern
PAN,2016,5,,,,1114.575,1114.575,2016-05-01,Latin America,2.0,"Labor Day / May Day, Labor Day / May Day observed",Regular,Q2,May,Northern
PAN,2016,6,,,,1185.675,1185.675,2016-06-01,Latin America,0.0,None,Regular,Q2,June,Northern
PAN,2016,7,,,,1402.701,1402.701,2016-07-01,Latin America,0.0,None,Regular,Q3,July,Northern
PAN,2016,8,,,,1327.024,1327.024,2016-08-01,Latin America,1.0,Foundation of Old Panama City,Summer_Holidays,Q3,August,Northern
PAN,2016,9,,,,1192.54,1192.54,2016-09-01,Latin America,0.0,None,Regular,Q3,September,Northern
PAN,2016,10,,,,1261.504,1261.504,2016-10-01,Latin America,0.0,None,Regular,Q4,October,Northern
PAN,2016,11,,,,1211.557,1211.557,2016-11-01,Latin America,5.0,"Flag Day, Independence Day, Colon Day",Regular,Q4,November,Northern
PAN,2016,12,,,,1343.759,1343.759,2016-12-01,Latin America,5.0,"Mother's Day, Christmas Eve, Christmas Day",Winter_Holidays,Q4,December,Northern
PAN,2017,1,,,,1384.999,1384.999,2017-01-01,Latin America,1.0,Martyr?s Day,Winter_Holidays,Q1,January,Northern
PAN,2017,2,,,,1160.173,1160.173,2017-02-01,Latin America,4.0,"Carnival / Shrove Monday, Carnival, Carnival / Shrove Tuesday",Regular,Q1,February,Northern
PAN,2017,3,,,,1238.165,1238.165,2017-03-01,Latin America,1.0,Carnival / Ash Wednesday,Spring_Holidays,Q1,March,Northern
PAN,2017,4,,,,1231.828,1231.828,2017-04-01,Latin America,3.0,"Maundy Thursday, Good Friday, Holy Saturday",Spring_Holidays,Q2,April,Northern
PAN,2017,5,,,,1237.592,1237.592,2017-05-01,Latin America,1.0,Labor Day / May Day,Regular,Q2,May,Northern
PAN,2017,6,,,,1293.752,1293.752,2017-06-01,Latin America,0.0,None,Regular,Q2,June,Northern
PAN,2017,7,,,,1458.204,1458.204,2017-07-01,Latin America,0.0,None,Regular,Q3,July,Northern
PAN,2017,8,,,,1415.032,1415.032,2017-08-01,Latin America,1.0,Foundation of Old Panama City,Summer_Holidays,Q3,August,Northern
PAN,2017,9,,,,1244.025,1244.025,2017-09-01,Latin America,0.0,None,Regular,Q3,September,Northern
PAN,2017,10,,,,1303.717,1303.717,2017-10-01,Latin America,0.0,None,Regular,Q4,October,Northern
PAN,2017,11,,,,1271.41,1271.41,2017-11-01,Latin America,5.0,"Flag Day, Independence Day, Colon Day",Regular,Q4,November,Northern
PAN,2017,12,,,,1377.168,1377.168,2017-12-01,Latin America,4.0,"Mother's Day, Christmas Eve, Christmas Day",Winter_Holidays,Q4,December,Northern
PER,2010,1,,,,1216.921,1216.921,2010-01-01,Latin America,1.0,The Three Wise Men Day,Winter_Holidays,Q1,January,Northern
PER,2010,2,,,,1116.428,1116.428,2010-02-01,Latin America,0.0,None,Regular,Q1,February,Northern
PER,2010,3,,,,1144.068,1144.068,2010-03-01,Latin America,0.0,None,Regular,Q1,March,Northern
PER,2010,4,,,,1123.416,1123.416,2010-04-01,Latin America,3.0,"Maundy Thursday, Good Friday, Easter Sunday",Spring_Holidays,Q2,April,Northern
PER,2010,5,,,,1273.039,1273.039,2010-05-01,Latin America,2.0,"Mother's Day, Labor Day / May Day",Regular,Q2,May,Northern
PER,2010,6,,,,1243.353,1243.353,2010-06-01,Latin America,5.0,"Flag Day, Father's Day, Farmer Day",Regular,Q2,June,Northern
PER,2010,7,,,,1382.833,1382.833,2010-07-01,Latin America,1.0,Independence Day,Summer_Holidays,Q3,July,Northern
PER,2010,8,,,,1466.937,1466.937,2010-08-01,Latin America,1.0,Santa Rosa De Lima,Summer_Holidays,Q3,August,Northern
PER,2010,9,,,,1300.114,1300.114,2010-09-01,Latin America,1.0,Armed Forces Day,Regular,Q3,September,Northern
PER,2010,10,,,,1471.976,1471.976,2010-10-01,Latin America,1.0,Battle of Angamos,Regular,Q4,October,Northern
PER,2010,11,,,,1369.746,1369.746,2010-11-01,Latin America,2.0,"All Souls' Day, All Saints' Day",Regular,Q4,November,Northern
PER,2010,12,,,,1370.072,1370.072,2010-12-01,Latin America,3.0,"New Year's Eve, Feast of the Immaculate Conception, Christmas Day",Winter_Holidays,Q4,December,Northern
PER,2011,1,,,,1455.089,1455.089,2011-01-01,Latin America,1.0,The Three Wise Men Day,Winter_Holidays,Q1,January,Northern
PER,2011,2,,,,1329.741,1329.741,2011-02-01,Latin America,0.0,None,Regular,Q1,February,Northern
PER,2011,3,,,,1362.17,1362.17,2011-03-01,Latin America,0.0,None,Regular,Q1,March,Northern
PER,2011,4,,,,1326.818,1326.818,2011-04-01,Latin America,3.0,"Maundy Thursday, Good Friday, Easter Sunday",Spring_Holidays,Q2,April,Northern
PER,2011,5,,,,1447.697,1447.697,2011-05-01,Latin America,2.0,"Mother's Day, Labor Day / May Day",Regular,Q2,May,Northern
PER,2011,6,,,,1383.478,1383.478,2011-06-01,Latin America,5.0,"Flag Day, Father's Day, Farmer Day",Regular,Q2,June,Northern
PER,2011,7,,,,1640.488,1640.488,2011-07-01,Latin America,1.0,Independence Day,Summer_Holidays,Q3,July,Northern
PER,2011,8,,,,1667.828,1667.828,2011-08-01,Latin America,1.0,Santa Rosa De Lima,Summer_Holidays,Q3,August,Northern
PER,2011,9,,,,1199.735,1199.735,2011-09-01,Latin America,1.0,Armed Forces Day,Regular,Q3,September,Northern
PER,2011,10,,,,1542.622,1542.622,2011-10-01,Latin America,1.0,Battle of Angamos,Regular,Q4,October,Northern
PER,2011,11,,,,1438.858,1438.858,2011-11-01,Latin America,2.0,"All Souls' Day, All Saints' Day",Regular,Q4,November,Northern
PER,2011,12,,,,1489.642,1489.642,2011-12-01,Latin America,4.0,"New Year's Eve, Feast of the Immaculate Conception, Christmas Day",Winter_Holidays,Q4,December,Northern
PER,2012,1,,,,1553.87,1553.87,2012-01-01,Latin America,1.0,The Three Wise Men Day,Winter_Holidays,Q1,January,Northern
PER,2012,2,,,,1579.699,1579.699,2012-02-01,Latin America,0.0,None,Regular,Q1,February,Northern
PER,2012,3,,,,1602.95,1602.95,2012-03-01,Latin America,0.0,None,Regular,Q1,March,Northern
PER,2012,4,,,,1566.498,1566.498,2012-04-01,Latin America,3.0,"Maundy Thursday, Good Friday, Easter Sunday",Spring_Holidays,Q2,April,Northern
PER,2012,5,,,,1664.535,1664.535,2012-05-01,Latin America,2.0,"Mother's Day, Labor Day / May Day",Regular,Q2,May,Northern
PER,2012,6,,,,1590.197,1590.197,2012-06-01,Latin America,5.0,"Flag Day, Father's Day, Farmer Day",Regular,Q2,June,Northern
PER,2012,7,,,,1748.763,1748.763,2012-07-01,Latin America,1.0,Independence Day,Summer_Holidays,Q3,July,Northern
PER,2012,8,,,,1808.177,1808.177,2012-08-01,Latin America,1.0,Santa Rosa De Lima,Summer_Holidays,Q3,August,Northern
PER,2012,9,,,,2249.508,2249.508,2012-09-01,Latin America,1.0,Armed Forces Day,Regular,Q3,September,Northern
PER,2012,10,,,,1761.371,1761.371,2012-10-01,Latin America,1.0,Battle of Angamos,Regular,Q4,October,Northern
PER,2012,11,,,,1654.844,1654.844,2012-11-01,Latin America,2.0,"All Souls' Day, All Saints' Day",Regular,Q4,November,Northern
PER,2012,12,,,,1697.307,1697.307,2012-12-01,Latin America,3.0,"New Year's Eve, Feast of the Immaculate Conception, Christmas Day",Winter_Holidays,Q4,December,Northern
PER,2013,1,,,,161.256,161.256,2013-01-01,Latin America,1.0,The Three Wise Men Day,Winter_Holidays,Q1,January,Northern
PER,2013,2,,,,156.183,156.183,2013-02-01,Latin America,2.0,Public Sector Holiday,Regular,Q1,February,Northern
PER,2013,3,,,,174.48,174.48,2013-03-01,Latin America,3.0,"Maundy Thursday, Good Friday, Easter Sunday",Spring_Holidays,Q1,March,Northern
PER,2013,4,,,,170.85,170.85,2013-04-01,Latin America,0.0,None,Regular,Q2,April,Northern
PER,2013,5,,,,200.533,200.533,2013-05-01,Latin America,2.0,"Mother's Day, Labor Day / May Day",Regular,Q2,May,Northern
PER,2013,6,,,,188.009,188.009,2013-06-01,Latin America,7.0,"Flag Day, Father's Day, Farmer Day",Regular,Q2,June,Northern
PER,2013,7,,,,220.168,220.168,2013-07-01,Latin America,3.0,"Public Sector Holiday, Independence Day, Independence Day observed",Summer_Holidays,Q3,July,Northern
PER,2013,8,,,,233.525,233.525,2013-08-01,Latin America,2.0,"Public Sector Holiday, Santa Rosa De Lima",Summer_Holidays,Q3,August,Northern
PER,2013,9,,,,202.157,202.157,2013-09-01,Latin America,1.0,Armed Forces Day,Regular,Q3,September,Northern
PER,2013,10,,,,227.59,227.59,2013-10-01,Latin America,2.0,"Public Sector Holiday, Battle of Angamos",Regular,Q4,October,Northern
PER,2013,11,,,,184.889,184.889,2013-11-01,Latin America,2.0,"All Souls' Day, All Saints' Day",Regular,Q4,November,Northern
PER,2013,12,,,,175.63,175.63,2013-12-01,Latin America,5.0,"Public Sector Holiday, New Year's Eve, Feast of the Immaculate Conception",Winter_Holidays,Q4,December,Northern
PER,2014,1,,,,1996.185,1996.185,2014-01-01,Latin America,1.0,The Three Wise Men Day,Winter_Holidays,Q1,January,Northern
PER,2014,2,,,,1924.886,1924.886,2014-02-01,Latin America,0.0,None,Regular,Q1,February,Northern
PER,2014,3,,,,1976.743,1976.743,2014-03-01,Latin America,0.0,None,Regular,Q1,March,Northern
PER,2014,4,,,,1913.366,1913.366,2014-04-01,Latin America,3.0,"Maundy Thursday, Good Friday, Easter Sunday",Spring_Holidays,Q2,April,Northern
PER,2014,5,,,,2065.642,2065.642,2014-05-01,Latin America,2.0,"Mother's Day, Labor Day / May Day",Regular,Q2,May,Northern
PER,2014,6,,,,1973.033,1973.033,2014-06-01,Latin America,5.0,"Flag Day, Father's Day, Farmer Day",Regular,Q2,June,Northern
PER,2014,7,,,,2237.33,2237.33,2014-07-01,Latin America,2.0,"Independence Day, Independence Day (day 2)",Summer_Holidays,Q3,July,Northern
PER,2014,8,,,,2389.89,2389.89,2014-08-01,Latin America,1.0,Santa Rosa De Lima,Summer_Holidays,Q3,August,Northern
PER,2014,9,,,,2191.807,2191.807,2014-09-01,Latin America,1.0,Armed Forces Day,Regular,Q3,September,Northern
PER,2014,10,,,,2330.686,2330.686,2014-10-01,Latin America,1.0,Battle of Angamos,Regular,Q4,October,Northern
PER,2014,11,,,,2146.778,2146.778,2014-11-01,Latin America,2.0,"All Souls' Day, All Saints' Day",Regular,Q4,November,Northern
PER,2014,12,,,,2173.427,2173.427,2014-12-01,Latin America,3.0,"New Year's Eve, Feast of the Immaculate Conception, Christmas Day",Winter_Holidays,Q4,December,Northern
PER,2015,1,,,,2206.021,2206.021,2015-01-01,Latin America,1.0,The Three Wise Men Day,Winter_Holidays,Q1,January,Northern
PER,2015,2,,,,2139.82,2139.82,2015-02-01,Latin America,0.0,None,Regular,Q1,February,Northern
PER,2015,3,,,,2142.851,2142.851,2015-03-01,Latin America,0.0,None,Regular,Q1,March,Northern
PER,2015,4,,,,2096.367,2096.367,2015-04-01,Latin America,3.0,"Maundy Thursday, Good Friday, Easter Sunday",Spring_Holidays,Q2,April,Northern
PER,2015,5,,,,2291.267,2291.267,2015-05-01,Latin America,2.0,"Mother's Day, Labor Day / May Day",Regular,Q2,May,Northern
PER,2015,6,,,,2139.536,2139.536,2015-06-01,Latin America,5.0,"Flag Day, Father's Day, Farmer Day",Regular,Q2,June,Northern
PER,2015,7,,,,2441.965,2441.965,2015-07-01,Latin America,2.0,"Independence Day, Independence Day (day 2)",Summer_Holidays,Q3,July,Northern
PER,2015,8,,,,2626.9154,2626.9154,2015-08-01,Latin America,1.0,Santa Rosa De Lima,Summer_Holidays,Q3,August,Northern
PER,2015,9,,,,2387.96,2387.96,2015-09-01,Latin America,1.0,Armed Forces Day,Regular,Q3,September,Northern
PER,2015,10,,,,2579.08,2579.08,2015-10-01,Latin America,1.0,Battle of Angamos,Regular,Q4,October,Northern
PER,2015,11,,,,2316.718,2316.718,2015-11-01,Latin America,2.0,"All Souls' Day, All Saints' Day",Regular,Q4,November,Northern
PER,2015,12,,,,2351.843,2351.843,2015-12-01,Latin America,3.0,"New Year's Eve, Feast of the Immaculate Conception, Christmas Day",Winter_Holidays,Q4,December,Northern
PER,2016,1,,,,2402.608,2402.608,2016-01-01,Latin America,1.0,The Three Wise Men Day,Winter_Holidays,Q1,January,Northern
PER,2016,2,,,,2379.368,2379.368,2016-02-01,Latin America,0.0,None,Regular,Q1,February,Northern
PER,2016,3,,,,2355.08,2355.08,2016-03-01,Latin America,3.0,"Maundy Thursday, Good Friday, Easter Sunday",Spring_Holidays,Q1,March,Northern
PER,2016,4,,,,2210.981,2210.981,2016-04-01,Latin America,0.0,None,Regular,Q2,April,Northern
PER,2016,5,,,,2549.033,2549.033,2016-05-01,Latin America,2.0,"Mother's Day, Labor Day / May Day",Regular,Q2,May,Northern
PER,2016,6,,,,2409.529,2409.529,2016-06-01,Latin America,5.0,"Flag Day, Father's Day, Farmer Day",Regular,Q2,June,Northern
PER,2016,7,,,,2768.223,2768.223,2016-07-01,Latin America,2.0,"Independence Day, Independence Day (day 2)",Summer_Holidays,Q3,July,Northern
PER,2016,8,,,,2855.061,2855.061,2016-08-01,Latin America,1.0,Santa Rosa De Lima,Summer_Holidays,Q3,August,Northern
PER,2016,9,,,,2557.139,2557.139,2016-09-01,Latin America,1.0,Armed Forces Day,Regular,Q3,September,Northern
PER,2016,10,,,,2750.47,2750.47,2016-10-01,Latin America,1.0,Battle of Angamos,Regular,Q4,October,Northern
PER,2016,11,,,,2477.123,2477.123,2016-11-01,Latin America,2.0,"All Souls' Day, All Saints' Day",Regular,Q4,November,Northern
PER,2016,12,,,,2509.074,2509.074,2016-12-01,Latin America,4.0,"New Year's Eve, Feast of the Immaculate Conception, Christmas Day",Winter_Holidays,Q4,December,Northern
PER,2017,1,,,,2577.19,2577.19,2017-01-01,Latin America,1.0,The Three Wise Men Day,Winter_Holidays,Q1,January,Northern
PER,2017,2,,,,2426.982,2426.982,2017-02-01,Latin America,0.0,None,Regular,Q1,February,Northern
PER,2017,3,,,,2465.488,2465.488,2017-03-01,Latin America,0.0,None,Regular,Q1,March,Northern
PER,2017,4,,,,2418.518,2418.518,2017-04-01,Latin America,3.0,"Maundy Thursday, Good Friday, Easter Sunday",Spring_Holidays,Q2,April,Northern
PER,2017,5,,,,2589.592,2589.592,2017-05-01,Latin America,2.0,"Mother's Day, Labor Day / May Day",Regular,Q2,May,Northern
PER,2017,6,,,,2660.045,2660.045,2017-06-01,Latin America,5.0,"Flag Day, Father's Day, Farmer Day",Regular,Q2,June,Northern
PER,2017,7,,,,2987.064,2987.064,2017-07-01,Latin America,2.0,"Independence Day, Independence Day (day 2)",Summer_Holidays,Q3,July,Northern
PER,2017,8,,,,3177.901,3177.901,2017-08-01,Latin America,1.0,Santa Rosa De Lima,Summer_Holidays,Q3,August,Northern
PER,2017,9,,,,2855.437,2855.437,2017-09-01,Latin America,1.0,Armed Forces Day,Regular,Q3,September,Northern
PER,2017,10,,,,3055.658,3055.658,2017-10-01,Latin America,1.0,Battle of Angamos,Regular,Q4,October,Northern
PER,2017,11,,,,2791.029,2791.029,2017-11-01,Latin America,2.0,"All Souls' Day, All Saints' Day",Regular,Q4,November,Northern
PER,2017,12,,,,2890.248,2890.248,2017-12-01,Latin America,3.0,"New Year's Eve, Feast of the Immaculate Conception, Christmas Day",Winter_Holidays,Q4,December,Northern
PHL,2014,1,,,,3121.603,3121.603,2014-01-01,Other,2.0,"Maulid un-Nabi, Chinese Lunar New Year's Day",Winter_Holidays,Q1,January,Northern
PHL,2014,2,,,,2669.706,2669.706,2014-02-01,Other,1.0,People Power Anniversary,Regular,Q1,February,Northern
PHL,2014,3,,,,3028.643,3028.643,2014-03-01,Other,0.0,None,Regular,Q1,March,Northern
PHL,2014,4,,,,3369.345,3369.345,2014-04-01,Other,5.0,"Easter Sunday, The Day of Valor, Maundy Thursday",Spring_Holidays,Q2,April,Northern
PHL,2014,5,,,,3447.172,3447.172,2014-05-01,Other,2.0,"Lailatul Isra Wal Mi Raj, Labor Day",Regular,Q2,May,Northern
PHL,2014,6,,,,2875.374,2875.374,2014-06-01,Other,1.0,Independence Day,Regular,Q2,June,Northern
PHL,2014,7,,,,2662.423,2662.423,2014-07-01,Other,1.0,Eidul-Fitar,Summer_Holidays,Q3,July,Northern
PHL,2014,8,,,,2732.742,2732.742,2014-08-01,Other,2.0,"National Heroes Day, Ninoy Aquino Day",Summer_Holidays,Q3,August,Northern
PHL,2014,9,,,,2450.581,2450.581,2014-09-01,Other,0.0,None,Regular,Q3,September,Northern
PHL,2014,10,,,,2751.661,2751.661,2014-10-01,Other,2.0,"Amun Jadid, Eid al-Adha (Feast of the Sacrifice)",Regular,Q4,October,Northern
PHL,2014,11,,,,2742.966,2742.966,2014-11-01,Other,3.0,"All Souls' Day, Bonifacio Day, All Saints' Day",Regular,Q4,November,Northern
PHL,2014,12,,,,3085.063,3085.063,2014-12-01,Other,5.0,"Christmas Day, Rizal Day, Christmas Eve",Winter_Holidays,Q4,December,Northern
PHL,2015,1,,,,3200.531,3200.531,2015-01-01,Other,8.0,"Special non-working day after New Year, Maulid un-Nabi, Pope's Visit (Public holiday in Manila)",Winter_Holidays,Q1,January,Northern
PHL,2015,2,,,,2768.217,2768.217,2015-02-01,Other,2.0,"People Power Anniversary, Chinese Lunar New Year's Day",Regular,Q1,February,Northern
PHL,2015,3,,,,3192.221,3192.221,2015-03-01,Other,0.0,None,Regular,Q1,March,Northern
PHL,2015,4,,,,3414.912,3414.912,2015-04-01,Other,5.0,"Easter Sunday, Maundy Thursday, Good Friday",Spring_Holidays,Q2,April,Northern
PHL,2015,5,,,,3584.662,3584.662,2015-05-01,Other,2.0,"Lailatul Isra Wal Mi Raj, Labor Day",Regular,Q2,May,Northern
PHL,2015,6,,,,3029.239,3029.239,2015-06-01,Other,1.0,Independence Day,Regular,Q2,June,Northern
PHL,2015,7,,,,2996.116,2996.116,2015-07-01,Other,1.0,Eidul-Fitar,Summer_Holidays,Q3,July,Northern
PHL,2015,8,,,,3069.788,3069.788,2015-08-01,Other,2.0,"National Heroes Day, Ninoy Aquino Day",Summer_Holidays,Q3,August,Northern
PHL,2015,9,,,,2770.923,2770.923,2015-09-01,Other,1.0,Eid al-Adha (Feast of the Sacrifice),Regular,Q3,September,Northern
PHL,2015,10,,,,2813.748,2813.748,2015-10-01,Other,1.0,Amun Jadid,Regular,Q4,October,Northern
PHL,2015,11,,,,2713.497,2713.497,2015-11-01,Other,7.0,"All Souls' Day, APEC Summit Extra Holiday, Bonifacio Day",Regular,Q4,November,Northern
PHL,2015,12,,,,3249.779,3249.779,2015-12-01,Other,5.0,"Maulid un-Nabi, Christmas Day, Rizal Day",Winter_Holidays,Q4,December,Northern
PHL,2016,1,,,,3548.584,3548.584,2016-01-01,Other,1.0,Special non-working day after New Year,Winter_Holidays,Q1,January,Northern
PHL,2016,2,,,,3234.338,3234.338,2016-02-01,Other,2.0,"Chinese Lunar New Year's Day, People Power Anniversary",Regular,Q1,February,Northern
PHL,2016,3,,,,3440.369,3440.369,2016-03-01,Other,4.0,"Holy Saturday, Easter Sunday, Maundy Thursday",Spring_Holidays,Q1,March,Northern
PHL,2016,4,,,,3674.448,3674.448,2016-04-01,Other,1.0,The Day of Valor,Spring_Holidays,Q2,April,Northern
PHL,2016,5,,,,3715.637,3715.637,2016-05-01,Other,3.0,"Lailatul Isra Wal Mi Raj, Labor Day, National Elections",Regular,Q2,May,Northern
PHL,2016,6,,,,3378.647,3378.647,2016-06-01,Other,1.0,Independence Day,Regular,Q2,June,Northern
PHL,2016,7,,,,3327.505,3327.505,2016-07-01,Other,1.0,Eidul-Fitar,Summer_Holidays,Q3,July,Northern
PHL,2016,8,,,,3197.257,3197.257,2016-08-01,Other,2.0,"National Heroes Day, Ninoy Aquino Day",Summer_Holidays,Q3,August,Northern
PHL,2016,9,,,,2914.638,2914.638,2016-09-01,Other,3.0,"Eid al-Adha Day 2, Eid al-Adha Day 3, Eid al-Adha (Feast of the Sacrifice)",Regular,Q3,September,Northern
PHL,2016,10,,,,3145.692,3145.692,2016-10-01,Other,2.0,"Special non-working Day, Amun Jadid",Regular,Q4,October,Northern
PHL,2016,11,,,,3237.463,3237.463,2016-11-01,Other,3.0,"All Souls' Day, Bonifacio Day, All Saints' Day",Regular,Q4,November,Northern
PHL,2016,12,,,,3652.936,3652.936,2016-12-01,Other,6.0,"Maulid un-Nabi, Christmas Day, Christmas Day observed",Winter_Holidays,Q4,December,Northern
PHL,2017,1,,,,3865.861,3865.861,2017-01-01,Other,2.0,"New Year's Day observed, Chinese Lunar New Year's Day",Winter_Holidays,Q1,January,Northern
PHL,2017,2,,,,3323.033,3323.033,2017-02-01,Other,1.0,People Power Anniversary,Regular,Q1,February,Northern
PHL,2017,3,,,,3604.743,3604.743,2017-03-01,Other,0.0,None,Regular,Q1,March,Northern
PHL,2017,4,,,,3981.616,3981.616,2017-04-01,Other,5.0,"Lailatul Isra Wal Mi Raj, Easter Sunday, The Day of Valor",Spring_Holidays,Q2,April,Northern
PHL,2017,5,,,,4007.391,4007.391,2017-05-01,Other,1.0,Labor Day,Regular,Q2,May,Northern
PHL,2017,6,,,,3507.847,3507.847,2017-06-01,Other,2.0,"Independence Day, Eidul-Fitar",Regular,Q2,June,Northern
PHL,2017,7,,,,3582.72,3582.72,2017-07-01,Other,0.0,None,Regular,Q3,July,Northern
PHL,2017,8,,,,3526.445,3526.445,2017-08-01,Other,2.0,"National Heroes Day, Ninoy Aquino Day",Summer_Holidays,Q3,August,Northern
PHL,2017,9,,,,3149.045,3149.045,2017-09-01,Other,3.0,"Eid al-Adha Day 2, Amun Jadid, Eid al-Adha (Feast of the Sacrifice)",Regular,Q3,September,Northern
PHL,2017,10,,,,3489.588,3489.588,2017-10-01,Other,1.0,Special non-working Day,Regular,Q4,October,Northern
PHL,2017,11,,,,3526.816,3526.816,2017-11-01,Other,3.0,"All Souls' Day, Bonifacio Day, All Saints' Day",Regular,Q4,November,Northern
PHL,2017,12,,,,3971.937,3971.937,2017-12-01,Other,6.0,"Maulid un-Nabi, Christmas Eve, Christmas Day",Winter_Holidays,Q4,December,Northern
POL,2010,1,1102.669,65.126,1037.543,1209.078,1102.669,2010-01-01,Europe,0.0,None,Regular,Q1,January,Northern
POL,2010,2,1080.644,61.782,1018.862,1180.787,1080.644,2010-02-01,Europe,1.0,Valentine's Day,Regular,Q1,February,Northern
POL,2010,3,1303.859,72.882,1230.977,1424.958,1303.859,2010-03-01,Europe,0.0,None,Regular,Q1,March,Northern
POL,2010,4,1139.301,52.542,1086.759,1239.613,1139.301,2010-04-01,Europe,4.0,"Good Friday, Holy Saturday, Easter Sunday",Spring_Holidays,Q2,April,Northern
POL,2010,5,1643.95,77.015,1566.935,1787.826,1643.95,2010-05-01,Europe,5.0,"Day of the Flag, Mother's Day, Labor Day / May Day",Regular,Q2,May,Northern
POL,2010,6,1901.034,85.635,1815.399,2072.044,1901.034,2010-06-01,Europe,2.0,"Father's Day, Corpus Christi",Regular,Q2,June,Northern
POL,2010,7,2144.399,94.841,2049.558,2341.109,2144.399,2010-07-01,Europe,0.0,None,Regular,Q3,July,Northern
POL,2010,8,2113.598,91.047,2022.551,2306.907,2113.598,2010-08-01,Europe,1.0,Assumption of Mary,Summer_Holidays,Q3,August,Northern
POL,2010,9,1902.745,87.046,1815.699,2110.952,1902.745,2010-09-01,Europe,0.0,None,Regular,Q3,September,Northern
POL,2010,10,1639.194,97.286,1541.908,1807.364,1639.194,2010-10-01,Europe,0.0,None,Regular,Q4,October,Northern
POL,2010,11,1240.583,81.514,1159.069,1363.544,1240.583,2010-11-01,Europe,2.0,"All Saints' Day, Independence Day",Regular,Q4,November,Northern
POL,2010,12,1171.139,76.135,1095.004,1288.705,1171.139,2010-12-01,Europe,4.0,"Christmas Eve, New Year's Eve, Christmas Day",Winter_Holidays,Q4,December,Northern
POL,2011,1,1248.411,73.738,1174.673,1312.655,1248.411,2011-01-01,Europe,1.0,Epiphany,Winter_Holidays,Q1,January,Northern
POL,2011,2,1153.059,68.887,1084.172,1212.761,1153.059,2011-02-01,Europe,1.0,Valentine's Day,Regular,Q1,February,Northern
POL,2011,3,1376.838,88.01,1288.828,1457.093,1376.838,2011-03-01,Europe,0.0,None,Regular,Q1,March,Northern
POL,2011,4,1544.777,85.835,1458.942,1621.714,1544.777,2011-04-01,Europe,4.0,"Good Friday, Holy Saturday, Easter Sunday",Spring_Holidays,Q2,April,Northern
POL,2011,5,1831.676,96.546,1735.13,1921.844,1831.676,2011-05-01,Europe,4.0,"Day of the Flag, Mother's Day, Labor Day / May Day",Regular,Q2,May,Northern
POL,2011,6,2067.128,97.262,1969.866,2157.48,2067.128,2011-06-01,Europe,3.0,"Father's Day, Whit Sunday, Corpus Christi",Regular,Q2,June,Northern
POL,2011,7,2331.393,101.113,2230.28,2417.748,2331.393,2011-07-01,Europe,0.0,None,Regular,Q3,July,Northern
POL,2011,8,2313.378,99.299,2214.079,2396.636,2313.378,2011-08-01,Europe,1.0,Assumption of Mary,Summer_Holidays,Q3,August,Northern
POL,2011,9,2216.804,119.206,2097.598,2322.185,2216.804,2011-09-01,Europe,0.0,None,Regular,Q3,September,Northern
POL,2011,10,1769.415,102.522,1666.893,1875.217,1769.415,2011-10-01,Europe,0.0,None,Regular,Q4,October,Northern
POL,2011,11,1404.737,91.567,1313.17,1486.422,1404.737,2011-11-01,Europe,2.0,"All Saints' Day, Independence Day",Regular,Q4,November,Northern
POL,2011,12,1378.056,95.511,1282.545,1456.317,1378.056,2011-12-01,Europe,4.0,"Christmas Eve, New Year's Eve, Christmas Day",Winter_Holidays,Q4,December,Northern
POL,2012,1,1333.854,87.57,1246.284,1431.388,1333.854,2012-01-01,Europe,1.0,Epiphany,Winter_Holidays,Q1,January,Northern
POL,2012,2,1280.964,91.794,1189.17,1381.352,1280.964,2012-02-01,Europe,1.0,Valentine's Day,Regular,Q1,February,Northern
POL,2012,3,1485.978,110.628,1375.35,1606.69,1485.978,2012-03-01,Europe,0.0,None,Regular,Q1,March,Northern
POL,2012,4,1790.288,173.068,1617.22,1961.723,1790.288,2012-04-01,Europe,4.0,"Good Friday, Holy Saturday, Easter Sunday",Spring_Holidays,Q2,April,Northern
POL,2012,5,2084.217,224.932,1859.285,2364.978,2084.217,2012-05-01,Europe,5.0,"Day of the Flag, Mother's Day, Labor Day / May Day",Regular,Q2,May,Northern
POL,2012,6,2339.536,254.041,2085.495,2668.084,2339.536,2012-06-01,Europe,2.0,"Father's Day, Corpus Christi",Regular,Q2,June,Northern
POL,2012,7,2541.746,240.605,2301.141,2866.956,2541.746,2012-07-01,Europe,0.0,None,Regular,Q3,July,Northern
POL,2012,8,2326.622,137.396,2189.226,2641.589,2326.622,2012-08-01,Europe,1.0,Assumption of Mary,Summer_Holidays,Q3,August,Northern
POL,2012,9,2160.44,139.822,2020.618,2486.749,2160.44,2012-09-01,Europe,0.0,None,Regular,Q3,September,Northern
POL,2012,10,1761.707,128.424,1633.283,2071.445,1761.707,2012-10-01,Europe,0.0,None,Regular,Q4,October,Northern
POL,2012,11,1326.305,101.149,1225.156,1597.125,1326.305,2012-11-01,Europe,2.0,"All Saints' Day, Independence Day",Regular,Q4,November,Northern
POL,2012,12,1369.108,90.048,1279.06,1592.452,1369.108,2012-12-01,Europe,4.0,"Christmas Eve, New Year's Eve, Christmas Day",Winter_Holidays,Q4,December,Northern
POL,2013,1,1400.616,87.922,1312.694,1507.392,1400.616,2013-01-01,Europe,1.0,Epiphany,Winter_Holidays,Q1,January,Northern
POL,2013,2,1347.05,84.6,1262.45,1451.471,1347.05,2013-02-01,Europe,1.0,Valentine's Day,Regular,Q1,February,Northern
POL,2013,3,1576.466,95.833,1480.633,1694.129,1576.466,2013-03-01,Europe,3.0,"Good Friday, Holy Saturday, Easter Sunday",Spring_Holidays,Q1,March,Northern
POL,2013,4,1861.526,91.646,1769.88,1977.48,1861.526,2013-04-01,Europe,1.0,Easter Monday,Spring_Holidays,Q2,April,Northern
POL,2013,5,2139.072,101.799,2037.273,2271.463,2139.072,2013-05-01,Europe,6.0,"Day of the Flag, Mother's Day, Labor Day / May Day",Regular,Q2,May,Northern
POL,2013,6,2343.424,109.844,2233.58,2499.344,2343.424,2013-06-01,Europe,1.0,Father's Day,Regular,Q2,June,Northern
POL,2013,7,2647.047,112.845,2534.202,2789.686,2647.047,2013-07-01,Europe,0.0,None,Regular,Q3,July,Northern
POL,2013,8,2624.66,106.468,2518.192,2767.563,2624.66,2013-08-01,Europe,1.0,Assumption of Mary,Summer_Holidays,Q3,August,Northern
POL,2013,9,2440.27,120.072,2320.198,2591.486,2440.27,2013-09-01,Europe,0.0,None,Regular,Q3,September,Northern
POL,2013,10,1946.844,117.312,1829.532,2239.006,1946.844,2013-10-01,Europe,0.0,None,Regular,Q4,October,Northern
POL,2013,11,1509.086,99.201,1409.885,1743.582,1509.086,2013-11-01,Europe,2.0,"All Saints' Day, Independence Day",Regular,Q4,November,Northern
POL,2013,12,1438.423,89.995,1348.428,1653.807,1438.423,2013-12-01,Europe,4.0,"Christmas Eve, New Year's Eve, Christmas Day",Winter_Holidays,Q4,December,Northern
POL,2014,1,1512.769,90.098,1422.671,1607.757,1512.769,2014-01-01,Europe,1.0,Epiphany,Winter_Holidays,Q1,January,Northern
POL,2014,2,1454.63,87.1,1367.53,1558.917,1454.63,2014-02-01,Europe,1.0,Valentine's Day,Regular,Q1,February,Northern
POL,2014,3,1679.867,102.972,1576.895,1790.018,1679.867,2014-03-01,Europe,0.0,None,Regular,Q1,March,Northern
POL,2014,4,1916.665,115.249,1801.416,2037.746,1916.665,2014-04-01,Europe,4.0,"Good Friday, Holy Saturday, Easter Sunday",Spring_Holidays,Q2,April,Northern
POL,2014,5,2274.462,130.616,2143.846,2412.399,2274.462,2014-05-01,Europe,4.0,"Day of the Flag, Mother's Day, Labor Day / May Day",Regular,Q2,May,Northern
POL,2014,6,2611.773,137.218,2474.555,2755.488,2611.773,2014-06-01,Europe,3.0,"Father's Day, Whit Sunday, Corpus Christi",Regular,Q2,June,Northern
POL,2014,7,2896.96,149.978,2746.982,3054.793,2896.96,2014-07-01,Europe,0.0,None,Regular,Q3,July,Northern
POL,2014,8,2917.421,141.58,2775.841,3034.206,2917.421,2014-08-01,Europe,1.0,Assumption of Mary,Summer_Holidays,Q3,August,Northern
POL,2014,9,2685.396,142.823,2542.573,2841.179,2685.396,2014-09-01,Europe,0.0,None,Regular,Q3,September,Northern
POL,2014,10,2218.452,135.639,2082.813,2355.11,2218.452,2014-10-01,Europe,0.0,None,Regular,Q4,October,Northern
POL,2014,11,1811.495,128.438,1683.057,1944.185,1811.495,2014-11-01,Europe,2.0,"All Saints' Day, Independence Day",Regular,Q4,November,Northern
POL,2014,12,1734.532,116.469,1618.063,1854.269,1734.532,2014-12-01,Europe,4.0,"Christmas Eve, New Year's Eve, Christmas Day",Winter_Holidays,Q4,December,Northern
POL,2015,1,1718.995,101.604,1617.391,1824.461,1718.995,2015-01-01,Europe,1.0,Epiphany,Winter_Holidays,Q1,January,Northern
POL,2015,2,1701.417,103.451,1597.966,1808.247,1701.417,2015-02-01,Europe,1.0,Valentine's Day,Regular,Q1,February,Northern
POL,2015,3,1957.806,127.396,1830.41,2090.502,1957.806,2015-03-01,Europe,0.0,None,Regular,Q1,March,Northern
POL,2015,4,2213.72,123.202,2090.518,2349.077,2213.72,2015-04-01,Europe,4.0,"Good Friday, Holy Saturday, Easter Sunday",Spring_Holidays,Q2,April,Northern
POL,2015,5,2565.308,142.438,2422.87,2717.602,2565.308,2015-05-01,Europe,5.0,"Day of the Flag, Mother's Day, Labor Day / May Day",Regular,Q2,May,Northern
POL,2015,6,2967.02,154.769,2812.251,3137.631,2967.02,2015-06-01,Europe,2.0,"Father's Day, Corpus Christi",Regular,Q2,June,Northern
POL,2015,7,3254.547,160.957,3093.59,3425.83,3254.547,2015-07-01,Europe,0.0,None,Regular,Q3,July,Northern
POL,2015,8,3186.422,157.372,3029.05,3355.249,3186.422,2015-08-01,Europe,1.0,Assumption of Mary,Summer_Holidays,Q3,August,Northern
POL,2015,9,2927.441,147.618,2779.823,3086.423,2927.441,2015-09-01,Europe,0.0,None,Regular,Q3,September,Northern
POL,2015,10,2427.35,136.348,2291.002,2568.27,2427.35,2015-10-01,Europe,0.0,None,Regular,Q4,October,Northern
POL,2015,11,2004.618,119.546,1885.072,2127.097,2004.618,2015-11-01,Europe,2.0,"All Saints' Day, Independence Day",Regular,Q4,November,Northern
POL,2015,12,1982.795,112.949,1869.846,2073.677,1982.795,2015-12-01,Europe,4.0,"Christmas Eve, New Year's Eve, Christmas Day",Winter_Holidays,Q4,December,Northern
POL,2016,1,1955.253,105.217,1850.036,2065.601,1955.253,2016-01-01,Europe,1.0,Epiphany,Winter_Holidays,Q1,January,Northern
POL,2016,2,1949.7,114.985,1834.715,2067.343,1949.7,2016-02-01,Europe,1.0,Valentine's Day,Regular,Q1,February,Northern
POL,2016,3,2204.92,132.88,2072.04,2339.175,2204.92,2016-03-01,Europe,4.0,"Good Friday, Holy Saturday, Easter Sunday",Spring_Holidays,Q1,March,Northern
POL,2016,4,2439.266,165.752,2273.514,2571.908,2439.266,2016-04-01,Europe,0.0,None,Regular,Q2,April,Northern
POL,2016,5,2797.539,169.351,2628.188,2935.368,2797.539,2016-05-01,Europe,6.0,"Day of the Flag, Mother's Day, Labor Day / May Day",Regular,Q2,May,Northern
POL,2016,6,3171.901,168.23,3003.671,3357.269,3171.901,2016-06-01,Europe,1.0,Father's Day,Regular,Q2,June,Northern
POL,2016,7,3502.298,166.977,3335.321,3681.662,3502.298,2016-07-01,Europe,0.0,None,Regular,Q3,July,Northern
POL,2016,8,3482.817,167.774,3315.043,3663.461,3482.817,2016-08-01,Europe,1.0,Assumption of Mary,Summer_Holidays,Q3,August,Northern
POL,2016,9,3284.762,167.317,3117.445,3462.402,3284.762,2016-09-01,Europe,0.0,None,Regular,Q3,September,Northern
POL,2016,10,2761.278,157.834,2603.444,2936.426,2761.278,2016-10-01,Europe,0.0,None,Regular,Q4,October,Northern
POL,2016,11,2359.552,163.366,2196.186,2507.562,2359.552,2016-11-01,Europe,2.0,"All Saints' Day, Independence Day",Regular,Q4,November,Northern
POL,2016,12,2357.456,154.454,2203.002,2539.055,2357.456,2016-12-01,Europe,4.0,"Christmas Eve, New Year's Eve, Christmas Day",Winter_Holidays,Q4,December,Northern
POL,2017,1,2309.994,142.441,2167.553,2454.661,2309.994,2017-01-01,Europe,1.0,Epiphany,Winter_Holidays,Q1,January,Northern
POL,2017,2,2222.509,147.627,2074.882,2372.285,2222.509,2017-02-01,Europe,1.0,Valentine's Day,Regular,Q1,February,Northern
POL,2017,3,2560.537,171.974,2388.563,2734.935,2560.537,2017-03-01,Europe,0.0,None,Regular,Q1,March,Northern
POL,2017,4,2817.652,179.269,2638.383,3005.327,2817.652,2017-04-01,Europe,4.0,"Good Friday, Holy Saturday, Easter Sunday",Spring_Holidays,Q2,April,Northern
POL,2017,5,3221.586,205.794,3015.792,3424.038,3221.586,2017-05-01,Europe,4.0,"Day of the Flag, Mother's Day, Labor Day / May Day",Regular,Q2,May,Northern
POL,2017,6,3687.329,209.884,3477.445,3644.214,3687.329,2017-06-01,Europe,3.0,"Father's Day, Whit Sunday, Corpus Christi",Regular,Q2,June,Northern
POL,2017,7,4120.443,221.368,3899.075,4076.883,4120.443,2017-07-01,Europe,0.0,None,Regular,Q3,July,Northern
POL,2017,8,4090.307,212.891,3877.416,4046.661,4090.307,2017-08-01,Europe,1.0,Assumption of Mary,Summer_Holidays,Q3,August,Northern
POL,2017,9,3848.917,216.776,3632.141,3847.649,3848.917,2017-09-01,Europe,0.0,None,Regular,Q3,September,Northern
POL,2017,10,3309.933,211.834,3098.099,3270.282,3309.933,2017-10-01,Europe,0.0,None,Regular,Q4,October,Northern
POL,2017,11,2754.558,149.935,2604.623,2674.758,2754.558,2017-11-01,Europe,2.0,"All Saints' Day, Independence Day",Regular,Q4,November,Northern
POL,2017,12,2740.903,142.296,2598.607,2656.273,2740.903,2017-12-01,Europe,4.0,"Christmas Eve, New Year's Eve, Christmas Day",Winter_Holidays,Q4,December,Northern
POL,2018,1,2714.128,130.176,2583.952,,2714.128,2018-01-01,Europe,1.0,Epiphany,Winter_Holidays,Q1,January,Northern
POL,2018,2,2607.804,130.157,2477.647,,2607.804,2018-02-01,Europe,1.0,Valentine's Day,Regular,Q1,February,Northern
POL,2018,3,2987.001,151.055,2835.946,,2987.001,2018-03-01,Europe,2.0,"Good Friday, Holy Saturday",Spring_Holidays,Q1,March,Northern
POL,2018,4,3338.71,151.653,3187.057,,3338.71,2018-04-01,Europe,2.0,"Easter Sunday, Easter Monday",Spring_Holidays,Q2,April,Northern
POL,2018,5,3802.3,163.239,3639.061,,3802.3,2018-05-01,Europe,6.0,"Day of the Flag, Mother's Day, Labor Day / May Day",Regular,Q2,May,Northern
POL,2018,6,4387.537,169.342,4218.195,,4387.537,2018-06-01,Europe,1.0,Father's Day,Regular,Q2,June,Northern
POL,2018,7,4847.39,171.122,4676.268,,4847.39,2018-07-01,Europe,0.0,None,Regular,Q3,July,Northern
POL,2018,8,4836.935,167.491,4669.444,,4836.935,2018-08-01,Europe,1.0,Assumption of Mary,Summer_Holidays,Q3,August,Northern
POL,2018,9,4485.095,178.145,4306.95,,4485.095,2018-09-01,Europe,0.0,None,Regular,Q3,September,Northern
POL,2018,10,3741.323,182.49,3558.833,,3741.323,2018-10-01,Europe,0.0,None,Regular,Q4,October,Northern
POL,2018,11,3030.334,154.03,2876.304,,3030.334,2018-11-01,Europe,3.0,"All Saints' Day, Independence Day, Independence Day Holiday",Regular,Q4,November,Northern
POL,2018,12,2976.977,160.747,2816.23,,2976.977,2018-12-01,Europe,4.0,"Christmas Eve, New Year's Eve, Christmas Day",Winter_Holidays,Q4,December,Northern
PRT,2010,1,1472.232,204.91,1267.322,1628.838,1472.232,2010-01-01,Other,0.0,None,Regular,Q1,January,Northern
PRT,2010,2,1433.205,172.897,1260.308,1561.083,1433.205,2010-02-01,Other,1.0,Valentine's Day,Regular,Q1,February,Northern
PRT,2010,3,1772.63,210.073,1562.557,1929.69,1772.63,2010-03-01,Other,1.0,Father's Day,Spring_Holidays,Q1,March,Northern
PRT,2010,4,1917.346,252.717,1664.629,2116.701,1917.346,2010-04-01,Other,3.0,"Good Friday, Easter Sunday, Liberty Day",Spring_Holidays,Q2,April,Northern
PRT,2010,5,2250.234,244.779,2005.455,2450.472,2250.234,2010-05-01,Other,2.0,"Mother's Day, Labor Day / May Day",Regular,Q2,May,Northern
PRT,2010,6,2404.705,261.178,2143.527,2613.376,2404.705,2010-06-01,Other,2.0,"Corpus Christi, Portugal Day",Regular,Q2,June,Northern
PRT,2010,7,2925.232,327.044,2598.188,3183.088,2925.232,2010-07-01,Other,0.0,None,Regular,Q3,July,Northern
PRT,2010,8,3161.435,395.044,2766.391,3476.467,3161.435,2010-08-01,Other,1.0,Assumption of Mary,Summer_Holidays,Q3,August,Northern
PRT,2010,9,2681.895,296.025,2385.87,2921.694,2681.895,2010-09-01,Other,0.0,None,Regular,Q3,September,Northern
PRT,2010,10,2431.524,252.131,2179.393,2631.236,2431.524,2010-10-01,Other,1.0,Republic Implantation,Regular,Q4,October,Northern
PRT,2010,11,1620.822,186.705,1434.117,1768.094,1620.822,2010-11-01,Other,1.0,All Saints' Day,Regular,Q4,November,Northern
PRT,2010,12,1664.24,210.738,1453.502,1833.622,1664.24,2010-12-01,Other,5.0,"Christmas Eve, New Year's Eve, Restoration of Independence",Winter_Holidays,Q4,December,Northern
PRT,2011,1,1592.77,189.047,1403.723,1739.465,1592.77,2011-01-01,Other,0.0,None,Regular,Q1,January,Northern
PRT,2011,2,1453.116,155.447,1297.669,1573.727,1453.116,2011-02-01,Other,1.0,Valentine's Day,Regular,Q1,February,Northern
PRT,2011,3,1891.305,207.046,1684.259,2049.282,1891.305,2011-03-01,Other,1.0,Father's Day,Spring_Holidays,Q1,March,Northern
PRT,2011,4,2444.347,275.826,2168.521,2660.845,2444.347,2011-04-01,Other,3.0,"Good Friday, Easter Sunday, Liberty Day",Spring_Holidays,Q2,April,Northern
PRT,2011,5,2535.168,259.867,2275.301,2742.799,2535.168,2011-05-01,Other,2.0,"Mother's Day, Labor Day / May Day",Regular,Q2,May,Northern
PRT,2011,6,2635.513,263.78,2371.733,2840.849,2635.513,2011-06-01,Other,2.0,"Portugal Day, Corpus Christi",Regular,Q2,June,Northern
PRT,2011,7,3128.15,319.435,2808.715,3371.501,3128.15,2011-07-01,Other,0.0,None,Regular,Q3,July,Northern
PRT,2011,8,3260.928,363.268,2897.66,3542.652,3260.928,2011-08-01,Other,1.0,Assumption of Mary,Summer_Holidays,Q3,August,Northern
PRT,2011,9,2865.02,284.524,2580.496,3090.075,2865.02,2011-09-01,Other,0.0,None,Regular,Q3,September,Northern
PRT,2011,10,2529.331,226.588,2302.743,2720.893,2529.331,2011-10-01,Other,1.0,Republic Implantation,Regular,Q4,October,Northern
PRT,2011,11,1585.061,168.004,1417.057,1722.774,1585.061,2011-11-01,Other,1.0,All Saints' Day,Regular,Q4,November,Northern
PRT,2011,12,1658.998,186.542,1472.456,1814.826,1658.998,2011-12-01,Other,5.0,"Christmas Eve, New Year's Eve, Restoration of Independence",Winter_Holidays,Q4,December,Northern
PRT,2012,1,1598.125,186.118,1412.007,1739.157,1598.125,2012-01-01,Other,0.0,None,Regular,Q1,January,Northern
PRT,2012,2,1553.792,162.791,1391.001,1685.49,1553.792,2012-02-01,Other,1.0,Valentine's Day,Regular,Q1,February,Northern
PRT,2012,3,1911.105,196.305,1714.8,2064.303,1911.105,2012-03-01,Other,1.0,Father's Day,Spring_Holidays,Q1,March,Northern
PRT,2012,4,2425.516,247.419,2178.097,2621.697,2425.516,2012-04-01,Other,3.0,"Good Friday, Easter Sunday, Liberty Day",Spring_Holidays,Q2,April,Northern
PRT,2012,5,2522.044,233.99,2288.054,2705.151,2522.044,2012-05-01,Other,2.0,"Mother's Day, Labor Day / May Day",Regular,Q2,May,Northern
PRT,2012,6,2708.721,250.084,2458.637,2907.569,2708.721,2012-06-01,Other,2.0,"Corpus Christi, Portugal Day",Regular,Q2,June,Northern
PRT,2012,7,3204.945,310.578,2894.367,3442.435,3204.945,2012-07-01,Other,0.0,None,Regular,Q3,July,Northern
PRT,2012,8,3315.357,354.615,2960.742,3590.898,3315.357,2012-08-01,Other,1.0,Assumption of Mary,Summer_Holidays,Q3,August,Northern
PRT,2012,9,2941.023,284.807,2656.216,3168.996,2941.023,2012-09-01,Other,0.0,None,Regular,Q3,September,Northern
PRT,2012,10,2574.315,228.041,2346.274,2761.751,2574.315,2012-10-01,Other,1.0,Republic Implantation,Regular,Q4,October,Northern
PRT,2012,11,1716.05,171.574,1544.476,1849.916,1716.05,2012-11-01,Other,1.0,All Saints' Day,Regular,Q4,November,Northern
PRT,2012,12,1715.261,185.357,1529.904,1863.091,1715.261,2012-12-01,Other,5.0,"Christmas Eve, New Year's Eve, Restoration of Independence",Winter_Holidays,Q4,December,Northern
PRT,2013,1,1616.042,178.033,1438.009,1754.998,1616.042,2013-01-01,Other,0.0,None,Regular,Q1,January,Northern
PRT,2013,2,1555.465,156.557,1398.908,1626.201,1555.465,2013-02-01,Other,1.0,Valentine's Day,Regular,Q1,February,Northern
PRT,2013,3,2025.485,196.475,1829.01,1930.497,2025.485,2013-03-01,Other,3.0,"Father's Day, Good Friday, Easter Sunday",Spring_Holidays,Q1,March,Northern
PRT,2013,4,2425.026,226.492,2198.534,2379.149,2425.026,2013-04-01,Other,1.0,Liberty Day,Spring_Holidays,Q2,April,Northern
PRT,2013,5,2766.882,245.978,2520.904,2728.256,2766.882,2013-05-01,Other,2.0,"Mother's Day, Labor Day / May Day",Regular,Q2,May,Northern
PRT,2013,6,2869.982,259.596,2610.386,2839.152,2869.982,2013-06-01,Other,1.0,Portugal Day,Regular,Q2,June,Northern
PRT,2013,7,3343.127,315.657,3027.47,3296.794,3343.127,2013-07-01,Other,0.0,None,Regular,Q3,July,Northern
PRT,2013,8,3515.661,359.794,3155.867,3461.731,3515.661,2013-08-01,Other,1.0,Assumption of Mary,Summer_Holidays,Q3,August,Northern
PRT,2013,9,3095.8,283.309,2812.491,3055.261,3095.8,2013-09-01,Other,0.0,None,Regular,Q3,September,Northern
PRT,2013,10,2756.451,233.027,2523.424,2729.699,2756.451,2013-10-01,Other,0.0,None,Regular,Q4,October,Northern
PRT,2013,11,1843.126,183.781,1659.345,1817.206,1843.126,2013-11-01,Other,0.0,None,Regular,Q4,November,Northern
PRT,2013,12,1881.099,199.177,1681.922,1867.996,1881.099,2013-12-01,Other,4.0,"Christmas Eve, New Year's Eve, Feast of the Immaculate Conception",Winter_Holidays,Q4,December,Northern
PRT,2014,1,1752.776,182.533,1570.243,1895.586,1752.776,2014-01-01,Other,0.0,None,Regular,Q1,January,Northern
PRT,2014,2,1674.701,158.925,1515.776,1795.819,1674.701,2014-02-01,Other,1.0,Valentine's Day,Regular,Q1,February,Northern
PRT,2014,3,2108.793,194.653,1914.14,2262.653,2108.793,2014-03-01,Other,1.0,Father's Day,Spring_Holidays,Q1,March,Northern
PRT,2014,4,2811.629,264.652,2546.977,3019.063,2811.629,2014-04-01,Other,3.0,"Good Friday, Easter Sunday, Liberty Day",Spring_Holidays,Q2,April,Northern
PRT,2014,5,3021.24,251.299,2769.941,3207.968,3021.24,2014-05-01,Other,2.0,"Mother's Day, Labor Day / May Day",Regular,Q2,May,Northern
PRT,2014,6,3151.622,267.421,2884.201,3343.401,3151.622,2014-06-01,Other,1.0,Portugal Day,Regular,Q2,June,Northern
PRT,2014,7,3642.049,332.096,3309.953,3847.317,3642.049,2014-07-01,Other,0.0,None,Regular,Q3,July,Northern
PRT,2014,8,3853.854,371.381,3482.473,4080.235,3853.854,2014-08-01,Other,1.0,Assumption of Mary,Summer_Holidays,Q3,August,Northern
PRT,2014,9,3392.435,291.291,3101.144,3591.416,3392.435,2014-09-01,Other,0.0,None,Regular,Q3,September,Northern
PRT,2014,10,3030.231,242.276,2787.955,3207.134,3030.231,2014-10-01,Other,0.0,None,Regular,Q4,October,Northern
PRT,2014,11,2048.082,193.28,1854.802,2192.876,2048.082,2014-11-01,Other,0.0,None,Regular,Q4,November,Northern
PRT,2014,12,2073.209,212.444,1860.765,2234.12,2073.209,2014-12-01,Other,4.0,"Christmas Eve, New Year's Eve, Feast of the Immaculate Conception",Winter_Holidays,Q4,December,Northern
PRT,2015,1,2000.508,202.736,1797.772,2151.818,2000.508,2015-01-01,Other,0.0,None,Regular,Q1,January,Northern
PRT,2015,2,1928.087,185.239,1742.848,2066.66,1928.087,2015-02-01,Other,1.0,Valentine's Day,Regular,Q1,February,Northern
PRT,2015,3,2420.023,238.679,2181.344,2600.996,2420.023,2015-03-01,Other,1.0,Father's Day,Spring_Holidays,Q1,March,Northern
PRT,2015,4,3025.639,301.77,2723.869,3266.332,3025.639,2015-04-01,Other,3.0,"Good Friday, Easter Sunday, Liberty Day",Spring_Holidays,Q2,April,Northern
PRT,2015,5,3292.913,304.072,2988.841,3513.178,3292.913,2015-05-01,Other,2.0,"Mother's Day, Labor Day / May Day",Regular,Q2,May,Northern
PRT,2015,6,3519.61,343.726,3175.884,3755.221,3519.61,2015-06-01,Other,1.0,Portugal Day,Regular,Q2,June,Northern
PRT,2015,7,3991.036,433.78,3557.256,4219.638,3991.036,2015-07-01,Other,0.0,None,Regular,Q3,July,Northern
PRT,2015,8,4181.933,459.662,3722.271,4418.651,4181.933,2015-08-01,Other,1.0,Assumption of Mary,Summer_Holidays,Q3,August,Northern
PRT,2015,9,3713.303,377.532,3335.771,3933.04,3713.303,2015-09-01,Other,0.0,None,Regular,Q3,September,Northern
PRT,2015,10,3361.709,295.108,3066.601,3595.565,3361.709,2015-10-01,Other,0.0,None,Regular,Q4,October,Northern
PRT,2015,11,2301.991,254.155,2047.836,2495.727,2301.991,2015-11-01,Other,0.0,None,Regular,Q4,November,Northern
PRT,2015,12,2269.062,265.912,2003.15,2471.011,2269.062,2015-12-01,Other,4.0,"Christmas Eve, New Year's Eve, Feast of the Immaculate Conception",Winter_Holidays,Q4,December,Northern
PRT,2016,1,2180.275,248.653,1931.622,2368.081,2180.275,2016-01-01,Other,0.0,None,Regular,Q1,January,Northern
PRT,2016,2,2217.209,240.102,1977.107,2397.153,2217.209,2016-02-01,Other,1.0,Valentine's Day,Regular,Q1,February,Northern
PRT,2016,3,2722.606,301.509,2421.097,2947.08,2722.606,2016-03-01,Other,3.0,"Father's Day, Good Friday, Easter Sunday",Spring_Holidays,Q1,March,Northern
PRT,2016,4,3251.85,339.55,2912.3,3504.862,3251.85,2016-04-01,Other,1.0,Liberty Day,Spring_Holidays,Q2,April,Northern
PRT,2016,5,3724.11,372.608,3351.502,4002.125,3724.11,2016-05-01,Other,3.0,"Mother's Day, Labor Day / May Day, Corpus Christi",Regular,Q2,May,Northern
PRT,2016,6,3904.732,412.736,3491.996,4186.216,3904.732,2016-06-01,Other,1.0,Portugal Day,Regular,Q2,June,Northern
PRT,2016,7,4480.139,473.11,4007.029,4788.232,4480.139,2016-07-01,Other,0.0,None,Regular,Q3,July,Northern
PRT,2016,8,4690.153,563.465,4126.688,4931.578,4690.153,2016-08-01,Other,1.0,Assumption of Mary,Summer_Holidays,Q3,August,Northern
PRT,2016,9,4257.952,477.665,3780.287,4508.019,4257.952,2016-09-01,Other,0.0,None,Regular,Q3,September,Northern
PRT,2016,10,3958.885,388.06,3570.825,4252.386,3958.885,2016-10-01,Other,1.0,Republic Implantation,Regular,Q4,October,Northern
PRT,2016,11,2763.566,319.481,2444.085,3018.957,2763.566,2016-11-01,Other,1.0,All Saints' Day,Regular,Q4,November,Northern
PRT,2016,12,2778.567,334.876,2443.691,3041.151,2778.567,2016-12-01,Other,5.0,"Christmas Eve, New Year's Eve, Restoration of Independence",Winter_Holidays,Q4,December,Northern
PRT,2017,1,2631.63,318.443,2313.187,2881.49,2631.63,2017-01-01,Other,0.0,None,Regular,Q1,January,Northern
PRT,2017,2,2620.955,296.122,2324.833,2851.594,2620.955,2017-02-01,Other,1.0,Valentine's Day,Regular,Q1,February,Northern
PRT,2017,3,3176.774,347.19,2829.584,3442.677,3176.774,2017-03-01,Other,1.0,Father's Day,Spring_Holidays,Q1,March,Northern
PRT,2017,4,4160.684,430.436,3730.248,4482.897,4160.684,2017-04-01,Other,3.0,"Good Friday, Easter Sunday, Liberty Day",Spring_Holidays,Q2,April,Northern
PRT,2017,5,4369.288,421.024,3948.264,4681.847,4369.288,2017-05-01,Other,3.0,"Mother's Day, Papal Visit, Labor Day / May Day",Regular,Q2,May,Northern
PRT,2017,6,4637.108,464.94,4172.168,4956.741,4637.108,2017-06-01,Other,2.0,"Portugal Day, Corpus Christi",Regular,Q2,June,Northern
PRT,2017,7,5167.344,532.121,4635.223,5516.362,5167.344,2017-07-01,Other,0.0,None,Regular,Q3,July,Northern
PRT,2017,8,5257.066,546.634,4710.432,5603.345,5257.066,2017-08-01,Other,1.0,Assumption of Mary,Summer_Holidays,Q3,August,Northern
PRT,2017,9,4880.541,475.844,4404.697,5210.332,4880.541,2017-09-01,Other,0.0,None,Regular,Q3,September,Northern
PRT,2017,10,4473.343,423.273,4050.07,4786.41,4473.343,2017-10-01,Other,1.0,Republic Implantation,Regular,Q4,October,Northern
PRT,2017,11,3151.693,342.024,2809.669,3408.32,3151.693,2017-11-01,Other,1.0,All Saints' Day,Regular,Q4,November,Northern
PRT,2017,12,3146.631,357.085,2789.546,3409.032,3146.631,2017-12-01,Other,5.0,"Christmas Eve, New Year's Eve, Restoration of Independence",Winter_Holidays,Q4,December,Northern
PRT,2018,1,2954.239,337.479,2616.76,,2954.239,2018-01-01,Other,0.0,None,Regular,Q1,January,Northern
PRT,2018,2,2903.202,312.36,2590.842,,2903.202,2018-02-01,Other,1.0,Valentine's Day,Regular,Q1,February,Northern
PRT,2018,3,3626.533,385.49,3241.043,,3626.533,2018-03-01,Other,2.0,"Father's Day, Good Friday",Spring_Holidays,Q1,March,Northern
PRT,2018,4,4405.749,430.13,3975.619,,4405.749,2018-04-01,Other,2.0,"Easter Sunday, Liberty Day",Spring_Holidays,Q2,April,Northern
PRT,2018,5,4766.547,458.104,4308.443,,4766.547,2018-05-01,Other,3.0,"Mother's Day, Labor Day / May Day, Corpus Christi",Regular,Q2,May,Northern
PRT,2018,6,4935.177,483.9,4451.277,,4935.177,2018-06-01,Other,1.0,Portugal Day,Regular,Q2,June,Northern
PRT,2018,7,5382.07,537.035,4845.035,,5382.07,2018-07-01,Other,0.0,None,Regular,Q3,July,Northern
PRT,2018,8,5466.565,572.94,4893.625,,5466.565,2018-08-01,Other,1.0,Assumption of Mary,Summer_Holidays,Q3,August,Northern
PRT,2018,9,5121.503,498.914,4622.589,,5121.503,2018-09-01,Other,0.0,None,Regular,Q3,September,Northern
PRT,2018,10,4791.15,452.471,4338.679,,4791.15,2018-10-01,Other,1.0,Republic Implantation,Regular,Q4,October,Northern
PRT,2018,11,3361.153,348.361,3012.792,,3361.153,2018-11-01,Other,1.0,All Saints' Day,Regular,Q4,November,Northern
PRT,2018,12,3304.59,352.846,2951.744,,3304.59,2018-12-01,Other,5.0,"Christmas Eve, New Year's Eve, Restoration of Independence",Winter_Holidays,Q4,December,Northern
PRY,2010,1,,,,71.173,71.173,2010-01-01,Other,0.0,None,Regular,Q1,January,Northern
PRY,2010,2,,,,58.446,58.446,2010-02-01,Other,0.0,None,Regular,Q1,February,Northern
PRY,2010,3,,,,61.372,61.372,2010-03-01,Other,1.0,Heroes' Day,Spring_Holidays,Q1,March,Northern
PRY,2010,4,,,,56.461,56.461,2010-04-01,Other,2.0,"Maundy Thursday, Good Friday",Spring_Holidays,Q2,April,Northern
PRY,2010,5,,,,58.779,58.779,2010-05-01,Other,2.0,"Labor Day / May Day, Independence Day",Regular,Q2,May,Northern
PRY,2010,6,,,,56.579,56.579,2010-06-01,Other,1.0,Chaco Armistice,Regular,Q2,June,Northern
PRY,2010,7,,,,74.075,74.075,2010-07-01,Other,0.0,None,Regular,Q3,July,Northern
PRY,2010,8,,,,71.34,71.34,2010-08-01,Other,1.0,Founding of Asuncion,Summer_Holidays,Q3,August,Northern
PRY,2010,9,,,,64.33,64.33,2010-09-01,Other,1.0,Boqueron Battle Victory Day,Regular,Q3,September,Northern
PRY,2010,10,,,,65.769,65.769,2010-10-01,Other,0.0,None,Regular,Q4,October,Northern
PRY,2010,11,,,,67.188,67.188,2010-11-01,Other,0.0,None,Regular,Q4,November,Northern
PRY,2010,12,,,,73.684,73.684,2010-12-01,Other,2.0,"Virgin of Caacup?? Day, Christmas Day",Winter_Holidays,Q4,December,Northern
PRY,2011,1,,,,77.432,77.432,2011-01-01,Other,0.0,None,Regular,Q1,January,Northern
PRY,2011,2,,,,66.692,66.692,2011-02-01,Other,0.0,None,Regular,Q1,February,Northern
PRY,2011,3,,,,66.458,66.458,2011-03-01,Other,1.0,Heroes' Day,Spring_Holidays,Q1,March,Northern
PRY,2011,4,,,,70.311,70.311,2011-04-01,Other,2.0,"Maundy Thursday, Good Friday",Spring_Holidays,Q2,April,Northern
PRY,2011,5,,,,73.199,73.199,2011-05-01,Other,2.0,"Labor Day / May Day, Independence Day",Regular,Q2,May,Northern
PRY,2011,6,,,,62.347,62.347,2011-06-01,Other,1.0,Chaco Armistice,Regular,Q2,June,Northern
PRY,2011,7,,,,79.65,79.65,2011-07-01,Other,0.0,None,Regular,Q3,July,Northern
PRY,2011,8,,,,75.393,75.393,2011-08-01,Other,1.0,Founding of Asuncion,Summer_Holidays,Q3,August,Northern
PRY,2011,9,,,,71.86,71.86,2011-09-01,Other,1.0,Boqueron Battle Victory Day,Regular,Q3,September,Northern
PRY,2011,10,,,,76.552,76.552,2011-10-01,Other,0.0,None,Regular,Q4,October,Northern
PRY,2011,11,,,,77.008,77.008,2011-11-01,Other,0.0,None,Regular,Q4,November,Northern
PRY,2011,12,,,,85.46,85.46,2011-12-01,Other,3.0,"Virgin of Caacup?? Day, Christmas Day, Christmas Day observed",Winter_Holidays,Q4,December,Northern
PRY,2012,1,,,,99.698,99.698,2012-01-01,Other,0.0,None,Regular,Q1,January,Northern
PRY,2012,2,,,,82.938,82.938,2012-02-01,Other,0.0,None,Regular,Q1,February,Northern
PRY,2012,3,,,,81.719,81.719,2012-03-01,Other,1.0,Heroes' Day,Spring_Holidays,Q1,March,Northern
PRY,2012,4,,,,82.412,82.412,2012-04-01,Other,2.0,"Maundy Thursday, Good Friday",Spring_Holidays,Q2,April,Northern
PRY,2012,5,,,,78.073,78.073,2012-05-01,Other,3.0,"Labor Day / May Day, National Holiday, Independence Day",Regular,Q2,May,Northern
PRY,2012,6,,,,70.558,70.558,2012-06-01,Other,1.0,Chaco Armistice,Regular,Q2,June,Northern
PRY,2012,7,,,,83.012,83.012,2012-07-01,Other,0.0,None,Regular,Q3,July,Northern
PRY,2012,8,,,,70.181,70.181,2012-08-01,Other,1.0,Founding of Asuncion,Summer_Holidays,Q3,August,Northern
PRY,2012,9,,,,65.876,65.876,2012-09-01,Other,1.0,Boqueron Battle Victory Day,Regular,Q3,September,Northern
PRY,2012,10,,,,69.019,69.019,2012-10-01,Other,0.0,None,Regular,Q4,October,Northern
PRY,2012,11,,,,71.652,71.652,2012-11-01,Other,0.0,None,Regular,Q4,November,Northern
PRY,2012,12,,,,76.953,76.953,2012-12-01,Other,2.0,"Virgin of Caacup?? Day, Christmas Day",Winter_Holidays,Q4,December,Northern
PRY,2013,1,,,,84.554,84.554,2013-01-01,Other,0.0,None,Regular,Q1,January,Northern
PRY,2013,2,,,,70.47,70.47,2013-02-01,Other,0.0,None,Regular,Q1,February,Northern
PRY,2013,3,,,,77.812,77.812,2013-03-01,Other,3.0,"Heroes' Day, Maundy Thursday, Good Friday",Spring_Holidays,Q1,March,Northern
PRY,2013,4,,,,69.454,69.454,2013-04-01,Other,0.0,None,Regular,Q2,April,Northern
PRY,2013,5,,,,73.131,73.131,2013-05-01,Other,3.0,"Labor Day / May Day, National Holiday, Independence Day",Regular,Q2,May,Northern
PRY,2013,6,,,,67.444,67.444,2013-06-01,Other,1.0,Chaco Armistice,Regular,Q2,June,Northern
PRY,2013,7,,,,80.757,80.757,2013-07-01,Other,0.0,None,Regular,Q3,July,Northern
PRY,2013,8,,,,71.731,71.731,2013-08-01,Other,1.0,Founding of Asuncion,Summer_Holidays,Q3,August,Northern
PRY,2013,9,,,,70.979,70.979,2013-09-01,Other,1.0,Boqueron Battle Victory Day,Regular,Q3,September,Northern
PRY,2013,10,,,,70.189,70.189,2013-10-01,Other,0.0,None,Regular,Q4,October,Northern
PRY,2013,11,,,,72.767,72.767,2013-11-01,Other,0.0,None,Regular,Q4,November,Northern
PRY,2013,12,,,,81.536,81.536,2013-12-01,Other,2.0,"Virgin of Caacup?? Day, Christmas Day",Winter_Holidays,Q4,December,Northern
PRY,2014,1,,,,89.508,89.508,2014-01-01,Other,0.0,None,Regular,Q1,January,Northern
PRY,2014,2,,,,76.927,76.927,2014-02-01,Other,0.0,None,Regular,Q1,February,Northern
PRY,2014,3,,,,75.231,75.231,2014-03-01,Other,1.0,Heroes' Day,Spring_Holidays,Q1,March,Northern
PRY,2014,4,,,,74.663,74.663,2014-04-01,Other,2.0,"Maundy Thursday, Good Friday",Spring_Holidays,Q2,April,Northern
PRY,2014,5,,,,76.006,76.006,2014-05-01,Other,3.0,"Labor Day / May Day, National Holiday, Independence Day",Regular,Q2,May,Northern
PRY,2014,6,,,,74.735,74.735,2014-06-01,Other,1.0,Chaco Armistice,Regular,Q2,June,Northern
PRY,2014,7,,,,92.018,92.018,2014-07-01,Other,0.0,None,Regular,Q3,July,Northern
PRY,2014,8,,,,81.173,81.173,2014-08-01,Other,1.0,Founding of Asuncion,Summer_Holidays,Q3,August,Northern
PRY,2014,9,,,,76.54,76.54,2014-09-01,Other,1.0,Boqueron Battle Victory Day,Regular,Q3,September,Northern
PRY,2014,10,,,,78.285,78.285,2014-10-01,Other,0.0,None,Regular,Q4,October,Northern
PRY,2014,11,,,,71.626,71.626,2014-11-01,Other,0.0,None,Regular,Q4,November,Northern
PRY,2014,12,,,,79.313,79.313,2014-12-01,Other,2.0,"Virgin of Caacup?? Day, Christmas Day",Winter_Holidays,Q4,December,Northern
PRY,2015,1,,,,91.311,91.311,2015-01-01,Other,0.0,None,Regular,Q1,January,Northern
PRY,2015,2,,,,77.563,77.563,2015-02-01,Other,0.0,None,Regular,Q1,February,Northern
PRY,2015,3,,,,80.767,80.767,2015-03-01,Other,1.0,Heroes' Day,Spring_Holidays,Q1,March,Northern
PRY,2015,4,,,,69.077,69.077,2015-04-01,Other,2.0,"Maundy Thursday, Good Friday",Spring_Holidays,Q2,April,Northern
PRY,2015,5,,,,73.981,73.981,2015-05-01,Other,3.0,"Labor Day / May Day, National Holiday, Independence Day",Regular,Q2,May,Northern
PRY,2015,6,,,,66.609,66.609,2015-06-01,Other,1.0,Chaco Armistice,Regular,Q2,June,Northern
PRY,2015,7,,,,82.805,82.805,2015-07-01,Other,2.0,"Papal Visit (Day One), Papal Visit (Day Two)",Summer_Holidays,Q3,July,Northern
PRY,2015,8,,,,77.417,77.417,2015-08-01,Other,1.0,Founding of Asuncion,Summer_Holidays,Q3,August,Northern
PRY,2015,9,,,,74.578,74.578,2015-09-01,Other,1.0,Boqueron Battle Victory Day,Regular,Q3,September,Northern
PRY,2015,10,,,,76.477,76.477,2015-10-01,Other,0.0,None,Regular,Q4,October,Northern
PRY,2015,11,,,,78.351,78.351,2015-11-01,Other,0.0,None,Regular,Q4,November,Northern
PRY,2015,12,,,,89.884,89.884,2015-12-01,Other,5.0,"Christmas Eve, Public Sector Half Day, Virgin of Caacup?? Day",Winter_Holidays,Q4,December,Northern
PRY,2016,1,,,,97.786,97.786,2016-01-01,Other,0.0,None,Regular,Q1,January,Northern
PRY,2016,2,,,,85.204,85.204,2016-02-01,Other,0.0,None,Regular,Q1,February,Northern
PRY,2016,3,,,,91.448,91.448,2016-03-01,Other,3.0,"Heroes' Day, Maundy Thursday, Good Friday",Spring_Holidays,Q1,March,Northern
PRY,2016,4,,,,79.619,79.619,2016-04-01,Other,0.0,None,Regular,Q2,April,Northern
PRY,2016,5,,,,82.26,82.26,2016-05-01,Other,3.0,"Labor Day / May Day, National Holiday, Independence Day",Regular,Q2,May,Northern
PRY,2016,6,,,,82.026,82.026,2016-06-01,Other,1.0,Chaco Armistice,Regular,Q2,June,Northern
PRY,2016,7,,,,99.416,99.416,2016-07-01,Other,0.0,None,Regular,Q3,July,Northern
PRY,2016,8,,,,95.119,95.119,2016-08-01,Other,1.0,Founding of Asuncion,Summer_Holidays,Q3,August,Northern
PRY,2016,9,,,,91.072,91.072,2016-09-01,Other,1.0,Boqueron Battle Victory Day,Regular,Q3,September,Northern
PRY,2016,10,,,,92.115,92.115,2016-10-01,Other,0.0,None,Regular,Q4,October,Northern
PRY,2016,11,,,,84.773,84.773,2016-11-01,Other,0.0,None,Regular,Q4,November,Northern
PRY,2016,12,,,,95.962,95.962,2016-12-01,Other,4.0,"Christmas Eve, Virgin of Caacup?? Day, Christmas Day",Winter_Holidays,Q4,December,Northern
PRY,2017,1,,,,111.027,111.027,2017-01-01,Other,0.0,None,Regular,Q1,January,Northern
PRY,2017,2,,,,97.053,97.053,2017-02-01,Other,0.0,None,Regular,Q1,February,Northern
PRY,2017,3,,,,94.57,94.57,2017-03-01,Other,1.0,Heroes' Day,Spring_Holidays,Q1,March,Northern
PRY,2017,4,,,,92.607,92.607,2017-04-01,Other,2.0,"Maundy Thursday, Good Friday",Spring_Holidays,Q2,April,Northern
PRY,2017,5,,,,92.88,92.88,2017-05-01,Other,3.0,"Labor Day / May Day, National Holiday, Independence Day",Regular,Q2,May,Northern
PRY,2017,6,,,,88.639,88.639,2017-06-01,Other,1.0,Chaco Armistice,Regular,Q2,June,Northern
PRY,2017,7,,,,121.562,121.562,2017-07-01,Other,0.0,None,Regular,Q3,July,Northern
PRY,2017,8,,,,105.845,105.845,2017-08-01,Other,1.0,Founding of Asuncion,Summer_Holidays,Q3,August,Northern
ROU,2010,1,590.93,48.44,542.49,633.189,590.93,2010-01-01,Other,1.0,Day after New Year's Day,Winter_Holidays,Q1,January,Northern
ROU,2010,2,528.116,52.108,476.008,568.529,528.116,2010-02-01,Other,1.0,Dragobete,Regular,Q1,February,Northern
ROU,2010,3,657.611,65.905,591.706,714.697,657.611,2010-03-01,Other,2.0,"Mar<U+021B>i<U+0219>or, International Women's Day",Spring_Holidays,Q1,March,Northern
ROU,2010,4,647.471,59.214,588.257,720.801,647.471,2010-04-01,Other,2.0,"Orthodox Easter Day, Orthodox Easter Monday",Spring_Holidays,Q2,April,Northern
ROU,2010,5,731.926,66.907,665.019,814.192,731.926,2010-05-01,Other,6.0,"Mother's Day, Father's Day, Orthodox Ascension Day",Regular,Q2,May,Northern
ROU,2010,6,820.277,68.123,752.154,909.75,820.277,2010-06-01,Other,2.0,"Children's Day, Flag Day",Regular,Q2,June,Northern
ROU,2010,7,926.526,67.717,858.809,1024.922,926.526,2010-07-01,Other,1.0,National Anthem Day,Summer_Holidays,Q3,July,Northern
ROU,2010,8,974.094,62.082,912.012,1073.224,974.094,2010-08-01,Other,1.0,St Mary's Day,Summer_Holidays,Q3,August,Northern
ROU,2010,9,889.422,68.184,821.238,988.149,889.422,2010-09-01,Other,0.0,None,Regular,Q3,September,Northern
ROU,2010,10,747.422,64.094,683.328,829.24,747.422,2010-10-01,Other,1.0,Halloween,Regular,Q4,October,Northern
ROU,2010,11,663.658,69.617,594.041,746.73,663.658,2010-11-01,Other,0.0,None,Regular,Q4,November,Northern
ROU,2010,12,671.496,53.168,618.328,743.033,671.496,2010-12-01,Other,6.0,"Constitution Day, Christmas Eve, New Year's Eve",Winter_Holidays,Q4,December,Northern
ROU,2011,1,657.421,46.968,610.453,697.862,657.421,2011-01-01,Other,1.0,Day after New Year's Day,Winter_Holidays,Q1,January,Northern
ROU,2011,2,581.679,51.99,529.689,625.571,581.679,2011-02-01,Other,1.0,Dragobete,Regular,Q1,February,Northern
ROU,2011,3,681.002,60.9,620.102,729.826,681.002,2011-03-01,Other,2.0,"Mar<U+021B>i<U+0219>or, International Women's Day",Spring_Holidays,Q1,March,Northern
ROU,2011,4,803.467,61.033,742.434,853.279,803.467,2011-04-01,Other,2.0,"Orthodox Easter Day, Orthodox Easter Monday",Spring_Holidays,Q2,April,Northern
ROU,2011,5,856.53,68.614,787.916,913.227,856.53,2011-05-01,Other,3.0,"Mother's Day, Father's Day, Labor Day / May Day",Regular,Q2,May,Northern
ROU,2011,6,916.668,67.16,849.508,972.056,916.668,2011-06-01,Other,5.0,"Children's Day, Orthodox Ascension Day, Flag Day",Regular,Q2,June,Northern
ROU,2011,7,991.844,64.363,927.481,1045.277,991.844,2011-07-01,Other,1.0,National Anthem Day,Summer_Holidays,Q3,July,Northern
ROU,2011,8,1019.269,61.517,957.752,1075.656,1019.269,2011-08-01,Other,1.0,St Mary's Day,Summer_Holidays,Q3,August,Northern
ROU,2011,9,970.996,71.489,899.507,1016.589,970.996,2011-09-01,Other,0.0,None,Regular,Q3,September,Northern
ROU,2011,10,841.676,70.365,771.311,869.643,841.676,2011-10-01,Other,1.0,Halloween,Regular,Q4,October,Northern
ROU,2011,11,677.046,62.972,614.074,703.498,677.046,2011-11-01,Other,0.0,None,Regular,Q4,November,Northern
ROU,2011,12,689.858,48.768,641.09,706.576,689.858,2011-12-01,Other,6.0,"Constitution Day, Christmas Eve, New Year's Eve",Winter_Holidays,Q4,December,Northern
ROU,2012,1,657.077,44.728,612.349,684.756,657.077,2012-01-01,Other,1.0,Day after New Year's Day,Winter_Holidays,Q1,January,Northern
ROU,2012,2,541.357,46.233,495.124,572.479,541.357,2012-02-01,Other,1.0,Dragobete,Regular,Q1,February,Northern
ROU,2012,3,685.541,62.959,622.582,725.3,685.541,2012-03-01,Other,2.0,"Mar<U+021B>i<U+0219>or, International Women's Day",Spring_Holidays,Q1,March,Northern
ROU,2012,4,812.732,55.646,757.086,848.21,812.732,2012-04-01,Other,2.0,"Orthodox Easter Day, Orthodox Easter Monday",Spring_Holidays,Q2,April,Northern
ROU,2012,5,847.431,61.825,785.606,901.678,847.431,2012-05-01,Other,4.0,"Mother's Day, Father's Day, Orthodox Ascension Day",Regular,Q2,May,Northern
ROU,2012,6,916.364,58.215,858.149,956.019,916.364,2012-06-01,Other,4.0,"Children's Day, Flag Day, Orthodox Pentecost",Regular,Q2,June,Northern
ROU,2012,7,1028.325,58.513,969.812,1069.864,1028.325,2012-07-01,Other,1.0,National Anthem Day,Summer_Holidays,Q3,July,Northern
ROU,2012,8,1054.823,51.975,1002.848,989.645,1054.823,2012-08-01,Other,1.0,St Mary's Day,Summer_Holidays,Q3,August,Northern
ROU,2012,9,975.672,60.777,914.895,909.709,975.672,2012-09-01,Other,0.0,None,Regular,Q3,September,Northern
ROU,2012,10,815.672,61.304,754.368,776.5,815.672,2012-10-01,Other,1.0,Halloween,Regular,Q4,October,Northern
ROU,2012,11,659.907,52.85,607.057,637.714,659.907,2012-11-01,Other,1.0,St Andrew's Day,Regular,Q4,November,Northern
ROU,2012,12,679.325,41.291,638.034,706.324,679.325,2012-12-01,Other,6.0,"Constitution Day, Christmas Eve, New Year's Eve",Winter_Holidays,Q4,December,Northern
ROU,2013,1,661.326,41.699,619.627,676.243,661.326,2013-01-01,Other,1.0,Day after New Year's Day,Winter_Holidays,Q1,January,Northern
ROU,2013,2,571.487,43.984,527.503,600.959,571.487,2013-02-01,Other,1.0,Dragobete,Regular,Q1,February,Northern
ROU,2013,3,714.931,49.78,665.151,737.736,714.931,2013-03-01,Other,2.0,"Mar<U+021B>i<U+0219>or, International Women's Day",Spring_Holidays,Q1,March,Northern
ROU,2013,4,776.647,50.849,725.798,799.894,776.647,2013-04-01,Other,0.0,None,Regular,Q2,April,Northern
ROU,2013,5,897.016,51.417,845.599,911.059,897.016,2013-05-01,Other,7.0,"Mother's Day, Father's Day, Labor Day / May Day",Regular,Q2,May,Northern
ROU,2013,6,957.116,51.61,905.506,969.579,957.116,2013-06-01,Other,5.0,"Children's Day, Orthodox Ascension Day, Flag Day",Regular,Q2,June,Northern
ROU,2013,7,1054.749,47.149,1007.6,1056.772,1054.749,2013-07-01,Other,1.0,National Anthem Day,Summer_Holidays,Q3,July,Northern
ROU,2013,8,1073.249,38.202,1035.047,1062.935,1073.249,2013-08-01,Other,1.0,St Mary's Day,Summer_Holidays,Q3,August,Northern
ROU,2013,9,1004.498,50.933,953.565,1019.848,1004.498,2013-09-01,Other,0.0,None,Regular,Q3,September,Northern
ROU,2013,10,844.809,52.502,792.307,863.493,844.809,2013-10-01,Other,1.0,Halloween,Regular,Q4,October,Northern
ROU,2013,11,726.004,48.956,677.048,748.989,726.004,2013-11-01,Other,1.0,St Andrew's Day,Regular,Q4,November,Northern
ROU,2013,12,735.101,38.801,696.3,744.453,735.101,2013-12-01,Other,6.0,"Constitution Day, Christmas Eve, New Year's Eve",Winter_Holidays,Q4,December,Northern
ROU,2014,1,682.187,31.244,650.943,689.744,682.187,2014-01-01,Other,1.0,Day after New Year's Day,Winter_Holidays,Q1,January,Northern
ROU,2014,2,624.684,37.198,587.486,643.243,624.684,2014-02-01,Other,1.0,Dragobete,Regular,Q1,February,Northern
ROU,2014,3,726.588,44.098,682.49,745.111,726.588,2014-03-01,Other,2.0,"Mar<U+021B>i<U+0219>or, International Women's Day",Spring_Holidays,Q1,March,Northern
ROU,2014,4,869.071,42.192,826.879,882.457,869.071,2014-04-01,Other,2.0,"Orthodox Easter Day, Orthodox Easter Monday",Spring_Holidays,Q2,April,Northern
ROU,2014,5,920.899,46.838,874.061,942.863,920.899,2014-05-01,Other,4.0,"Mother's Day, Father's Day, Orthodox Ascension Day",Regular,Q2,May,Northern
ROU,2014,6,1044.96,47.735,997.225,1056.439,1044.96,2014-06-01,Other,4.0,"Children's Day, Flag Day, Orthodox Pentecost",Regular,Q2,June,Northern
ROU,2014,7,1151.537,42.436,1109.101,1157.145,1151.537,2014-07-01,Other,1.0,National Anthem Day,Summer_Holidays,Q3,July,Northern
ROU,2014,8,1165.977,32.736,1133.241,1164.247,1165.977,2014-08-01,Other,1.0,St Mary's Day,Summer_Holidays,Q3,August,Northern
ROU,2014,9,1094.131,45.587,1048.544,1107.402,1094.131,2014-09-01,Other,0.0,None,Regular,Q3,September,Northern
ROU,2014,10,966.097,51.107,914.99,992.361,966.097,2014-10-01,Other,1.0,Halloween,Regular,Q4,October,Northern
ROU,2014,11,818.137,45.47,772.667,838.023,818.137,2014-11-01,Other,1.0,St Andrew's Day,Regular,Q4,November,Northern
ROU,2014,12,843.219,35.36,807.859,851.868,843.219,2014-12-01,Other,6.0,"Constitution Day, Christmas Eve, New Year's Eve",Winter_Holidays,Q4,December,Northern
ROU,2015,1,800.361,32.937,767.424,812.294,800.361,2015-01-01,Other,2.0,"Day after New Year's Day, Unification Day",Winter_Holidays,Q1,January,Northern
ROU,2015,2,748.383,37.035,711.348,765.104,748.383,2015-02-01,Other,1.0,Dragobete,Regular,Q1,February,Northern
ROU,2015,3,879.055,42.218,836.837,897.609,879.055,2015-03-01,Other,2.0,"Mar<U+021B>i<U+0219>or, International Women's Day",Spring_Holidays,Q1,March,Northern
ROU,2015,4,1025.725,40.435,985.29,1036.083,1025.725,2015-04-01,Other,2.0,"Orthodox Easter Day, Orthodox Easter Monday",Spring_Holidays,Q2,April,Northern
ROU,2015,5,1066.544,43.514,1023.03,1076.395,1066.544,2015-05-01,Other,6.0,"Mother's Day, Father's Day, Monarchy Day",Regular,Q2,May,Northern
ROU,2015,6,1186.761,44.838,1141.923,1196.29,1186.761,2015-06-01,Other,3.0,"Children's Day, Flag Day, Orthodox Pentecost Monday",Regular,Q2,June,Northern
ROU,2015,7,1311.14,41.108,1270.032,1315.769,1311.14,2015-07-01,Other,1.0,National Anthem Day,Summer_Holidays,Q3,July,Northern
ROU,2015,8,1329.863,35.132,1294.731,1330.684,1329.863,2015-08-01,Other,1.0,St Mary's Day,Summer_Holidays,Q3,August,Northern
ROU,2015,9,1239.299,46.337,1192.962,1285.717,1239.299,2015-09-01,Other,0.0,None,Regular,Q3,September,Northern
ROU,2015,10,1090.903,49.743,1041.16,1138.677,1090.903,2015-10-01,Other,1.0,Halloween,Regular,Q4,October,Northern
ROU,2015,11,954.481,50.643,903.838,1003.819,954.481,2015-11-01,Other,1.0,St Andrew's Day,Regular,Q4,November,Northern
ROU,2015,12,948.196,42.212,905.984,961.963,948.196,2015-12-01,Other,6.0,"Constitution Day, Christmas Eve, New Year's Eve",Winter_Holidays,Q4,December,Northern
ROU,2016,1,923.427,42.128,881.299,939.398,923.427,2016-01-01,Other,2.0,"Day after New Year's Day, Unification Day",Winter_Holidays,Q1,January,Northern
ROU,2016,2,913.013,53.573,859.44,942.808,913.013,2016-02-01,Other,2.0,"Constantin Brancusi Day, Dragobete",Regular,Q1,February,Northern
ROU,2016,3,1042.398,64.838,977.56,1076.69,1042.398,2016-03-01,Other,2.0,"Mar<U+021B>i<U+0219>or, International Women's Day",Spring_Holidays,Q1,March,Northern
ROU,2016,4,1140.023,62.056,1077.967,1171.702,1140.023,2016-04-01,Other,0.0,None,Regular,Q2,April,Northern
ROU,2016,5,1272.96,64.736,1208.224,1302.65,1272.96,2016-05-01,Other,6.0,"Mother's Day, Father's Day, Monarchy Day",Regular,Q2,May,Northern
ROU,2016,6,1363.854,69.496,1294.358,1400.413,1363.854,2016-06-01,Other,5.0,"Children's Day, Orthodox Ascension Day, Flag Day",Regular,Q2,June,Northern
ROU,2016,7,1539.062,65.856,1473.206,1573.116,1539.062,2016-07-01,Other,1.0,National Anthem Day,Summer_Holidays,Q3,July,Northern
ROU,2016,8,1596.717,68.305,1528.412,1638.68,1596.717,2016-08-01,Other,1.0,St Mary's Day,Summer_Holidays,Q3,August,Northern
ROU,2016,9,1528.916,89.618,1439.298,1624.774,1528.916,2016-09-01,Other,0.0,None,Regular,Q3,September,Northern
ROU,2016,10,1385.783,98.482,1287.301,1490.643,1385.783,2016-10-01,Other,1.0,Halloween,Regular,Q4,October,Northern
ROU,2016,11,1197.198,112.865,1084.333,1315.825,1197.198,2016-11-01,Other,1.0,St Andrew's Day,Regular,Q4,November,Northern
ROU,2016,12,1250.368,103.407,1146.961,1357.837,1250.368,2016-12-01,Other,7.0,"Constitution Day, National holiday, Extra Bridge Holiday",Winter_Holidays,Q4,December,Northern
ROU,2017,1,1182.716,94.064,1088.652,1279.57,1182.716,2017-01-01,Other,2.0,"Day after New Year's Day, Unification Day",Winter_Holidays,Q1,January,Northern
ROU,2017,2,1117.225,105.471,1011.754,1224.374,1117.225,2017-02-01,Other,2.0,"Constantin Brancusi Day, Dragobete",Regular,Q1,February,Northern
ROU,2017,3,1293.256,121.711,1171.545,1422.344,1293.256,2017-03-01,Other,2.0,"Mar<U+021B>i<U+0219>or, International Women's Day",Spring_Holidays,Q1,March,Northern
ROU,2017,4,1465.165,108.891,1356.274,1589.125,1465.165,2017-04-01,Other,2.0,"Orthodox Easter Day, Orthodox Easter Monday",Spring_Holidays,Q2,April,Northern
ROU,2017,5,1537.76,122.568,1415.192,1673.647,1537.76,2017-05-01,Other,5.0,"Mother's Day, Monarchy Day, Father's Day",Regular,Q2,May,Northern
ROU,2017,6,1634.786,116.49,1518.296,1823.587,1634.786,2017-06-01,Other,5.0,"Flag Day, Children's Day, Children's Day (bridge holiday)",Regular,Q2,June,Northern
ROU,2017,7,1830.763,114.486,1716.277,2024.29,1830.763,2017-07-01,Other,1.0,National Anthem Day,Summer_Holidays,Q3,July,Northern
ROU,2017,8,1888.352,115.627,1772.725,2077.02,1888.352,2017-08-01,Other,1.0,St Mary's Day,Summer_Holidays,Q3,August,Northern
ROU,2017,9,1756.433,122.791,1633.642,1951.744,1756.433,2017-09-01,Other,0.0,None,Regular,Q3,September,Northern
ROU,2017,10,1620.942,125.096,1495.846,1806.836,1620.942,2017-10-01,Other,1.0,Halloween,Regular,Q4,October,Northern
ROU,2017,11,1309.112,122.146,1186.966,1470.431,1309.112,2017-11-01,Other,1.0,St Andrew's Day,Regular,Q4,November,Northern
ROU,2017,12,1298.264,100.072,1198.192,1448.903,1298.264,2017-12-01,Other,6.0,"Constitution Day, Christmas Eve, New Year's Eve",Winter_Holidays,Q4,December,Northern
ROU,2018,1,1266.284,93.283,1173.001,,1266.284,2018-01-01,Other,2.0,"Day after New Year's Day, Unification Day",Winter_Holidays,Q1,January,Northern
ROU,2018,2,1178.797,100.453,1078.344,,1178.797,2018-02-01,Other,2.0,"Constantin Brancusi Day, Dragobete",Regular,Q1,February,Northern
ROU,2018,3,1376.662,113.855,1262.807,,1376.662,2018-03-01,Other,2.0,"Mar<U+021B>i<U+0219>or, International Women's Day",Spring_Holidays,Q1,March,Northern
ROU,2018,4,1565.377,110.76,1454.617,,1565.377,2018-04-01,Other,3.0,"Orthodox Good Friday, Orthodox Easter Day, Orthodox Easter Monday",Spring_Holidays,Q2,April,Northern
ROU,2018,5,1618.372,128.479,1489.893,,1618.372,2018-05-01,Other,7.0,"Mother's Day, Monarchy Day, Father's Day",Regular,Q2,May,Northern
ROU,2018,6,1748.978,120.308,1628.67,,1748.978,2018-06-01,Other,2.0,"Flag Day, Children's Day",Regular,Q2,June,Northern
ROU,2018,7,1991.333,128.285,1863.048,,1991.333,2018-07-01,Other,1.0,National Anthem Day,Summer_Holidays,Q3,July,Northern
ROU,2018,8,2044.878,127.191,1917.687,,2044.878,2018-08-01,Other,1.0,St Mary's Day,Summer_Holidays,Q3,August,Northern
ROU,2018,9,1912.541,130.962,1781.579,,1912.541,2018-09-01,Other,0.0,None,Regular,Q3,September,Northern
ROU,2018,10,1739.489,134.627,1604.862,,1739.489,2018-10-01,Other,1.0,Halloween,Regular,Q4,October,Northern
ROU,2018,11,1439.472,127.697,1311.775,,1439.472,2018-11-01,Other,1.0,St Andrew's Day,Regular,Q4,November,Northern
ROU,2018,12,1435.275,104.007,1331.268,,1435.275,2018-12-01,Other,6.0,"Constitution Day, Christmas Eve, New Year's Eve",Winter_Holidays,Q4,December,Northern
RUS,2010,1,,,,4446.431,4446.431,2010-01-01,Other,6.0,"Old New Year, New Year Holiday Week, Orthodox Christmas Day",Winter_Holidays,Q1,January,Northern
RUS,2010,2,,,,3981.488,3981.488,2010-02-01,Other,2.0,"Valentine's Day, Defender of the Fatherland Day",Regular,Q1,February,Northern
RUS,2010,3,,,,4692.706,4692.706,2010-03-01,Other,1.0,International Women's Day,Spring_Holidays,Q1,March,Northern
RUS,2010,4,,,,4818.679,4818.679,2010-04-01,Other,1.0,Orthodox Easter Day,Spring_Holidays,Q2,April,Northern
RUS,2010,5,,,,5944.538,5944.538,2010-05-01,Other,4.0,"Spring and Labor Day, Spring and Labor Day observed, Victory Day",Regular,Q2,May,Northern
RUS,2010,6,,,,6963.178,6963.178,2010-06-01,Other,2.0,"Russia Day, Russia Day observed",Regular,Q2,June,Northern
RUS,2010,7,,,,7946.246,7946.246,2010-07-01,Other,0.0,None,Regular,Q3,July,Northern
RUS,2010,8,,,,8014.373,8014.373,2010-08-01,Other,0.0,None,Regular,Q3,August,Northern
RUS,2010,9,,,,7097.615,7097.615,2010-09-01,Other,1.0,Day of Knowledge,Regular,Q3,September,Northern
RUS,2010,10,,,,6287.477,6287.477,2010-10-01,Other,0.0,None,Regular,Q4,October,Northern
RUS,2010,11,,,,5327.761,5327.761,2010-11-01,Other,1.0,Unity Day,Regular,Q4,November,Northern
RUS,2010,12,,,,5096.711,5096.711,2010-12-01,Other,1.0,Constitution Day,Winter_Holidays,Q4,December,Northern
RUS,2011,1,,,,5006.669,5006.669,2011-01-01,Other,7.0,"New Year Holiday Week, Old New Year, Orthodox Christmas Day",Winter_Holidays,Q1,January,Northern
RUS,2011,2,,,,4265.052,4265.052,2011-02-01,Other,2.0,"Valentine's Day, Defender of the Fatherland Day",Regular,Q1,February,Northern
RUS,2011,3,,,,5106.882,5106.882,2011-03-01,Other,1.0,International Women's Day,Spring_Holidays,Q1,March,Northern
RUS,2011,4,,,,5626.616,5626.616,2011-04-01,Other,1.0,Orthodox Easter Day,Spring_Holidays,Q2,April,Northern
RUS,2011,5,,,,6610.226,6610.226,2011-05-01,Other,3.0,"Spring and Labor Day, Spring and Labor Day observed, Victory Day",Regular,Q2,May,Northern
RUS,2011,6,,,,7825.323,7825.323,2011-06-01,Other,2.0,"Russia Day, Russia Day observed",Regular,Q2,June,Northern
RUS,2011,7,,,,8948.219,8948.219,2011-07-01,Other,0.0,None,Regular,Q3,July,Northern
RUS,2011,8,,,,9206.114,9206.114,2011-08-01,Other,0.0,None,Regular,Q3,August,Northern
RUS,2011,9,,,,8125.773,8125.773,2011-09-01,Other,1.0,Day of Knowledge,Regular,Q3,September,Northern
RUS,2011,10,,,,6821.971,6821.971,2011-10-01,Other,0.0,None,Regular,Q4,October,Northern
RUS,2011,11,,,,5951.064,5951.064,2011-11-01,Other,1.0,Unity Day,Regular,Q4,November,Northern
RUS,2011,12,,,,5914.869,5914.869,2011-12-01,Other,0.0,None,Regular,Q4,December,Northern
RUS,2012,1,,,,5797.276,5797.276,2012-01-01,Other,9.0,"New Year Holiday Week, Old New Year, Orthodox Christmas Day",Winter_Holidays,Q1,January,Northern
RUS,2012,2,,,,5212.24,5212.24,2012-02-01,Other,2.0,"Valentine's Day, Defender of the Fatherland Day",Regular,Q1,February,Northern
RUS,2012,3,,,,6016.628,6016.628,2012-03-01,Other,2.0,"International Women's Day, Bridge Public holiday",Spring_Holidays,Q1,March,Northern
RUS,2012,4,,,,6574.405,6574.405,2012-04-01,Other,3.0,"Orthodox Easter Day, Spring and Labor Day Holiday, Special working day",Spring_Holidays,Q2,April,Northern
RUS,2012,5,,,,7411.206,7411.206,2012-05-01,Other,2.0,"Spring and Labor Day, Victory Day",Regular,Q2,May,Northern
RUS,2012,6,,,,8926.637,8926.637,2012-06-01,Other,3.0,"Russia Day Weekend, Russia Day, Special working day",Regular,Q2,June,Northern
RUS,2012,7,,,,9989.744,9989.744,2012-07-01,Other,0.0,None,Regular,Q3,July,Northern
RUS,2012,8,,,,10253.73,10253.73,2012-08-01,Other,0.0,None,Regular,Q3,August,Northern
RUS,2012,9,,,,8056.066,8056.066,2012-09-01,Other,1.0,Day of Knowledge,Regular,Q3,September,Northern
RUS,2012,10,,,,6725.471,6725.471,2012-10-01,Other,0.0,None,Regular,Q4,October,Northern
RUS,2012,11,,,,5664.54,5664.54,2012-11-01,Other,2.0,"Unity Day, Unity Day observed",Regular,Q4,November,Northern
RUS,2012,12,,,,5780.766,5780.766,2012-12-01,Other,1.0,Special working day,Winter_Holidays,Q4,December,Northern
RUS,2013,1,,,,5832.223,5832.223,2013-01-01,Other,6.0,"Old New Year, New Year Holiday Week, Orthodox Christmas Day",Winter_Holidays,Q1,January,Northern
RUS,2013,2,,,,5287.934,5287.934,2013-02-01,Other,2.0,"Valentine's Day, Defender of the Fatherland Day",Regular,Q1,February,Northern
RUS,2013,3,,,,6327.858,6327.858,2013-03-01,Other,1.0,International Women's Day,Spring_Holidays,Q1,March,Northern
RUS,2013,4,,,,6976.061,6976.061,2013-04-01,Other,0.0,None,Regular,Q2,April,Northern
RUS,2013,5,,,,7789.549,7789.549,2013-05-01,Other,7.0,"Orthodox Easter Day, Spring and Labor Day, Spring and Labor Day Holiday",Regular,Q2,May,Northern
RUS,2013,6,,,,9128.74,9128.74,2013-06-01,Other,1.0,Russia Day,Regular,Q2,June,Northern
RUS,2013,7,,,,10613.221,10613.221,2013-07-01,Other,0.0,None,Regular,Q3,July,Northern
RUS,2013,8,,,,10897.965,10897.965,2013-08-01,Other,0.0,None,Regular,Q3,August,Northern
RUS,2013,9,,,,9626.972,9626.972,2013-09-01,Other,1.0,Day of Knowledge,Regular,Q3,September,Northern
RUS,2013,10,,,,8182.502,8182.502,2013-10-01,Other,0.0,None,Regular,Q4,October,Northern
RUS,2013,11,,,,7034.741,7034.741,2013-11-01,Other,1.0,Unity Day,Regular,Q4,November,Northern
RUS,2013,12,,,,6829.383,6829.383,2013-12-01,Other,2.0,New Year Holiday Week,Winter_Holidays,Q4,December,Northern
RUS,2014,1,,,,6833.098,6833.098,2014-01-01,Other,8.0,"Old New Year, New Year Holiday Week, Orthodox Christmas Day",Winter_Holidays,Q1,January,Northern
RUS,2014,2,,,,6186.11,6186.11,2014-02-01,Other,3.0,"Valentine's Day, Defender of the Fatherland Day holiday, Defender of the Fatherland Day",Regular,Q1,February,Northern
RUS,2014,3,,,,7257.068,7257.068,2014-03-01,Other,3.0,"International Women's Day, International Womens' Day holiday, International Women's Day observed",Spring_Holidays,Q1,March,Northern
RUS,2014,4,,,,7660.067,7660.067,2014-04-01,Other,1.0,Orthodox Easter Day,Spring_Holidays,Q2,April,Northern
RUS,2014,5,,,,8884.738,8884.738,2014-05-01,Other,7.0,"Spring and Labor Day, Spring and Labor Day Holiday, Victory Day",Regular,Q2,May,Northern
RUS,2014,6,,,,10696.684,10696.684,2014-06-01,Other,5.0,"Russia Day, Russia Day Weekend, Special working day",Regular,Q2,June,Northern
RUS,2014,7,,,,11700.474,11700.474,2014-07-01,Other,0.0,None,Regular,Q3,July,Northern
RUS,2014,8,,,,12012.323,12012.323,2014-08-01,Other,0.0,None,Regular,Q3,August,Northern
RUS,2014,9,,,,9966.509,9966.509,2014-09-01,Other,1.0,Day of Knowledge,Regular,Q3,September,Northern
RUS,2014,10,,,,8406.888,8406.888,2014-10-01,Other,0.0,None,Regular,Q4,October,Northern
RUS,2014,11,,,,7150.285,7150.285,2014-11-01,Other,4.0,"Public holiday, Public Holiday, Unity Day",Regular,Q4,November,Northern
RUS,2014,12,,,,7016.24,7016.24,2014-12-01,Other,0.0,None,Regular,Q4,December,Northern
RUS,2015,1,,,,6723.366,6723.366,2015-01-01,Other,9.0,"Old New Year, New Year Holiday Week, Orthodox Christmas Day",Winter_Holidays,Q1,January,Northern
RUS,2015,2,,,,5853.744,5853.744,2015-02-01,Other,3.0,"Valentine's Day, Special Operations Forces Day, Defender of the Fatherland Day",Regular,Q1,February,Northern
RUS,2015,3,,,,6909.739,6909.739,2015-03-01,Other,2.0,"International Women's Day, International Women's Day observed",Spring_Holidays,Q1,March,Northern
RUS,2015,4,,,,7359.516,7359.516,2015-04-01,Other,1.0,Orthodox Easter Day,Spring_Holidays,Q2,April,Northern
RUS,2015,5,,,,8870.016,8870.016,2015-05-01,Other,4.0,"Spring and Labor Day, Public Holiday, Victory Day",Regular,Q2,May,Northern
RUS,2015,6,,,,10002.495,10002.495,2015-06-01,Other,1.0,Russia Day,Regular,Q2,June,Northern
RUS,2015,7,,,,11447.137,11447.137,2015-07-01,Other,0.0,None,Regular,Q3,July,Northern
RUS,2015,8,,,,11708.336,11708.336,2015-08-01,Other,0.0,None,Regular,Q3,August,Northern
RUS,2015,9,,,,9838.177,9838.177,2015-09-01,Other,1.0,Day of Knowledge,Regular,Q3,September,Northern
RUS,2015,10,,,,8060.755,8060.755,2015-10-01,Other,0.0,None,Regular,Q4,October,Northern
RUS,2015,11,,,,6265.074,6265.074,2015-11-01,Other,1.0,Unity Day,Regular,Q4,November,Northern
RUS,2015,12,,,,6212.076,6212.076,2015-12-01,Other,0.0,None,Regular,Q4,December,Northern
RUS,2016,1,,,,7128.412,7128.412,2016-01-01,Other,6.0,"Old New Year, New Year Holiday Week, Orthodox Christmas Day",Winter_Holidays,Q1,January,Northern
RUS,2016,2,,,,6595.896,6595.896,2016-02-01,Other,3.0,"Valentine's Day, Special Operations Forces Day, Defender of the Fatherland Day",Regular,Q1,February,Northern
RUS,2016,3,,,,7463.848,7463.848,2016-03-01,Other,2.0,"New Year Holiday Substitution, International Women's Day",Spring_Holidays,Q1,March,Northern
RUS,2016,4,,,,7703.916,7703.916,2016-04-01,Other,0.0,None,Regular,Q2,April,Northern
RUS,2016,5,,,,8896.143,8896.143,2016-05-01,Other,5.0,"Orthodox Easter Day, Spring and Labor Day, Spring and Labor Day observed",Regular,Q2,May,Northern
RUS,2016,6,,,,10991.697,10991.697,2016-06-01,Other,2.0,"Russia Day, Russia Day observed",Regular,Q2,June,Northern
RUS,2016,7,,,,12833.465,12833.465,2016-07-01,Other,0.0,None,Regular,Q3,July,Northern
RUS,2016,8,,,,13063.661,13063.661,2016-08-01,Other,0.0,None,Regular,Q3,August,Northern
RUS,2016,9,,,,11686.119,11686.119,2016-09-01,Other,1.0,Day of Knowledge,Regular,Q3,September,Northern
RUS,2016,10,,,,9727.775,9727.775,2016-10-01,Other,0.0,None,Regular,Q4,October,Northern
RUS,2016,11,,,,8212.385,8212.385,2016-11-01,Other,1.0,Unity Day,Regular,Q4,November,Northern
RUS,2016,12,,,,8417.127,8417.127,2016-12-01,Other,0.0,None,Regular,Q4,December,Northern
RUS,2017,1,,,,8971.192,8971.192,2017-01-01,Other,7.0,"Old New Year, New Year Holiday Week, Orthodox Christmas Day",Winter_Holidays,Q1,January,Northern
RUS,2017,2,,,,8419.282,8419.282,2017-02-01,Other,4.0,"Valentine's Day, Special Operations Forces Day, Defender of the Fatherland Day",Regular,Q1,February,Northern
RUS,2017,3,,,,9408.195,9408.195,2017-03-01,Other,1.0,International Women's Day,Spring_Holidays,Q1,March,Northern
RUS,2017,4,,,,10121.107,10121.107,2017-04-01,Other,1.0,Orthodox Easter Day,Spring_Holidays,Q2,April,Northern
RUS,2017,5,,,,11713.202,11713.202,2017-05-01,Other,3.0,"Spring and Labor Day, Extra holiday in lieu of Jan. 7, Victory Day",Regular,Q2,May,Northern
RUS,2017,6,,,,13829.827,13829.827,2017-06-01,Other,1.0,Russia Day,Regular,Q2,June,Northern
RUS,2017,7,,,,15678.803,15678.803,2017-07-01,Other,0.0,None,Regular,Q3,July,Northern
RUS,2017,8,,,,13548.317,13548.317,2017-08-01,Other,0.0,None,Regular,Q3,August,Northern
RUS,2017,9,,,,11939.786,11939.786,2017-09-01,Other,1.0,Day of Knowledge,Regular,Q3,September,Northern
RUS,2017,10,,,,10146.937,10146.937,2017-10-01,Other,0.0,None,Regular,Q4,October,Northern
RUS,2017,11,,,,8521.978,8521.978,2017-11-01,Other,2.0,"Unity Day, Unity Day observed",Regular,Q4,November,Northern
RUS,2017,12,,,,8363.697,8363.697,2017-12-01,Other,0.0,None,Regular,Q4,December,Northern
SGP,2014,1,,,,4597.0,4597.0,2014-01-01,Asia,2.0,"Thaipusam, Chinese Lunar New Year's Day",Winter_Holidays,Q1,January,Northern
SGP,2014,2,,,,4109.0,4109.0,2014-02-01,Asia,3.0,"Valentine's Day, Total Defense Day, Second day of Chinese Lunar New Year",Regular,Q1,February,Northern
SGP,2014,3,,,,4494.0,4494.0,2014-03-01,Asia,1.0,International Women's Day,Spring_Holidays,Q1,March,Northern
SGP,2014,4,,,,4384.0,4384.0,2014-04-01,Asia,5.0,"April Fool's Day, Qingming Festival, Easter Saturday",Spring_Holidays,Q2,April,Northern
SGP,2014,5,,,,4369.0,4369.0,2014-05-01,Asia,4.0,"Mother's Day, International Museum Day, Labour Day",Regular,Q2,May,Northern
SGP,2014,6,,,,4655.0,4655.0,2014-06-01,Asia,2.0,"Dragon Boat Festival, Father's Day",Regular,Q2,June,Northern
SGP,2014,7,,,,4582.0,4582.0,2014-07-01,Asia,6.0,"Singapore Armed Forces Day, Youth Day, Youth Day observed",Summer_Holidays,Q3,July,Northern
SGP,2014,8,,,,4649.0,4649.0,2014-08-01,Asia,1.0,National Day,Summer_Holidays,Q3,August,Northern
SGP,2014,9,,,,4256.0,4256.0,2014-09-01,Asia,2.0,"Teachers' Day, Mid-Autumn Festival",Regular,Q3,September,Northern
SGP,2014,10,,,,4490.0,4490.0,2014-10-01,Asia,4.0,"Children's Day, Hari Raya Haji, Hari Raya Haji observed",Regular,Q4,October,Northern
SGP,2014,11,,,,4416.0,4416.0,2014-11-01,Asia,0.0,None,Regular,Q4,November,Northern
SGP,2014,12,,,,5093.0,5093.0,2014-12-01,Asia,3.0,"Christmas Eve, New Year's Eve, Christmas Day",Winter_Holidays,Q4,December,Northern
SGP,2015,1,,,,4420.0,4420.0,2015-01-01,Asia,0.0,None,Regular,Q1,January,Northern
SGP,2015,2,,,,4121.0,4121.0,2015-02-01,Asia,5.0,"Thaipusam, Valentine's Day, Total Defense Day",Regular,Q1,February,Northern
SGP,2015,3,,,,4535.0,4535.0,2015-03-01,Asia,1.0,International Women's Day,Spring_Holidays,Q1,March,Northern
SGP,2015,4,,,,4391.0,4391.0,2015-04-01,Asia,4.0,"April Fool's Day, Easter Saturday, Easter Sunday",Spring_Holidays,Q2,April,Northern
SGP,2015,5,,,,4480.0,4480.0,2015-05-01,Asia,3.0,"Mother's Day, International Museum Day, Labour Day",Regular,Q2,May,Northern
SGP,2015,6,,,,4700.0,4700.0,2015-06-01,Asia,3.0,"Dragon Boat Festival, Father's Day, Vesak Day",Regular,Q2,June,Northern
SGP,2015,7,,,,4894.0,4894.0,2015-07-01,Asia,5.0,"Singapore Armed Forces Day, Youth Day, Youth Day observed",Summer_Holidays,Q3,July,Northern
SGP,2015,8,,,,4955.0,4955.0,2015-08-01,Asia,3.0,"SG50 Public Holiday, National Day, National Day observed",Summer_Holidays,Q3,August,Northern
SGP,2015,9,,,,4422.0,4422.0,2015-09-01,Asia,3.0,"Mid-Autumn Festival, 2015 Polling Day, Hari Raya Haji",Regular,Q3,September,Northern
SGP,2015,10,,,,4601.0,4601.0,2015-10-01,Asia,2.0,"Children's Day, Children's Day observed",Regular,Q4,October,Northern
SGP,2015,11,,,,4637.0,4637.0,2015-11-01,Asia,1.0,Diwali/Deepavali,Regular,Q4,November,Northern
SGP,2015,12,,,,5290.0,5290.0,2015-12-01,Asia,3.0,"Christmas Eve, New Year's Eve, Christmas Day",Winter_Holidays,Q4,December,Northern
SGP,2016,1,,,,4860.0,4860.0,2016-01-01,Asia,1.0,Thaipusam,Winter_Holidays,Q1,January,Northern
SGP,2016,2,,,,4600.0,4600.0,2016-02-01,Asia,4.0,"Valentine's Day, Total Defense Day, Chinese Lunar New Year's Day",Regular,Q1,February,Northern
SGP,2016,3,,,,4900.0,4900.0,2016-03-01,Asia,4.0,"International Women's Day, Easter Saturday, Easter Sunday",Spring_Holidays,Q1,March,Northern
SGP,2016,4,,,,4790.0,4790.0,2016-04-01,Asia,1.0,April Fool's Day,Spring_Holidays,Q2,April,Northern
SGP,2016,5,,,,4780.0,4780.0,2016-05-01,Asia,5.0,"Mother's Day, International Museum Day, Labour Day",Regular,Q2,May,Northern
SGP,2016,6,,,,4840.0,4840.0,2016-06-01,Asia,1.0,Father's Day,Regular,Q2,June,Northern
SGP,2016,7,,,,5180.0,5180.0,2016-07-01,Asia,4.0,"Singapore Armed Forces Day, Racial Harmony Day, Dragon Boat Festival",Summer_Holidays,Q3,July,Northern
SGP,2016,8,,,,4920.0,4920.0,2016-08-01,Asia,1.0,National Day,Summer_Holidays,Q3,August,Northern
SGP,2016,9,,,,4580.0,4580.0,2016-09-01,Asia,1.0,Hari Raya Haji,Regular,Q3,September,Northern
SGP,2016,10,,,,4770.0,4770.0,2016-10-01,Asia,2.0,"Children's Day, Diwali/Deepavali",Regular,Q4,October,Northern
SGP,2016,11,,,,4780.0,4780.0,2016-11-01,Asia,0.0,None,Regular,Q4,November,Northern
SGP,2016,12,,,,5680.0,5680.0,2016-12-01,Asia,4.0,"Christmas Eve, New Year's Eve, Christmas Day",Winter_Holidays,Q4,December,Northern
SGP,2017,1,,,,5260.0,5260.0,2017-01-01,Asia,4.0,"New Year's Day observed, Chinese Lunar New Year's Day, Second day of Chinese Lunar New Year",Winter_Holidays,Q1,January,Northern
SGP,2017,2,,,,4670.0,4670.0,2017-02-01,Asia,3.0,"Thaipusam, Valentine's Day, Total Defense Day",Regular,Q1,February,Northern
SGP,2017,3,,,,5110.0,5110.0,2017-03-01,Asia,1.0,International Women's Day,Spring_Holidays,Q1,March,Northern
SGP,2017,4,,,,5170.0,5170.0,2017-04-01,Asia,4.0,"April Fool's Day, Easter Saturday, Easter Sunday",Spring_Holidays,Q2,April,Northern
SGP,2017,5,,,,5000.0,5000.0,2017-05-01,Asia,4.0,"Mother's Day, International Museum Day, Labour Day",Regular,Q2,May,Northern
SGP,2017,6,,,,5210.0,5210.0,2017-06-01,Asia,3.0,"Father's Day, Hari Raya Puasa, Hari Raya Puasa observed",Regular,Q2,June,Northern
SGP,2017,7,,,,5420.0,5420.0,2017-07-01,Asia,2.0,"Singapore Armed Forces Day, Racial Harmony Day",Summer_Holidays,Q3,July,Northern
SGP,2017,8,,,,5270.0,5270.0,2017-08-01,Asia,1.0,National Day,Summer_Holidays,Q3,August,Northern
SGP,2017,9,,,,4930.0,4930.0,2017-09-01,Asia,1.0,Hari Raya Haji,Regular,Q3,September,Northern
SGP,2017,10,,,,5160.0,5160.0,2017-10-01,Asia,2.0,"Children's Day, Diwali/Deepavali",Regular,Q4,October,Northern
SGP,2017,11,,,,5170.0,5170.0,2017-11-01,Asia,0.0,None,Regular,Q4,November,Northern
SGP,2017,12,,,,5860.0,5860.0,2017-12-01,Asia,3.0,"Christmas Eve, New Year's Eve, Christmas Day",Winter_Holidays,Q4,December,Northern
SLV,2010,1,,,,177.761,177.761,2010-01-01,Other,2.0,"Signing of the Peace Accords, New Year's Day",Winter_Holidays,Q1,January,Northern
SLV,2010,2,,,,145.617,145.617,2010-02-01,Other,0.0,None,Regular,Q1,February,Northern
SLV,2010,3,,,,171.134,171.134,2010-03-01,Other,1.0,Women's Day,Spring_Holidays,Q1,March,Northern
SLV,2010,4,,,,153.378,153.378,2010-04-01,Other,3.0,"Maundy Thursday, Good Friday, Holy Saturday",Spring_Holidays,Q2,April,Northern
SLV,2010,5,,,,161.215,161.215,2010-05-01,Other,4.0,"Cross Day, Soldiers' Day, Labor Day / May Day",Regular,Q2,May,Northern
SLV,2010,6,,,,141.344,141.344,2010-06-01,Other,2.0,"Fathers' Day, Teachers' Day",Regular,Q2,June,Northern
SLV,2010,7,,,,205.445,205.445,2010-07-01,Other,0.0,None,Regular,Q3,July,Northern
SLV,2010,8,,,,183.861,183.861,2010-08-01,Other,3.0,"San Salvador Day 1 (S. Salvador only), San Salvador Day 2 (S. Salvador only), Celebrations of San Salvador",Summer_Holidays,Q3,August,Northern
SLV,2010,9,,,,139.466,139.466,2010-09-01,Other,1.0,Independence Day,Regular,Q3,September,Northern
SLV,2010,10,,,,135.127,135.127,2010-10-01,Other,2.0,"Children?s Day, Columbus Day",Regular,Q4,October,Northern
SLV,2010,11,,,,185.754,185.754,2010-11-01,Other,1.0,All Saints Day,Regular,Q4,November,Northern
SLV,2010,12,,,,176.224,176.224,2010-12-01,Other,2.0,"New Year's Eve, Christmas Day",Winter_Holidays,Q4,December,Northern
SLV,2011,1,,,,185.88,185.88,2011-01-01,Other,2.0,"Signing of the Peace Accords, New Year's Day",Winter_Holidays,Q1,January,Northern
SLV,2011,2,,,,141.699,141.699,2011-02-01,Other,0.0,None,Regular,Q1,February,Northern
SLV,2011,3,,,,178.825,178.825,2011-03-01,Other,1.0,Women's Day,Spring_Holidays,Q1,March,Northern
SLV,2011,4,,,,166.66,166.66,2011-04-01,Other,3.0,"Maundy Thursday, Good Friday, Holy Saturday",Spring_Holidays,Q2,April,Northern
SLV,2011,5,,,,167.559,167.559,2011-05-01,Other,4.0,"Cross Day, Soldiers' Day, Labor Day / May Day",Regular,Q2,May,Northern
SLV,2011,6,,,,175.22,175.22,2011-06-01,Other,2.0,"Fathers' Day, Teachers' Day",Regular,Q2,June,Northern
SLV,2011,7,,,,180.463,180.463,2011-07-01,Other,0.0,None,Regular,Q3,July,Northern
SLV,2011,8,,,,170.903,170.903,2011-08-01,Other,3.0,"San Salvador Day 1 (S. Salvador only), San Salvador Day 2 (S. Salvador only), Celebrations of San Salvador",Summer_Holidays,Q3,August,Northern
SLV,2011,9,,,,152.692,152.692,2011-09-01,Other,1.0,Independence Day,Regular,Q3,September,Northern
SLV,2011,10,,,,150.312,150.312,2011-10-01,Other,2.0,"Children?s Day, Columbus Day",Regular,Q4,October,Northern
SLV,2011,11,,,,162.206,162.206,2011-11-01,Other,1.0,All Saints Day,Regular,Q4,November,Northern
SLV,2012,1,,,,184.34,184.34,2012-01-01,Other,2.0,"Signing of the Peace Accords, New Year's Day",Winter_Holidays,Q1,January,Northern
SLV,2012,2,,,,160.443,160.443,2012-02-01,Other,0.0,None,Regular,Q1,February,Northern
SLV,2012,3,,,,182.855,182.855,2012-03-01,Other,1.0,Women's Day,Spring_Holidays,Q1,March,Northern
SLV,2012,4,,,,172.987,172.987,2012-04-01,Other,3.0,"Maundy Thursday, Good Friday, Holy Saturday",Spring_Holidays,Q2,April,Northern
SLV,2012,5,,,,165.888,165.888,2012-05-01,Other,4.0,"Cross Day, Soldiers' Day, Labor Day / May Day",Regular,Q2,May,Northern
SLV,2012,6,,,,168.861,168.861,2012-06-01,Other,2.0,"Fathers' Day, Teachers' Day",Regular,Q2,June,Northern
SLV,2012,7,,,,195.388,195.388,2012-07-01,Other,0.0,None,Regular,Q3,July,Northern
SLV,2012,8,,,,188.708,188.708,2012-08-01,Other,3.0,"San Salvador Day 1 (S. Salvador only), San Salvador Day 2 (S. Salvador only), Celebrations of San Salvador",Summer_Holidays,Q3,August,Northern
SLV,2012,9,,,,146.489,146.489,2012-09-01,Other,1.0,Independence Day,Regular,Q3,September,Northern
SLV,2012,10,,,,153.908,153.908,2012-10-01,Other,2.0,"Children?s Day, Columbus Day",Regular,Q4,October,Northern
SLV,2012,11,,,,194.77,194.77,2012-11-01,Other,1.0,All Saints Day,Regular,Q4,November,Northern
SLV,2012,12,,,,197.103,197.103,2012-12-01,Other,2.0,"New Year's Eve, Christmas Day",Winter_Holidays,Q4,December,Northern
SLV,2013,1,,,,187.331,187.331,2013-01-01,Other,2.0,"Signing of the Peace Accords, New Year's Day",Winter_Holidays,Q1,January,Northern
SLV,2013,2,,,,142.953,142.953,2013-02-01,Other,0.0,None,Regular,Q1,February,Northern
SLV,2013,3,,,,202.891,202.891,2013-03-01,Other,4.0,"Women's Day, Maundy Thursday, Good Friday",Spring_Holidays,Q1,March,Northern
SLV,2013,4,,,,187.268,187.268,2013-04-01,Other,0.0,None,Regular,Q2,April,Northern
SLV,2013,5,,,,177.547,177.547,2013-05-01,Other,4.0,"Cross Day, Soldiers' Day, Labor Day / May Day",Regular,Q2,May,Northern
SLV,2013,6,,,,196.307,196.307,2013-06-01,Other,2.0,"Teachers' Day, Fathers' Day",Regular,Q2,June,Northern
SLV,2013,7,,,,233.225,233.225,2013-07-01,Other,0.0,None,Regular,Q3,July,Northern
SLV,2013,8,,,,230.592,230.592,2013-08-01,Other,3.0,"San Salvador Day 1 (S. Salvador only), San Salvador Day 2 (S. Salvador only), Celebrations of San Salvador",Summer_Holidays,Q3,August,Northern
SLV,2013,9,,,,175.13,175.13,2013-09-01,Other,1.0,Independence Day,Regular,Q3,September,Northern
SLV,2013,10,,,,183.175,183.175,2013-10-01,Other,2.0,"Children?s Day, Columbus Day",Regular,Q4,October,Northern
SLV,2013,11,,,,215.604,215.604,2013-11-01,Other,1.0,All Saints Day,Regular,Q4,November,Northern
SLV,2013,12,,,,222.978,222.978,2013-12-01,Other,2.0,"New Year's Eve, Christmas Day",Winter_Holidays,Q4,December,Northern
SLV,2014,1,,,,225.951,225.951,2014-01-01,Other,2.0,"Signing of the Peace Accords, New Year's Day",Winter_Holidays,Q1,January,Northern
SLV,2014,2,,,,195.595,195.595,2014-02-01,Other,0.0,None,Regular,Q1,February,Northern
SLV,2014,3,,,,221.371,221.371,2014-03-01,Other,1.0,Women's Day,Spring_Holidays,Q1,March,Northern
SLV,2014,4,,,,209.281,209.281,2014-04-01,Other,3.0,"Maundy Thursday, Good Friday, Holy Saturday",Spring_Holidays,Q2,April,Northern
SLV,2014,5,,,,211.453,211.453,2014-05-01,Other,4.0,"Cross Day, Soldiers' Day, Labor Day / May Day",Regular,Q2,May,Northern
SLV,2014,6,,,,193.2,193.2,2014-06-01,Other,2.0,"Teachers' Day, Fathers' Day",Regular,Q2,June,Northern
SLV,2014,7,,,,212.833,212.833,2014-07-01,Other,0.0,None,Regular,Q3,July,Northern
SLV,2014,8,,,,207.928,207.928,2014-08-01,Other,3.0,"San Salvador Day 1 (S. Salvador only), San Salvador Day 2 (S. Salvador only), Celebrations of San Salvador",Summer_Holidays,Q3,August,Northern
SLV,2014,9,,,,167.377,167.377,2014-09-01,Other,1.0,Independence Day,Regular,Q3,September,Northern
SLV,2014,10,,,,192.526,192.526,2014-10-01,Other,2.0,"Children?s Day, Columbus Day",Regular,Q4,October,Northern
SLV,2014,11,,,,191.776,191.776,2014-11-01,Other,1.0,All Saints Day,Regular,Q4,November,Northern
SLV,2014,12,,,,210.285,210.285,2014-12-01,Other,2.0,"New Year's Eve, Christmas Day",Winter_Holidays,Q4,December,Northern
SLV,2015,1,,,,214.903,214.903,2015-01-01,Other,2.0,"Signing of the Peace Accords, New Year's Day",Winter_Holidays,Q1,January,Northern
SLV,2015,2,,,,183.686,183.686,2015-02-01,Other,0.0,None,Regular,Q1,February,Northern
SLV,2015,3,,,,194.59,194.59,2015-03-01,Other,2.0,"Women's Day, National Day of Life, Peace and Justice",Spring_Holidays,Q1,March,Northern
SLV,2015,4,,,,214.205,214.205,2015-04-01,Other,3.0,"Maundy Thursday, Good Friday, Holy Saturday",Spring_Holidays,Q2,April,Northern
SLV,2015,5,,,,206.583,206.583,2015-05-01,Other,5.0,"Cross Day, Soldiers' Day, Labor Day / May Day",Regular,Q2,May,Northern
SLV,2015,6,,,,233.777,233.777,2015-06-01,Other,2.0,"Teachers' Day, Fathers' Day",Regular,Q2,June,Northern
SLV,2015,7,,,,254.42,254.42,2015-07-01,Other,0.0,None,Regular,Q3,July,Northern
SLV,2015,8,,,,265.199,265.199,2015-08-01,Other,3.0,"San Salvador Day 1 (S. Salvador only), San Salvador Day 2 (S. Salvador only), Celebrations of San Salvador",Summer_Holidays,Q3,August,Northern
SLV,2015,9,,,,193.072,193.072,2015-09-01,Other,1.0,Independence Day,Regular,Q3,September,Northern
SLV,2015,10,,,,213.609,213.609,2015-10-01,Other,2.0,"Children?s Day, Columbus Day",Regular,Q4,October,Northern
SLV,2015,11,,,,267.373,267.373,2015-11-01,Other,1.0,All Saints Day,Regular,Q4,November,Northern
SLV,2015,12,,,,270.204,270.204,2015-12-01,Other,2.0,"New Year's Eve, Christmas Day",Winter_Holidays,Q4,December,Northern
SLV,2016,1,,,,249.195,249.195,2016-01-01,Other,2.0,"Signing of the Peace Accords, New Year's Day",Winter_Holidays,Q1,January,Northern
SLV,2016,2,,,,204.581,204.581,2016-02-01,Other,0.0,None,Regular,Q1,February,Northern
SLV,2016,3,,,,252.415,252.415,2016-03-01,Other,5.0,"Women's Day, Maundy Thursday, Good Friday",Spring_Holidays,Q1,March,Northern
SLV,2016,4,,,,220.86,220.86,2016-04-01,Other,0.0,None,Regular,Q2,April,Northern
SLV,2016,5,,,,237.985,237.985,2016-05-01,Other,4.0,"Cross Day, Soldiers' Day, Labor Day / May Day",Regular,Q2,May,Northern
SLV,2016,6,,,,249.81,249.81,2016-06-01,Other,2.0,"Teachers' Day, Fathers' Day",Regular,Q2,June,Northern
SLV,2016,7,,,,291.525,291.525,2016-07-01,Other,0.0,None,Regular,Q3,July,Northern
SLV,2016,8,,,,272.998,272.998,2016-08-01,Other,3.0,"San Salvador Day 1 (S. Salvador only), San Salvador Day 2 (S. Salvador only), Celebrations of San Salvador",Summer_Holidays,Q3,August,Northern
SLV,2016,9,,,,224.997,224.997,2016-09-01,Other,1.0,Independence Day,Regular,Q3,September,Northern
SLV,2016,10,,,,237.04,237.04,2016-10-01,Other,2.0,"Children?s Day, Columbus Day",Regular,Q4,October,Northern
SLV,2016,11,,,,241.838,241.838,2016-11-01,Other,1.0,All Saints Day,Regular,Q4,November,Northern
SLV,2016,12,,,,287.311,287.311,2016-12-01,Other,3.0,"New Year's Eve, Christmas Day, Christmas Day observed",Winter_Holidays,Q4,December,Northern
SLV,2017,1,,,,252.867,252.867,2017-01-01,Other,2.0,"Signing of the Peace Accords, New Year's Day",Winter_Holidays,Q1,January,Northern
SLV,2017,2,,,,221.121,221.121,2017-02-01,Other,0.0,None,Regular,Q1,February,Northern
SLV,2017,3,,,,251.911,251.911,2017-03-01,Other,2.0,"Women's Day, National Day of Life, Peace and Justice",Spring_Holidays,Q1,March,Northern
SLV,2017,4,,,,264.744,264.744,2017-04-01,Other,3.0,"Maundy Thursday, Good Friday, Holy Saturday",Spring_Holidays,Q2,April,Northern
SLV,2017,5,,,,251.008,251.008,2017-05-01,Other,4.0,"Cross Day, Soldiers' Day, Labor Day / May Day",Regular,Q2,May,Northern
SLV,2017,6,,,,265.625,265.625,2017-06-01,Other,2.0,"Teachers' Day, Fathers' Day",Regular,Q2,June,Northern
SRB,2010,1,,,,156.472,156.472,2010-01-01,Other,4.0,"Orthodox New Year, Spirituality Day/St Sava's Day, Second Day of New Year's Day",Winter_Holidays,Q1,January,Northern
SRB,2010,2,,,,136.604,136.604,2010-02-01,Other,2.0,"Statehood Day of the Republic of Serbia, Statehood Day of the Republic of Serbia (Day 2)",Regular,Q1,February,Northern
SRB,2010,3,,,,167.372,167.372,2010-03-01,Other,0.0,None,Regular,Q1,March,Northern
SRB,2010,4,,,,173.005,173.005,2010-04-01,Other,4.0,"Orthodox Good Friday, Orthodox Holy Saturday, Orthodox Easter Day",Spring_Holidays,Q2,April,Northern
SRB,2010,5,,,,219.751,219.751,2010-05-01,Other,3.0,"Victory Day, Labor holiday, Labor holiday second day",Regular,Q2,May,Northern
SRB,2010,6,,,,258.384,258.384,2010-06-01,Other,1.0,St Vitus Day,Regular,Q2,June,Northern
SRB,2010,7,,,,352.992,352.992,2010-07-01,Other,0.0,None,Regular,Q3,July,Northern
SRB,2010,8,,,,358.75,358.75,2010-08-01,Other,0.0,None,Regular,Q3,August,Northern
SRB,2010,9,,,,274.383,274.383,2010-09-01,Other,0.0,None,Regular,Q3,September,Northern
SRB,2010,10,,,,226.017,226.017,2010-10-01,Other,0.0,None,Regular,Q4,October,Northern
SRB,2010,11,,,,182.651,182.651,2010-11-01,Other,0.0,None,Regular,Q4,November,Northern
SRB,2010,12,,,,192.349,192.349,2010-12-01,Other,1.0,New Year's Eve,Winter_Holidays,Q4,December,Northern
SRB,2011,1,,,,178.732,178.732,2011-01-01,Other,4.0,"Orthodox New Year, Spirituality Day/St Sava's Day, Second Day of New Year's Day",Winter_Holidays,Q1,January,Northern
SRB,2011,2,,,,162.813,162.813,2011-02-01,Other,2.0,"Statehood Day of the Republic of Serbia, Statehood Day of the Republic of Serbia (Day 2)",Regular,Q1,February,Northern
SRB,2011,3,,,,188.826,188.826,2011-03-01,Other,0.0,None,Regular,Q1,March,Northern
SRB,2011,4,,,,240.282,240.282,2011-04-01,Other,4.0,"Orthodox Good Friday, Orthodox Holy Saturday, Orthodox Easter Day",Spring_Holidays,Q2,April,Northern
SRB,2011,5,,,,262.974,262.974,2011-05-01,Other,4.0,"Victory Day, Labor holiday, Labor holiday observed",Regular,Q2,May,Northern
SRB,2011,6,,,,301.782,301.782,2011-06-01,Other,1.0,St Vitus Day,Regular,Q2,June,Northern
SRB,2011,7,,,,384.256,384.256,2011-07-01,Other,0.0,None,Regular,Q3,July,Northern
SRB,2011,8,,,,382.787,382.787,2011-08-01,Other,0.0,None,Regular,Q3,August,Northern
SRB,2011,9,,,,316.711,316.711,2011-09-01,Other,0.0,None,Regular,Q3,September,Northern
SRB,2011,10,,,,272.673,272.673,2011-10-01,Other,0.0,None,Regular,Q4,October,Northern
SRB,2011,11,,,,215.017,215.017,2011-11-01,Other,0.0,None,Regular,Q4,November,Northern
SRB,2011,12,,,,217.684,217.684,2011-12-01,Other,1.0,New Year's Eve,Winter_Holidays,Q4,December,Northern
SRB,2012,1,,,,214.579,214.579,2012-01-01,Other,5.0,"Orthodox New Year, Spirituality Day/St Sava's Day, New Year's Day observed",Winter_Holidays,Q1,January,Northern
SRB,2012,2,,,,173.606,173.606,2012-02-01,Other,2.0,"Statehood Day of the Republic of Serbia, Statehood Day of the Republic of Serbia (Day 2)",Regular,Q1,February,Northern
SRB,2012,3,,,,216.025,216.025,2012-03-01,Other,0.0,None,Regular,Q1,March,Northern
SRB,2012,4,,,,267.354,267.354,2012-04-01,Other,4.0,"Orthodox Good Friday, Orthodox Holy Saturday, Orthodox Easter Day",Spring_Holidays,Q2,April,Northern
SRB,2012,5,,,,284.522,284.522,2012-05-01,Other,3.0,"Victory Day, Labor holiday, Labor holiday second day",Regular,Q2,May,Northern
SRB,2012,6,,,,325.896,325.896,2012-06-01,Other,1.0,St Vitus Day,Regular,Q2,June,Northern
SRB,2012,7,,,,409.807,409.807,2012-07-01,Other,0.0,None,Regular,Q3,July,Northern
SRB,2012,8,,,,411.34,411.34,2012-08-01,Other,0.0,None,Regular,Q3,August,Northern
SRB,2012,9,,,,339.4,339.4,2012-09-01,Other,0.0,None,Regular,Q3,September,Northern
SRB,2012,10,,,,275.583,275.583,2012-10-01,Other,0.0,None,Regular,Q4,October,Northern
SRB,2012,11,,,,221.078,221.078,2012-11-01,Other,0.0,None,Regular,Q4,November,Northern
SRB,2012,12,,,,224.869,224.869,2012-12-01,Other,1.0,New Year's Eve,Winter_Holidays,Q4,December,Northern
SRB,2013,1,,,,210.05,210.05,2013-01-01,Other,4.0,"Orthodox New Year, Spirituality Day/St Sava's Day, Second Day of New Year's Day",Winter_Holidays,Q1,January,Northern
SRB,2013,2,,,,173.396,173.396,2013-02-01,Other,2.0,"Statehood Day of the Republic of Serbia, Statehood Day of the Republic of Serbia (Day 2)",Regular,Q1,February,Northern
SRB,2013,3,,,,220.278,220.278,2013-03-01,Other,0.0,None,Regular,Q1,March,Northern
SRB,2013,4,,,,251.873,251.873,2013-04-01,Other,1.0,Holocaust Remembrance Day,Spring_Holidays,Q2,April,Northern
SRB,2013,5,,,,300.993,300.993,2013-05-01,Other,7.0,"Victory Day, Labor holiday, Labor holiday second day",Regular,Q2,May,Northern
SRB,2013,6,,,,350.453,350.453,2013-06-01,Other,1.0,St Vitus Day,Regular,Q2,June,Northern
SRB,2013,7,,,,432.78,432.78,2013-07-01,Other,0.0,None,Regular,Q3,July,Northern
SRB,2013,8,,,,441.088,441.088,2013-08-01,Other,0.0,None,Regular,Q3,August,Northern
SRB,2013,9,,,,349.589,349.589,2013-09-01,Other,0.0,None,Regular,Q3,September,Northern
SRB,2013,10,,,,294.35,294.35,2013-10-01,Other,1.0,World War II Victims Remembrance Day,Regular,Q4,October,Northern
SRB,2013,11,,,,251.047,251.047,2013-11-01,Other,1.0,Armistice Day,Regular,Q4,November,Northern
SRB,2013,12,,,,267.297,267.297,2013-12-01,Other,1.0,New Year's Eve,Winter_Holidays,Q4,December,Northern
SRB,2014,1,,,,270.784,270.784,2014-01-01,Other,4.0,"Orthodox New Year, Spirituality Day/St Sava's Day, Second Day of New Year's Day",Winter_Holidays,Q1,January,Northern
SRB,2014,2,,,,232.065,232.065,2014-02-01,Other,2.0,"Statehood Day of the Republic of Serbia, Statehood Day of the Republic of Serbia (Day 2)",Regular,Q1,February,Northern
SRB,2014,3,,,,282.447,282.447,2014-03-01,Other,0.0,None,Regular,Q1,March,Northern
SRB,2014,4,,,,368.171,368.171,2014-04-01,Other,5.0,"Holocaust Remembrance Day, Orthodox Good Friday, Orthodox Holy Saturday",Spring_Holidays,Q2,April,Northern
SRB,2014,5,,,,383.773,383.773,2014-05-01,Other,3.0,"Victory Day, Labor holiday, Labor holiday second day",Regular,Q2,May,Northern
SRB,2014,6,,,,451.324,451.324,2014-06-01,Other,1.0,St Vitus Day,Regular,Q2,June,Northern
SRB,2014,7,,,,539.823,539.823,2014-07-01,Other,0.0,None,Regular,Q3,July,Northern
SRB,2014,8,,,,576.461,576.461,2014-08-01,Other,0.0,None,Regular,Q3,August,Northern
SRB,2014,9,,,,485.383,485.383,2014-09-01,Other,0.0,None,Regular,Q3,September,Northern
SRB,2014,10,,,,406.757,406.757,2014-10-01,Other,1.0,World War II Victims Remembrance Day,Regular,Q4,October,Northern
SRB,2014,11,,,,314.696,314.696,2014-11-01,Other,1.0,Armistice Day,Regular,Q4,November,Northern
SRB,2014,12,,,,326.893,326.893,2014-12-01,Other,1.0,New Year's Eve,Winter_Holidays,Q4,December,Northern
SRB,2015,1,,,,308.381,308.381,2015-01-01,Other,4.0,"Orthodox New Year, Spirituality Day/St Sava's Day, Second Day of New Year's Day",Winter_Holidays,Q1,January,Northern
SRB,2015,2,,,,264.813,264.813,2015-02-01,Other,3.0,"Statehood Day of the Republic of Serbia, Statehood Day of the Republic of Serbia observed, Statehood Day of the Republic of Serbia (Day 2)",Regular,Q1,February,Northern
SRB,2015,3,,,,315.283,315.283,2015-03-01,Other,0.0,None,Regular,Q1,March,Northern
SRB,2015,4,,,,381.401,381.401,2015-04-01,Other,5.0,"Holocaust Remembrance Day, Orthodox Good Friday, Orthodox Holy Saturday",Spring_Holidays,Q2,April,Northern
SRB,2015,5,,,,406.121,406.121,2015-05-01,Other,3.0,"Victory Day, Labor holiday, Labor holiday second day",Regular,Q2,May,Northern
SRB,2015,6,,,,461.49,461.49,2015-06-01,Other,1.0,St Vitus Day,Regular,Q2,June,Northern
SRB,2015,7,,,,564.629,564.629,2015-07-01,Other,0.0,None,Regular,Q3,July,Northern
SRB,2015,8,,,,574.654,574.654,2015-08-01,Other,0.0,None,Regular,Q3,August,Northern
SRB,2015,9,,,,491.656,491.656,2015-09-01,Other,0.0,None,Regular,Q3,September,Northern
SRB,2015,10,,,,401.542,401.542,2015-10-01,Other,1.0,World War II Victims Remembrance Day,Regular,Q4,October,Northern
SRB,2015,11,,,,299.115,299.115,2015-11-01,Other,1.0,Armistice Day,Regular,Q4,November,Northern
SRB,2015,12,,,,307.079,307.079,2015-12-01,Other,1.0,New Year's Eve,Winter_Holidays,Q4,December,Northern
SRB,2016,1,,,,290.58,290.58,2016-01-01,Other,4.0,"Orthodox New Year, Spirituality Day/St Sava's Day, Second Day of New Year's Day",Winter_Holidays,Q1,January,Northern
SRB,2016,2,,,,266.734,266.734,2016-02-01,Other,2.0,"Statehood Day of the Republic of Serbia, Statehood Day of the Republic of Serbia (Day 2)",Regular,Q1,February,Northern
SRB,2016,3,,,,313.41,313.41,2016-03-01,Other,0.0,None,Regular,Q1,March,Northern
SRB,2016,4,,,,365.891,365.891,2016-04-01,Other,3.0,"Holocaust Remembrance Day, Orthodox Good Friday, Orthodox Holy Saturday",Spring_Holidays,Q2,April,Northern
SRB,2016,5,,,,416.332,416.332,2016-05-01,Other,6.0,"Victory Day, Labor holiday, Orthodox Easter Day",Regular,Q2,May,Northern
SRB,2016,6,,,,460.452,460.452,2016-06-01,Other,1.0,St Vitus Day,Regular,Q2,June,Northern
SRB,2016,7,,,,589.633,589.633,2016-07-01,Other,0.0,None,Regular,Q3,July,Northern
SRB,2016,8,,,,590.647,590.647,2016-08-01,Other,0.0,None,Regular,Q3,August,Northern
SRB,2016,9,,,,519.881,519.881,2016-09-01,Other,0.0,None,Regular,Q3,September,Northern
SRB,2016,10,,,,439.589,439.589,2016-10-01,Other,1.0,World War II Victims Remembrance Day,Regular,Q4,October,Northern
SRB,2016,11,,,,331.98,331.98,2016-11-01,Other,1.0,Armistice Day,Regular,Q4,November,Northern
SRB,2016,12,,,,344.638,344.638,2016-12-01,Other,1.0,New Year's Eve,Winter_Holidays,Q4,December,Northern
SRB,2017,1,,,,329.714,329.714,2017-01-01,Other,5.0,"Orthodox New Year, Spirituality Day/St Sava's Day, New Year's Day observed",Winter_Holidays,Q1,January,Northern
SRB,2017,2,,,,325.184,325.184,2017-02-01,Other,2.0,"Statehood Day of the Republic of Serbia, Statehood Day of the Republic of Serbia (Day 2)",Regular,Q1,February,Northern
SRB,2017,3,,,,367.311,367.311,2017-03-01,Other,0.0,None,Regular,Q1,March,Northern
SRB,2017,4,,,,444.576,444.576,2017-04-01,Other,5.0,"Holocaust Remembrance Day, Orthodox Good Friday, Orthodox Holy Saturday",Spring_Holidays,Q2,April,Northern
SRB,2017,5,,,,460.219,460.219,2017-05-01,Other,3.0,"Victory Day, Labor holiday, Labor holiday second day",Regular,Q2,May,Northern
SRB,2017,6,,,,534.648,534.648,2017-06-01,Other,1.0,St Vitus Day,Regular,Q2,June,Northern
SRB,2017,7,,,,662.361,662.361,2017-07-01,Other,0.0,None,Regular,Q3,July,Northern
SRB,2017,8,,,,672.271,672.271,2017-08-01,Other,0.0,None,Regular,Q3,August,Northern
SRB,2017,9,,,,596.345,596.345,2017-09-01,Other,0.0,None,Regular,Q3,September,Northern
SRB,2017,10,,,,512.522,512.522,2017-10-01,Other,1.0,World War II Victims Remembrance Day,Regular,Q4,October,Northern
SRB,2017,11,,,,377.213,377.213,2017-11-01,Other,1.0,Armistice Day,Regular,Q4,November,Northern
SRB,2017,12,,,,392.026,392.026,2017-12-01,Other,1.0,New Year's Eve,Winter_Holidays,Q4,December,Northern
SVK,2010,1,100.151,3.718,96.433,104.303,100.151,2010-01-01,Other,1.0,Epiphany,Winter_Holidays,Q1,January,Northern
SVK,2010,2,98.6,3.861,94.739,102.557,98.6,2010-02-01,Other,0.0,None,Regular,Q1,February,Northern
SVK,2010,3,118.586,4.136,114.45,123.077,118.586,2010-03-01,Other,1.0,Struggle for Human Rights Day,Spring_Holidays,Q1,March,Northern
SVK,2010,4,99.046,3.311,95.735,102.837,99.046,2010-04-01,Other,3.0,"Unfairly Prosecuted Persons Day, Good Friday, Easter Monday",Spring_Holidays,Q2,April,Northern
SVK,2010,5,135.27,3.352,131.918,139.328,135.27,2010-05-01,Other,3.0,"Anniversary of the Decease of M. R. ?tef??nik, Labor Day, End of World War II",Regular,Q2,May,Northern
SVK,2010,6,206.75,3.909,202.841,211.539,206.75,2010-06-01,Other,1.0,Anniversary of the Memorandum of the Slovak Nation,Regular,Q2,June,Northern
SVK,2010,7,285.183,3.328,281.855,289.253,285.183,2010-07-01,Other,3.0,"Foreign Slovaks Day, Independence Day, St. Cyril & St. Methodius Day",Summer_Holidays,Q3,July,Northern
SVK,2010,8,280.18,3.75,276.43,285.054,280.18,2010-08-01,Other,2.0,"Matice Slovenska Day, National Uprising Day",Summer_Holidays,Q3,August,Northern
SVK,2010,9,212.657,3.605,209.052,217.762,212.657,2010-09-01,Other,4.0,"Day of the Victims of Holocaust and of racial violence, Foundation of the Slovak National Council Day, Constitution Day",Regular,Q3,September,Northern
SVK,2010,10,152.733,3.365,149.368,156.793,152.733,2010-10-01,Other,6.0,"Dukla Pass Victims Day, Cernov?? Tragedy Day, Establishment of the Independent Czecho-Slovak State",Regular,Q4,October,Northern
SVK,2010,11,100.387,3.239,97.148,104.523,100.387,2010-11-01,Other,2.0,"All Saints' Day, Fight for Freedom and Democracy Day",Regular,Q4,November,Northern
SVK,2010,12,92.301,2.681,89.62,95.738,92.301,2010-12-01,Other,4.0,"Day of the Declaration of Slovakia as an Independent Ecclesiastic Province, Christmas Eve, Christmas Day",Winter_Holidays,Q4,December,Northern
SVK,2011,1,87.902,2.434,85.468,90.729,87.902,2011-01-01,Other,1.0,Epiphany,Winter_Holidays,Q1,January,Northern
SVK,2011,2,84.172,2.529,81.643,87.27,84.172,2011-02-01,Other,0.0,None,Regular,Q1,February,Northern
SVK,2011,3,109.41,2.936,106.474,113.068,109.41,2011-03-01,Other,1.0,Struggle for Human Rights Day,Spring_Holidays,Q1,March,Northern
SVK,2011,4,112.56,2.75,109.81,115.543,112.56,2011-04-01,Other,3.0,"Unfairly Prosecuted Persons Day, Good Friday, Easter Monday",Spring_Holidays,Q2,April,Northern
SVK,2011,5,125.364,3.598,121.766,129.806,125.364,2011-05-01,Other,3.0,"Anniversary of the Decease of M. R. ?tef??nik, Labor Day, End of World War II",Regular,Q2,May,Northern
SVK,2011,6,201.383,3.287,198.096,205.774,201.383,2011-06-01,Other,1.0,Anniversary of the Memorandum of the Slovak Nation,Regular,Q2,June,Northern
SVK,2011,7,297.661,2.655,295.006,301.323,297.661,2011-07-01,Other,3.0,"Foreign Slovaks Day, Independence Day, St. Cyril & St. Methodius Day",Summer_Holidays,Q3,July,Northern
SVK,2011,8,288.675,2.758,285.917,291.973,288.675,2011-08-01,Other,2.0,"Matice Slovenska Day, National Uprising Day",Summer_Holidays,Q3,August,Northern
SVK,2011,9,207.901,2.839,205.062,211.837,207.901,2011-09-01,Other,4.0,"Day of the Victims of Holocaust and of racial violence, Foundation of the Slovak National Council Day, Constitution Day",Regular,Q3,September,Northern
SVK,2011,10,131.389,2.868,128.521,135.16,131.389,2011-10-01,Other,6.0,"Dukla Pass Victims Day, Cernov?? Tragedy Day, Establishment of the Independent Czecho-Slovak State",Regular,Q4,October,Northern
SVK,2011,11,83.21,3.037,80.173,87.561,83.21,2011-11-01,Other,2.0,"All Saints' Day, Fight for Freedom and Democracy Day",Regular,Q4,November,Northern
SVK,2011,12,78.56,2.443,76.117,81.441,78.56,2011-12-01,Other,4.0,"Day of the Declaration of Slovakia as an Independent Ecclesiastic Province, Christmas Eve, Christmas Day",Winter_Holidays,Q4,December,Northern
SVK,2012,1,71.757,2.123,69.634,73.769,71.757,2012-01-01,Other,1.0,Epiphany,Winter_Holidays,Q1,January,Northern
SVK,2012,2,69.899,2.249,67.65,72.156,69.899,2012-02-01,Other,0.0,None,Regular,Q1,February,Northern
SVK,2012,3,85.778,2.699,83.079,90.513,85.778,2012-03-01,Other,1.0,Struggle for Human Rights Day,Spring_Holidays,Q1,March,Northern
SVK,2012,4,100.7,2.731,97.969,107.194,100.7,2012-04-01,Other,3.0,"Unfairly Prosecuted Persons Day, Good Friday, Easter Monday",Spring_Holidays,Q2,April,Northern
SVK,2012,5,111.205,2.935,108.27,117.367,111.205,2012-05-01,Other,3.0,"Anniversary of the Decease of M. R. ?tef??nik, Labor Day, End of World War II",Regular,Q2,May,Northern
SVK,2012,6,180.483,2.775,177.708,189.022,180.483,2012-06-01,Other,1.0,Anniversary of the Memorandum of the Slovak Nation,Regular,Q2,June,Northern
SVK,2012,7,265.09,2.906,262.184,273.899,265.09,2012-07-01,Other,3.0,"Foreign Slovaks Day, Independence Day, St. Cyril & St. Methodius Day",Summer_Holidays,Q3,July,Northern
SVK,2012,8,258.506,2.821,255.685,275.639,258.506,2012-08-01,Other,2.0,"Matice Slovenska Day, National Uprising Day",Summer_Holidays,Q3,August,Northern
SVK,2012,9,185.096,2.601,182.495,194.073,185.096,2012-09-01,Other,4.0,"Day of the Victims of Holocaust and of racial violence, Foundation of the Slovak National Council Day, Constitution Day",Regular,Q3,September,Northern
SVK,2012,10,109.71,2.885,106.825,121.425,109.71,2012-10-01,Other,6.0,"Dukla Pass Victims Day, Cernov?? Tragedy Day, Establishment of the Independent Czecho-Slovak State",Regular,Q4,October,Northern
SVK,2012,11,59.878,1.663,58.215,65.252,59.878,2012-11-01,Other,2.0,"All Saints' Day, Fight for Freedom and Democracy Day",Regular,Q4,November,Northern
SVK,2012,12,65.095,1.279,63.816,71.562,65.095,2012-12-01,Other,4.0,"Day of the Declaration of Slovakia as an Independent Ecclesiastic Province, Christmas Eve, Christmas Day",Winter_Holidays,Q4,December,Northern
SVK,2013,1,55.993,2.434,53.559,61.975,55.993,2013-01-01,Other,1.0,Epiphany,Winter_Holidays,Q1,January,Northern
SVK,2013,2,53.125,2.587,50.538,57.293,53.125,2013-02-01,Other,0.0,None,Regular,Q1,February,Northern
SVK,2013,3,71.454,2.695,68.759,81.04,71.454,2013-03-01,Other,2.0,"Struggle for Human Rights Day, Good Friday",Spring_Holidays,Q1,March,Northern
SVK,2013,4,98.937,2.453,96.484,107.976,98.937,2013-04-01,Other,2.0,"Unfairly Prosecuted Persons Day, Easter Monday",Spring_Holidays,Q2,April,Northern
SVK,2013,5,110.277,2.698,107.579,116.882,110.277,2013-05-01,Other,3.0,"Anniversary of the Decease of M. R. ?tef??nik, Labor Day, End of World War II",Regular,Q2,May,Northern
SVK,2013,6,185.694,3.013,182.681,189.72,185.694,2013-06-01,Other,1.0,Anniversary of the Memorandum of the Slovak Nation,Regular,Q2,June,Northern
SVK,2013,7,276.905,0.704,276.201,281.146,276.905,2013-07-01,Other,3.0,"Foreign Slovaks Day, Independence Day, St. Cyril & St. Methodius Day",Summer_Holidays,Q3,July,Northern
SVK,2013,8,262.225,1.044,261.181,265.915,262.225,2013-08-01,Other,2.0,"Matice Slovenska Day, National Uprising Day",Summer_Holidays,Q3,August,Northern
SVK,2013,9,181.768,0.349,181.419,183.601,181.768,2013-09-01,Other,4.0,"Day of the Victims of Holocaust and of racial violence, Foundation of the Slovak National Council Day, Constitution Day",Regular,Q3,September,Northern
SVK,2013,10,112.649,0.678,111.971,114.235,112.649,2013-10-01,Other,6.0,"Dukla Pass Victims Day, Cernov?? Tragedy Day, Establishment of the Independent Czecho-Slovak State",Regular,Q4,October,Northern
SVK,2013,11,72.152,0.367,71.785,72.839,72.152,2013-11-01,Other,2.0,"All Saints' Day, Fight for Freedom and Democracy Day",Regular,Q4,November,Northern
SVK,2013,12,75.97,0.696,75.274,77.621,75.97,2013-12-01,Other,4.0,"Day of the Declaration of Slovakia as an Independent Ecclesiastic Province, Christmas Eve, Christmas Day",Winter_Holidays,Q4,December,Northern
SVK,2014,1,67.546,1.533,66.013,179.3332121,67.546,2014-01-01,Other,1.0,Epiphany,Winter_Holidays,Q1,January,Northern
SVK,2014,2,60.235,1.627,58.608,14.412,60.235,2014-02-01,Other,0.0,None,Regular,Q1,February,Northern
SVK,2014,3,74.434,1.514,72.92,16.689,74.434,2014-03-01,Other,1.0,Struggle for Human Rights Day,Spring_Holidays,Q1,March,Northern
SVK,2014,4,97.31,1.985,95.325,335.671,97.31,2014-04-01,Other,3.0,"Unfairly Prosecuted Persons Day, Good Friday, Easter Monday",Spring_Holidays,Q2,April,Northern
SVK,2014,5,105.317,1.612,103.705,18.876,105.317,2014-05-01,Other,3.0,"Anniversary of the Decease of M. R. ?tef??nik, Labor Day, End of World War II",Regular,Q2,May,Northern
SVK,2014,6,184.032,2.632,181.4,40.481,184.032,2014-06-01,Other,1.0,Anniversary of the Memorandum of the Slovak Nation,Regular,Q2,June,Northern
SVK,2014,7,302.119,1.799,300.32,306.346,302.119,2014-07-01,Other,3.0,"Foreign Slovaks Day, Independence Day, St. Cyril & St. Methodius Day",Summer_Holidays,Q3,July,Northern
SVK,2014,8,287.902,1.678,286.224,291.958,287.902,2014-08-01,Other,2.0,"Matice Slovenska Day, National Uprising Day",Summer_Holidays,Q3,August,Northern
SVK,2014,9,199.914,2.313,197.601,204.265,199.914,2014-09-01,Other,4.0,"Day of the Victims of Holocaust and of racial violence, Foundation of the Slovak National Council Day, Constitution Day",Regular,Q3,September,Northern
SVK,2014,10,114.021,2.143,111.878,117.75,114.021,2014-10-01,Other,6.0,"Dukla Pass Victims Day, Cernov?? Tragedy Day, Establishment of the Independent Czecho-Slovak State",Regular,Q4,October,Northern
SVK,2014,11,88.618,1.737,86.881,91.04,88.618,2014-11-01,Other,2.0,"All Saints' Day, Fight for Freedom and Democracy Day",Regular,Q4,November,Northern
SVK,2014,12,89.842,1.617,88.225,95.554,89.842,2014-12-01,Other,4.0,"Day of the Declaration of Slovakia as an Independent Ecclesiastic Province, Christmas Eve, Christmas Day",Winter_Holidays,Q4,December,Northern
SVK,2015,1,82.613,1.474,81.139,85.014,82.613,2015-01-01,Other,1.0,Epiphany,Winter_Holidays,Q1,January,Northern
SVK,2015,2,80.303,1.776,78.527,82.325,80.303,2015-02-01,Other,0.0,None,Regular,Q1,February,Northern
SVK,2015,3,100.387,1.457,98.93,102.801,100.387,2015-03-01,Other,1.0,Struggle for Human Rights Day,Spring_Holidays,Q1,March,Northern
SVK,2015,4,115.763,1.853,113.91,118.359,115.763,2015-04-01,Other,3.0,"Unfairly Prosecuted Persons Day, Good Friday, Easter Monday",Spring_Holidays,Q2,April,Northern
SVK,2015,5,124.913,1.705,123.208,127.222,124.913,2015-05-01,Other,3.0,"Anniversary of the Decease of M. R. ?tef??nik, Labor Day, End of World War II",Regular,Q2,May,Northern
SVK,2015,6,212.577,2.212,210.365,215.102,212.577,2015-06-01,Other,1.0,Anniversary of the Memorandum of the Slovak Nation,Regular,Q2,June,Northern
SVK,2015,7,321.313,1.389,319.924,324.168,321.313,2015-07-01,Other,3.0,"Foreign Slovaks Day, Independence Day, St. Cyril & St. Methodius Day",Summer_Holidays,Q3,July,Northern
SVK,2015,8,315.727,1.246,314.481,317.394,315.727,2015-08-01,Other,2.0,"Matice Slovenska Day, National Uprising Day",Summer_Holidays,Q3,August,Northern
SVK,2015,9,215.955,2.033,213.922,218.412,215.955,2015-09-01,Other,4.0,"Day of the Victims of Holocaust and of racial violence, Foundation of the Slovak National Council Day, Constitution Day",Regular,Q3,September,Northern
SVK,2015,10,137.974,2.006,135.968,141.585,137.974,2015-10-01,Other,6.0,"Dukla Pass Victims Day, Cernov?? Tragedy Day, Establishment of the Independent Czecho-Slovak State",Regular,Q4,October,Northern
SVK,2015,11,115.177,2.312,112.865,118.367,115.177,2015-11-01,Other,2.0,"All Saints' Day, Fight for Freedom and Democracy Day",Regular,Q4,November,Northern
SVK,2015,12,120.954,2.123,118.831,124.011,120.954,2015-12-01,Other,4.0,"Day of the Declaration of Slovakia as an Independent Ecclesiastic Province, Christmas Eve, Christmas Day",Winter_Holidays,Q4,December,Northern
SVK,2016,1,119.327,1.769,117.558,121.364,119.327,2016-01-01,Other,1.0,Epiphany,Winter_Holidays,Q1,January,Northern
SVK,2016,2,116.256,2.804,113.452,118.324,116.256,2016-02-01,Other,0.0,None,Regular,Q1,February,Northern
SVK,2016,3,127.283,2.283,125.0,130.536,127.283,2016-03-01,Other,3.0,"Struggle for Human Rights Day, Good Friday, Easter Monday",Spring_Holidays,Q1,March,Northern
SVK,2016,4,144.646,2.035,142.611,146.899,144.646,2016-04-01,Other,1.0,Unfairly Prosecuted Persons Day,Spring_Holidays,Q2,April,Northern
SVK,2016,5,157.114,2.116,154.998,161.173,157.114,2016-05-01,Other,3.0,"Anniversary of the Decease of M. R. ?tef??nik, Labor Day, End of World War II",Regular,Q2,May,Northern
SVK,2016,6,202.929,2.866,200.063,208.079,202.929,2016-06-01,Other,1.0,Anniversary of the Memorandum of the Slovak Nation,Regular,Q2,June,Northern
SVK,2016,7,320.954,1.34,319.614,324.554,320.954,2016-07-01,Other,3.0,"Foreign Slovaks Day, Independence Day, St. Cyril & St. Methodius Day",Summer_Holidays,Q3,July,Northern
SVK,2016,8,319.938,1.461,318.477,322.161,319.938,2016-08-01,Other,2.0,"Matice Slovenska Day, National Uprising Day",Summer_Holidays,Q3,August,Northern
SVK,2016,9,231.816,1.937,229.879,234.19,231.816,2016-09-01,Other,4.0,"Day of the Victims of Holocaust and of racial violence, Foundation of the Slovak National Council Day, Constitution Day",Regular,Q3,September,Northern
SVK,2016,10,162.512,1.734,160.778,164.976,162.512,2016-10-01,Other,6.0,"Dukla Pass Victims Day, Cernov?? Tragedy Day, Establishment of the Independent Czecho-Slovak State",Regular,Q4,October,Northern
SVK,2016,11,125.568,2.458,123.11,128.562,125.568,2016-11-01,Other,2.0,"All Saints' Day, Fight for Freedom and Democracy Day",Regular,Q4,November,Northern
SVK,2016,12,129.918,2.097,127.821,132.376,129.918,2016-12-01,Other,4.0,"Day of the Declaration of Slovakia as an Independent Ecclesiastic Province, Christmas Eve, Christmas Day",Winter_Holidays,Q4,December,Northern
SVK,2017,1,121.538,1.785,119.753,124.245,121.538,2017-01-01,Other,1.0,Epiphany,Winter_Holidays,Q1,January,Northern
SVK,2017,2,111.195,2.112,109.083,114.897,111.195,2017-02-01,Other,0.0,None,Regular,Q1,February,Northern
SVK,2017,3,133.759,2.478,131.281,135.856,133.759,2017-03-01,Other,1.0,Struggle for Human Rights Day,Spring_Holidays,Q1,March,Northern
SVK,2017,4,149.353,1.578,147.775,151.12,149.353,2017-04-01,Other,3.0,"Unfairly Prosecuted Persons Day, Good Friday, Easter Monday",Spring_Holidays,Q2,April,Northern
SVK,2017,5,159.894,1.917,157.977,162.358,159.894,2017-05-01,Other,3.0,"Anniversary of the Decease of M. R. ?tef??nik, Labor Day, End of World War II",Regular,Q2,May,Northern
SVK,2017,6,231.068,2.12,228.948,234.207,231.068,2017-06-01,Other,1.0,Anniversary of the Memorandum of the Slovak Nation,Regular,Q2,June,Northern
SVK,2017,7,380.555,1.813,378.742,383.925,380.555,2017-07-01,Other,3.0,"Foreign Slovaks Day, Independence Day, St. Cyril & St. Methodius Day",Summer_Holidays,Q3,July,Northern
SVK,2017,8,375.234,1.789,373.445,377.191,375.234,2017-08-01,Other,2.0,"Matice Slovenska Day, National Uprising Day",Summer_Holidays,Q3,August,Northern
SVK,2017,9,269.858,1.945,267.913,272.791,269.858,2017-09-01,Other,4.0,"Day of the Victims of Holocaust and of racial violence, Foundation of the Slovak National Council Day, Constitution Day",Regular,Q3,September,Northern
SVK,2017,10,176.187,1.98,174.207,179.081,176.187,2017-10-01,Other,6.0,"Dukla Pass Victims Day, Cernov?? Tragedy Day, Establishment of the Independent Czecho-Slovak State",Regular,Q4,October,Northern
SVK,2017,11,146.118,2.674,143.444,149.271,146.118,2017-11-01,Other,2.0,"All Saints' Day, Fight for Freedom and Democracy Day",Regular,Q4,November,Northern
SVK,2017,12,147.892,2.011,145.881,151.982,147.892,2017-12-01,Other,4.0,"Day of the Declaration of Slovakia as an Independent Ecclesiastic Province, Christmas Eve, Christmas Day",Winter_Holidays,Q4,December,Northern
SVK,2018,1,142.392,2.106,140.286,,142.392,2018-01-01,Other,1.0,Epiphany,Winter_Holidays,Q1,January,Northern
SVK,2018,2,132.061,1.966,130.095,,132.061,2018-02-01,Other,0.0,None,Regular,Q1,February,Northern
SVK,2018,3,158.736,1.857,156.879,,158.736,2018-03-01,Other,2.0,"Struggle for Human Rights Day, Good Friday",Spring_Holidays,Q1,March,Northern
SVK,2018,4,185.312,1.524,183.788,,185.312,2018-04-01,Other,2.0,"Unfairly Prosecuted Persons Day, Easter Monday",Spring_Holidays,Q2,April,Northern
SVK,2018,5,189.501,1.471,188.03,,189.501,2018-05-01,Other,3.0,"Anniversary of the Decease of M. R. ?tef??nik, Labor Day, End of World War II",Regular,Q2,May,Northern
SVK,2018,6,285.75,2.019,283.731,,285.75,2018-06-01,Other,1.0,Anniversary of the Memorandum of the Slovak Nation,Regular,Q2,June,Northern
SVK,2018,7,437.365,1.011,436.354,,437.365,2018-07-01,Other,3.0,"Foreign Slovaks Day, Independence Day, St. Cyril & St. Methodius Day",Summer_Holidays,Q3,July,Northern
SVK,2018,8,428.605,1.096,427.509,,428.605,2018-08-01,Other,2.0,"Matice Slovenska Day, National Uprising Day",Summer_Holidays,Q3,August,Northern
SVK,2018,9,302.818,1.75,301.068,,302.818,2018-09-01,Other,4.0,"Day of the Victims of Holocaust and of racial violence, Foundation of the Slovak National Council Day, Constitution Day",Regular,Q3,September,Northern
SVK,2018,10,197.906,2.087,195.819,,197.906,2018-10-01,Other,6.0,"Dukla Pass Victims Day, Cernov?? Tragedy Day, Establishment of the Independent Czecho-Slovak State",Regular,Q4,October,Northern
SVK,2018,11,166.346,2.247,164.099,,166.346,2018-11-01,Other,2.0,"All Saints' Day, Fight for Freedom and Democracy Day",Regular,Q4,November,Northern
SVK,2018,12,167.302,1.55,165.752,,167.302,2018-12-01,Other,4.0,"Day of the Declaration of Slovakia as an Independent Ecclesiastic Province, Christmas Eve, Christmas Day",Winter_Holidays,Q4,December,Northern
SVN,2010,1,77.426,,77.426,77.807,77.426,2010-01-01,Other,1.0,New Year holiday,Winter_Holidays,Q1,January,Northern
SVN,2010,2,73.821,,73.821,74.227,73.821,2010-02-01,Other,1.0,Pre?eren Day,Regular,Q1,February,Northern
SVN,2010,3,87.937,,87.937,88.554,87.937,2010-03-01,Other,0.0,None,Regular,Q1,March,Northern
SVN,2010,4,49.478,,49.478,49.726,49.478,2010-04-01,Other,3.0,"Easter Sunday, Easter Monday, Day of Uprising Against Occupation",Spring_Holidays,Q2,April,Northern
SVN,2010,5,122.92,,122.92,123.446,122.92,2010-05-01,Other,3.0,"Labor Day / May Day, Labour Day holiday, Whit Sunday",Regular,Q2,May,Northern
SVN,2010,6,143.262,,143.262,143.998,143.262,2010-06-01,Other,1.0,Statehood Day,Regular,Q2,June,Northern
SVN,2010,7,188.943,,188.943,189.537,188.943,2010-07-01,Other,0.0,None,Regular,Q3,July,Northern
SVN,2010,8,196.193,,196.193,196.639,196.193,2010-08-01,Other,2.0,"Slovenians in Prekmurje Incorporated into the Mother Nation Day, Assumption of Mary",Summer_Holidays,Q3,August,Northern
SVN,2010,9,156.074,0.011,156.063,156.847,156.074,2010-09-01,Other,1.0,Restoration of Primorska to the Motherland Day,Regular,Q3,September,Northern
SVN,2010,10,121.76,0.072,121.688,122.29,121.76,2010-10-01,Other,1.0,Reformation Day,Regular,Q4,October,Northern
SVN,2010,11,84.918,,84.918,85.456,84.918,2010-11-01,Other,2.0,"Rudolf Maister Day, Remembrance Day",Regular,Q4,November,Northern
SVN,2010,12,79.609,,79.609,80.124,79.609,2010-12-01,Other,2.0,"Christmas Day, Independence and Unity Day",Winter_Holidays,Q4,December,Northern
SVN,2011,1,76.725,,76.725,77.242,76.725,2011-01-01,Other,1.0,New Year holiday,Winter_Holidays,Q1,January,Northern
SVN,2011,2,73.379,,73.379,73.833,73.379,2011-02-01,Other,1.0,Pre?eren Day,Regular,Q1,February,Northern
SVN,2011,3,88.116,0.053,88.063,88.558,88.116,2011-03-01,Other,0.0,None,Regular,Q1,March,Northern
SVN,2011,4,105.974,0.066,105.908,106.537,105.974,2011-04-01,Other,3.0,"Easter Sunday, Easter Monday, Day of Uprising Against Occupation",Spring_Holidays,Q2,April,Northern
SVN,2011,5,117.676,,117.676,118.225,117.676,2011-05-01,Other,2.0,"Labor Day / May Day, Labour Day holiday",Regular,Q2,May,Northern
SVN,2011,6,142.041,,142.041,142.693,142.041,2011-06-01,Other,2.0,"Whit Sunday, Statehood Day",Regular,Q2,June,Northern
SVN,2011,7,172.26,,172.26,172.646,172.26,2011-07-01,Other,0.0,None,Regular,Q3,July,Northern
SVN,2011,8,167.795,,167.795,168.82,167.795,2011-08-01,Other,2.0,"Slovenians in Prekmurje Incorporated into the Mother Nation Day, Assumption of Mary",Summer_Holidays,Q3,August,Northern
SVN,2011,9,147.196,,147.196,148.982,147.196,2011-09-01,Other,1.0,Restoration of Primorska to the Motherland Day,Regular,Q3,September,Northern
SVN,2011,10,112.567,,112.567,112.677,112.567,2011-10-01,Other,1.0,Reformation Day,Regular,Q4,October,Northern
SVN,2011,11,82.91,,82.91,83.008,82.91,2011-11-01,Other,2.0,"Rudolf Maister Day, Remembrance Day",Regular,Q4,November,Northern
SVN,2011,12,72.153,,72.153,72.153,72.153,2011-12-01,Other,2.0,"Christmas Day, Independence and Unity Day",Winter_Holidays,Q4,December,Northern
SVN,2012,1,66.588,,66.588,66.588,66.588,2012-01-01,Other,1.0,New Year holiday,Winter_Holidays,Q1,January,Northern
SVN,2012,2,68.612,,68.612,68.708,68.612,2012-02-01,Other,1.0,Pre?eren Day,Regular,Q1,February,Northern
SVN,2012,3,82.513,,82.513,82.513,82.513,2012-03-01,Other,0.0,None,Regular,Q1,March,Northern
SVN,2012,4,93.078,,93.078,93.078,93.078,2012-04-01,Other,3.0,"Easter Sunday, Easter Monday, Day of Uprising Against Occupation",Spring_Holidays,Q2,April,Northern
SVN,2012,5,100.19,,100.19,100.19,100.19,2012-05-01,Other,3.0,"Labor Day / May Day, Labour Day holiday, Whit Sunday",Regular,Q2,May,Northern
SVN,2012,6,116.17,,116.17,116.17,116.17,2012-06-01,Other,1.0,Statehood Day,Regular,Q2,June,Northern
SVN,2012,7,143.571,,143.571,143.606,143.571,2012-07-01,Other,0.0,None,Regular,Q3,July,Northern
SVN,2012,8,135.835,,135.835,135.835,135.835,2012-08-01,Other,2.0,"Slovenians in Prekmurje Incorporated into the Mother Nation Day, Assumption of Mary",Summer_Holidays,Q3,August,Northern
SVN,2012,9,126.808,,126.808,126.808,126.808,2012-09-01,Other,1.0,Restoration of Primorska to the Motherland Day,Regular,Q3,September,Northern
SVN,2012,10,94.825,,94.825,94.825,94.825,2012-10-01,Other,1.0,Reformation Day,Regular,Q4,October,Northern
SVN,2012,11,76.379,,76.379,76.379,76.379,2012-11-01,Other,2.0,"Rudolf Maister Day, Remembrance Day",Regular,Q4,November,Northern
SVN,2012,12,63.308,,63.308,63.308,63.308,2012-12-01,Other,2.0,"Christmas Day, Independence and Unity Day",Winter_Holidays,Q4,December,Northern
SVN,2013,1,64.366,,64.366,64.434,64.366,2013-01-01,Other,0.0,None,Regular,Q1,January,Northern
SVN,2013,2,65.692,,65.692,65.656,65.692,2013-02-01,Other,1.0,Pre?eren Day,Regular,Q1,February,Northern
SVN,2013,3,81.785,,81.785,82.153,81.785,2013-03-01,Other,1.0,Easter Sunday,Spring_Holidays,Q1,March,Northern
SVN,2013,4,97.807,,97.807,98.081,97.807,2013-04-01,Other,2.0,"Easter Monday, Day of Uprising Against Occupation",Spring_Holidays,Q2,April,Northern
SVN,2013,5,115.488,,115.488,115.488,115.488,2013-05-01,Other,3.0,"Labor Day / May Day, Labour Day holiday, Whit Sunday",Regular,Q2,May,Northern
SVN,2013,6,128.936,,128.936,129.032,128.936,2013-06-01,Other,1.0,Statehood Day,Regular,Q2,June,Northern
SVN,2013,7,152.199,,152.199,152.266,152.199,2013-07-01,Other,0.0,None,Regular,Q3,July,Northern
SVN,2013,8,153.564,,153.564,153.64,153.564,2013-08-01,Other,2.0,"Slovenians in Prekmurje Incorporated into the Mother Nation Day, Assumption of Mary",Summer_Holidays,Q3,August,Northern
SVN,2013,9,135.136,,135.136,135.529,135.136,2013-09-01,Other,1.0,Restoration of Primorska to the Motherland Day,Regular,Q3,September,Northern
SVN,2013,10,109.756,,109.756,110.146,109.756,2013-10-01,Other,1.0,Reformation Day,Regular,Q4,October,Northern
SVN,2013,11,83.513,,83.513,83.63,83.513,2013-11-01,Other,2.0,"Rudolf Maister Day, Remembrance Day",Regular,Q4,November,Northern
SVN,2013,12,77.524,,77.524,77.524,77.524,2013-12-01,Other,2.0,"Christmas Day, Independence and Unity Day",Winter_Holidays,Q4,December,Northern
SVN,2014,1,75.317,,75.317,75.317,75.317,2014-01-01,Other,0.0,None,Regular,Q1,January,Northern
SVN,2014,2,75.132,,75.132,75.132,75.132,2014-02-01,Other,1.0,Pre?eren Day,Regular,Q1,February,Northern
SVN,2014,3,86.324,,86.324,86.324,86.324,2014-03-01,Other,0.0,None,Regular,Q1,March,Northern
SVN,2014,4,99.129,,99.129,99.129,99.129,2014-04-01,Other,3.0,"Easter Sunday, Easter Monday, Day of Uprising Against Occupation",Spring_Holidays,Q2,April,Northern
SVN,2014,5,107.401,,107.401,107.401,107.401,2014-05-01,Other,2.0,"Labor Day / May Day, Labour Day holiday",Regular,Q2,May,Northern
SVN,2014,6,127.746,,127.746,127.837,127.746,2014-06-01,Other,2.0,"Whit Sunday, Statehood Day",Regular,Q2,June,Northern
SVN,2014,7,147.871,,147.871,147.871,147.871,2014-07-01,Other,0.0,None,Regular,Q3,July,Northern
SVN,2014,8,162.798,,162.798,162.867,162.798,2014-08-01,Other,2.0,"Slovenians in Prekmurje Incorporated into the Mother Nation Day, Assumption of Mary",Summer_Holidays,Q3,August,Northern
SVN,2014,9,143.071,,143.071,143.071,143.071,2014-09-01,Other,1.0,Restoration of Primorska to the Motherland Day,Regular,Q3,September,Northern
SVN,2014,10,117.44,,117.44,117.491,117.44,2014-10-01,Other,1.0,Reformation Day,Regular,Q4,October,Northern
SVN,2014,11,84.507,,84.507,84.507,84.507,2014-11-01,Other,2.0,"Rudolf Maister Day, Remembrance Day",Regular,Q4,November,Northern
SVN,2014,12,80.392,,80.392,80.432,80.392,2014-12-01,Other,2.0,"Christmas Day, Independence and Unity Day",Winter_Holidays,Q4,December,Northern
SVN,2015,1,73.096,,73.096,73.096,73.096,2015-01-01,Other,0.0,None,Regular,Q1,January,Northern
SVN,2015,2,72.252,,72.252,72.265,72.252,2015-02-01,Other,1.0,Pre?eren Day,Regular,Q1,February,Northern
SVN,2015,3,90.902,,90.902,90.902,90.902,2015-03-01,Other,0.0,None,Regular,Q1,March,Northern
SVN,2015,4,112.31,,112.31,112.31,112.31,2015-04-01,Other,3.0,"Easter Sunday, Easter Monday, Day of Uprising Against Occupation",Spring_Holidays,Q2,April,Northern
SVN,2015,5,128.07,,128.07,128.411,128.07,2015-05-01,Other,3.0,"Labor Day / May Day, Labour Day holiday, Whit Sunday",Regular,Q2,May,Northern
SVN,2015,6,149.291,,149.291,149.541,149.291,2015-06-01,Other,1.0,Statehood Day,Regular,Q2,June,Northern
SVN,2015,7,171.445,,171.445,171.772,171.445,2015-07-01,Other,0.0,None,Regular,Q3,July,Northern
SVN,2015,8,179.59,,179.59,179.773,179.59,2015-08-01,Other,2.0,"Slovenians in Prekmurje Incorporated into the Mother Nation Day, Assumption of Mary",Summer_Holidays,Q3,August,Northern
SVN,2015,9,157.02,0.132,156.888,157.508,157.02,2015-09-01,Other,1.0,Restoration of Primorska to the Motherland Day,Regular,Q3,September,Northern
SVN,2015,10,127.953,,127.953,128.478,127.953,2015-10-01,Other,2.0,"Sovereignty Day, Reformation Day",Regular,Q4,October,Northern
SVN,2015,11,93.8,,93.8,93.944,93.8,2015-11-01,Other,2.0,"Rudolf Maister Day, Remembrance Day",Regular,Q4,November,Northern
SVN,2015,12,80.274,,80.274,80.304,80.274,2015-12-01,Other,2.0,"Christmas Day, Independence and Unity Day",Winter_Holidays,Q4,December,Northern
SVN,2016,1,73.494,,73.494,73.567,73.494,2016-01-01,Other,0.0,None,Regular,Q1,January,Northern
SVN,2016,2,77.976,,77.976,77.976,77.976,2016-02-01,Other,1.0,Pre?eren Day,Regular,Q1,February,Northern
SVN,2016,3,93.923,,93.923,93.923,93.923,2016-03-01,Other,2.0,"Easter Sunday, Easter Monday",Spring_Holidays,Q1,March,Northern
SVN,2016,4,100.549,,100.549,100.549,100.549,2016-04-01,Other,1.0,Day of Uprising Against Occupation,Spring_Holidays,Q2,April,Northern
SVN,2016,5,116.499,,116.499,116.499,116.499,2016-05-01,Other,3.0,"Labor Day / May Day, Labour Day holiday, Whit Sunday",Regular,Q2,May,Northern
SVN,2016,6,135.757,,135.757,135.757,135.757,2016-06-01,Other,1.0,Statehood Day,Regular,Q2,June,Northern
SVN,2016,7,163.219,,163.219,163.267,163.219,2016-07-01,Other,0.0,None,Regular,Q3,July,Northern
SVN,2016,8,165.069,,165.069,165.137,165.069,2016-08-01,Other,2.0,"Slovenians in Prekmurje Incorporated into the Mother Nation Day, Assumption of Mary",Summer_Holidays,Q3,August,Northern
SVN,2016,9,151.446,,151.446,151.658,151.446,2016-09-01,Other,1.0,Restoration of Primorska to the Motherland Day,Regular,Q3,September,Northern
SVN,2016,10,131.941,,131.941,132.081,131.941,2016-10-01,Other,2.0,"Sovereignty Day, Reformation Day",Regular,Q4,October,Northern
SVN,2016,11,98.97,,98.97,99.082,98.97,2016-11-01,Other,2.0,"Rudolf Maister Day, Remembrance Day",Regular,Q4,November,Northern
SVN,2016,12,95.309,,95.309,95.335,95.309,2016-12-01,Other,2.0,"Christmas Day, Independence and Unity Day",Winter_Holidays,Q4,December,Northern
SVN,2017,1,89.396,,89.396,89.396,89.396,2017-01-01,Other,1.0,New Year holiday,Winter_Holidays,Q1,January,Northern
SVN,2017,2,89.864,,89.864,89.995,89.864,2017-02-01,Other,1.0,Pre?eren Day,Regular,Q1,February,Northern
SVN,2017,3,108.964,,108.964,108.964,108.964,2017-03-01,Other,0.0,None,Regular,Q1,March,Northern
SVN,2017,4,132.239,,132.239,132.239,132.239,2017-04-01,Other,3.0,"Easter Sunday, Easter Monday, Day of Uprising Against Occupation",Spring_Holidays,Q2,April,Northern
SVN,2017,5,146.257,,146.257,146.257,146.257,2017-05-01,Other,2.0,"Labor Day / May Day, Labour Day holiday",Regular,Q2,May,Northern
SVN,2017,6,155.99,,155.99,156.092,155.99,2017-06-01,Other,2.0,"Whit Sunday, Statehood Day",Regular,Q2,June,Northern
SVN,2017,7,198.138,,198.138,198.138,198.138,2017-07-01,Other,0.0,None,Regular,Q3,July,Northern
SVN,2017,8,196.416,,196.416,196.416,196.416,2017-08-01,Other,2.0,"Slovenians in Prekmurje Incorporated into the Mother Nation Day, Assumption of Mary",Summer_Holidays,Q3,August,Northern
SVN,2017,9,180.38,,180.38,180.38,180.38,2017-09-01,Other,1.0,Restoration of Primorska to the Motherland Day,Regular,Q3,September,Northern
SVN,2017,10,153.588,,153.588,153.641,153.588,2017-10-01,Other,2.0,"Sovereignty Day, Reformation Day",Regular,Q4,October,Northern
SVN,2017,11,121.52,,121.52,121.52,121.52,2017-11-01,Other,2.0,"Rudolf Maister Day, Remembrance Day",Regular,Q4,November,Northern
SVN,2017,12,109.381,,109.381,110.007,109.381,2017-12-01,Other,2.0,"Christmas Day, Independence and Unity Day",Winter_Holidays,Q4,December,Northern
SVN,2018,1,100.366,,100.366,,100.366,2018-01-01,Other,1.0,New Year holiday,Winter_Holidays,Q1,January,Northern
SVN,2018,2,99.125,,99.125,,99.125,2018-02-01,Other,1.0,Pre?eren Day,Regular,Q1,February,Northern
SVN,2018,3,129.806,,129.806,,129.806,2018-03-01,Other,0.0,None,Regular,Q1,March,Northern
SVN,2018,4,157.514,,157.514,,157.514,2018-04-01,Other,3.0,"Easter Sunday, Easter Monday, Day of Uprising Against Occupation",Spring_Holidays,Q2,April,Northern
SVN,2018,5,167.716,,167.716,,167.716,2018-05-01,Other,3.0,"Labor Day / May Day, Labour Day holiday, Whit Sunday",Regular,Q2,May,Northern
SVN,2018,6,175.795,,175.795,,175.795,2018-06-01,Other,1.0,Statehood Day,Regular,Q2,June,Northern
SVN,2018,7,199.129,,199.129,,199.129,2018-07-01,Other,0.0,None,Regular,Q3,July,Northern
SVN,2018,8,202.259,,202.259,,202.259,2018-08-01,Other,2.0,"Slovenians in Prekmurje Incorporated into the Mother Nation Day, Assumption of Mary",Summer_Holidays,Q3,August,Northern
SVN,2018,9,191.453,,191.453,,191.453,2018-09-01,Other,1.0,Restoration of Primorska to the Motherland Day,Regular,Q3,September,Northern
SVN,2018,10,161.433,,161.433,,161.433,2018-10-01,Other,2.0,"Sovereignty Day, Reformation Day",Regular,Q4,October,Northern
SVN,2018,11,117.375,,117.375,,117.375,2018-11-01,Other,2.0,"Rudolf Maister Day, Remembrance Day",Regular,Q4,November,Northern
SVN,2018,12,108.596,,108.596,,108.596,2018-12-01,Other,2.0,"Christmas Day, Independence and Unity Day",Winter_Holidays,Q4,December,Northern
SWE,2010,1,1750.487,416.197,1334.29,2107.887,1750.487,2010-01-01,Europe,1.0,Epiphany,Winter_Holidays,Q1,January,Northern
SWE,2010,2,1805.106,500.617,1304.489,2230.51,1805.106,2010-02-01,Europe,1.0,Valentine's Day,Regular,Q1,February,Northern
SWE,2010,3,2213.762,620.589,1593.173,2747.89,2213.762,2010-03-01,Europe,0.0,None,Regular,Q1,March,Northern
SWE,2010,4,1611.699,363.159,1248.54,1918.456,1611.699,2010-04-01,Europe,3.0,"Good Friday, Easter Sunday, Easter Monday",Spring_Holidays,Q2,April,Northern
SWE,2010,5,2424.184,565.374,1858.81,2904.677,2424.184,2010-05-01,Europe,4.0,"Mother's Day, May 1st, Ascension Day",Regular,Q2,May,Northern
SWE,2010,6,2556.704,519.314,2037.39,2998.005,2556.704,2010-06-01,Europe,2.0,"National day, Midsummer Day",Regular,Q2,June,Northern
SWE,2010,7,2403.868,340.095,2063.773,2680.033,2403.868,2010-07-01,Europe,0.0,None,Regular,Q3,July,Northern
SWE,2010,8,2504.682,468.258,2036.424,2895.591,2504.682,2010-08-01,Europe,0.0,None,Regular,Q3,August,Northern
SWE,2010,9,2599.314,599.448,1999.866,3107.879,2599.314,2010-09-01,Europe,0.0,None,Regular,Q3,September,Northern
SWE,2010,10,2533.992,611.917,1922.075,3052.701,2533.992,2010-10-01,Europe,0.0,None,Regular,Q4,October,Northern
SWE,2010,11,2224.991,604.654,1620.337,2755.744,2224.991,2010-11-01,Europe,2.0,"Father's Day, All Saints' Day",Regular,Q4,November,Northern
SWE,2010,12,2017.975,510.77,1507.205,2464.895,2017.975,2010-12-01,Europe,2.0,"Christmas Day, Boxing Day",Winter_Holidays,Q4,December,Northern
SWE,2011,1,1953.084,461.523,1491.561,2347.069,1953.084,2011-01-01,Europe,1.0,Epiphany,Winter_Holidays,Q1,January,Northern
SWE,2011,2,1944.805,522.275,1422.53,2389.911,1944.805,2011-02-01,Europe,1.0,Valentine's Day,Regular,Q1,February,Northern
SWE,2011,3,2344.965,635.912,1709.053,2884.872,2344.965,2011-03-01,Europe,0.0,None,Regular,Q1,March,Northern
SWE,2011,4,2426.121,578.272,1847.849,2903.265,2426.121,2011-04-01,Europe,3.0,"Good Friday, Easter Sunday, Easter Monday",Spring_Holidays,Q2,April,Northern
SWE,2011,5,2776.014,692.965,2083.049,3350.513,2776.014,2011-05-01,Europe,2.0,"Mother's Day, May 1st",Regular,Q2,May,Northern
SWE,2011,6,2817.887,564.668,2253.219,3284.396,2817.887,2011-06-01,Europe,4.0,"Ascension Day, National day, Whit Sunday",Regular,Q2,June,Northern
SWE,2011,7,2700.228,399.269,2300.959,3042.726,2700.228,2011-07-01,Europe,0.0,None,Regular,Q3,July,Northern
SWE,2011,8,2698.423,516.576,2181.847,3124.256,2698.423,2011-08-01,Europe,0.0,None,Regular,Q3,August,Northern
SWE,2011,9,2816.92,656.457,2160.463,3353.114,2816.92,2011-09-01,Europe,0.0,None,Regular,Q3,September,Northern
SWE,2011,10,2727.798,671.283,2056.515,3288.969,2727.798,2011-10-01,Europe,0.0,None,Regular,Q4,October,Northern
SWE,2011,11,2366.802,665.08,1701.722,2930.908,2366.802,2011-11-01,Europe,2.0,"Father's Day, All Saints' Day",Regular,Q4,November,Northern
SWE,2011,12,2159.2,565.565,1593.635,2643.83,2159.2,2011-12-01,Europe,2.0,"Christmas Day, Boxing Day",Winter_Holidays,Q4,December,Northern
SWE,2012,1,2063.957,520.777,1543.18,5137.484,2063.957,2012-01-01,Europe,1.0,Epiphany,Winter_Holidays,Q1,January,Northern
SWE,2012,2,2095.665,577.553,1518.112,5301.2,2095.665,2012-02-01,Europe,1.0,Valentine's Day,Regular,Q1,February,Northern
SWE,2012,3,2459.172,672.41,1786.762,6213.728,2459.172,2012-03-01,Europe,0.0,None,Regular,Q1,March,Northern
SWE,2012,4,2516.209,600.828,1915.381,6197.638,2516.209,2012-04-01,Europe,3.0,"Good Friday, Easter Sunday, Easter Monday",Spring_Holidays,Q2,April,Northern
SWE,2012,5,2806.208,683.221,2122.987,6936.382,2806.208,2012-05-01,Europe,4.0,"Mother's Day, May 1st, Ascension Day",Regular,Q2,May,Northern
SWE,2012,6,2877.018,558.438,2318.58,6856.692,2877.018,2012-06-01,Europe,2.0,"National day, Midsummer Day",Regular,Q2,June,Northern
SWE,2012,7,2729.52,397.654,2331.866,6261.704,2729.52,2012-07-01,Europe,0.0,None,Regular,Q3,July,Northern
SWE,2012,8,2754.328,526.709,2227.619,6548.35,2754.328,2012-08-01,Europe,0.0,None,Regular,Q3,August,Northern
SWE,2012,9,2810.983,636.771,2174.212,6883.164,2810.983,2012-09-01,Europe,0.0,None,Regular,Q3,September,Northern
SWE,2012,10,2765.716,683.715,2082.001,6854.058,2765.716,2012-10-01,Europe,0.0,None,Regular,Q4,October,Northern
SWE,2012,11,2393.372,671.986,1721.386,6088.162,2393.372,2012-11-01,Europe,2.0,"Father's Day, All Saints' Day",Regular,Q4,November,Northern
SWE,2012,12,2078.701,488.036,1590.665,5114.138,2078.701,2012-12-01,Europe,2.0,"Christmas Day, Boxing Day",Winter_Holidays,Q4,December,Northern
SWE,2013,1,2031.207,497.631,1533.576,2516.557,2031.207,2013-01-01,Europe,1.0,Epiphany,Winter_Holidays,Q1,January,Northern
SWE,2013,2,2028.734,532.475,1496.259,2542.938,2028.734,2013-02-01,Europe,1.0,Valentine's Day,Regular,Q1,February,Northern
SWE,2013,3,2404.753,605.886,1798.867,2992.278,2404.753,2013-03-01,Europe,2.0,"Good Friday, Easter Sunday",Spring_Holidays,Q1,March,Northern
SWE,2013,4,2580.425,624.125,1956.3,3186.532,2580.425,2013-04-01,Europe,1.0,Easter Monday,Spring_Holidays,Q2,April,Northern
SWE,2013,5,2910.807,692.591,2218.216,3589.594,2910.807,2013-05-01,Europe,4.0,"Mother's Day, May 1st, Ascension Day",Regular,Q2,May,Northern
SWE,2013,6,3014.715,558.653,2456.062,3569.639,3014.715,2013-06-01,Europe,2.0,"National day, Midsummer Day",Regular,Q2,June,Northern
SWE,2013,7,2963.348,421.1,2542.248,3386.992,2963.348,2013-07-01,Europe,0.0,None,Regular,Q3,July,Northern
SWE,2013,8,2941.941,535.027,2406.914,3473.217,2941.941,2013-08-01,Europe,0.0,None,Regular,Q3,August,Northern
SWE,2013,9,2959.758,672.026,2287.732,3622.927,2959.758,2013-09-01,Europe,0.0,None,Regular,Q3,September,Northern
SWE,2013,10,2900.813,706.293,2194.52,3588.009,2900.813,2013-10-01,Europe,0.0,None,Regular,Q4,October,Northern
SWE,2013,11,2459.147,677.268,1781.879,3118.119,2459.147,2013-11-01,Europe,2.0,"Father's Day, All Saints' Day",Regular,Q4,November,Northern
SWE,2013,12,2247.577,540.58,1706.997,2775.459,2247.577,2013-12-01,Europe,2.0,"Christmas Day, Boxing Day",Winter_Holidays,Q4,December,Northern
SWE,2014,1,2171.02,532.187,1638.833,2689.931,2171.02,2014-01-01,Europe,1.0,Epiphany,Winter_Holidays,Q1,January,Northern
SWE,2014,2,2142.331,564.918,1577.413,2687.795,2142.331,2014-02-01,Europe,1.0,Valentine's Day,Regular,Q1,February,Northern
SWE,2014,3,2515.145,660.022,1855.123,3158.605,2515.145,2014-03-01,Europe,0.0,None,Regular,Q1,March,Northern
SWE,2014,4,2707.337,628.325,2079.012,3329.087,2707.337,2014-04-01,Europe,3.0,"Good Friday, Easter Sunday, Easter Monday",Spring_Holidays,Q2,April,Northern
SWE,2014,5,2978.26,678.956,2299.304,3651.612,2978.26,2014-05-01,Europe,3.0,"Mother's Day, May 1st, Ascension Day",Regular,Q2,May,Northern
SWE,2014,6,3237.905,644.197,2593.708,3876.258,3237.905,2014-06-01,Europe,3.0,"National day, Whit Sunday, Midsummer Day",Regular,Q2,June,Northern
SWE,2014,7,3105.789,439.05,2666.739,3543.705,3105.789,2014-07-01,Europe,0.0,None,Regular,Q3,July,Northern
SWE,2014,8,3070.232,560.08,2510.152,3626.474,3070.232,2014-08-01,Europe,0.0,None,Regular,Q3,August,Northern
SWE,2014,9,3033.431,693.742,2339.689,3721.914,3033.431,2014-09-01,Europe,0.0,None,Regular,Q3,September,Northern
SWE,2014,10,3013.014,725.61,2287.404,3732.308,3013.014,2014-10-01,Europe,0.0,None,Regular,Q4,October,Northern
SWE,2014,11,2481.019,674.194,1806.825,3142.329,2481.019,2014-11-01,Europe,2.0,"Father's Day, All Saints' Day",Regular,Q4,November,Northern
SWE,2014,12,2310.56,554.46,1756.1,2853.36,2310.56,2014-12-01,Europe,2.0,"Christmas Day, Boxing Day",Winter_Holidays,Q4,December,Northern
SWE,2015,1,2201.578,513.791,1687.787,2711.581,2201.578,2015-01-01,Europe,1.0,Epiphany,Winter_Holidays,Q1,January,Northern
SWE,2015,2,2205.212,560.57,1644.642,2757.487,2205.212,2015-02-01,Europe,1.0,Valentine's Day,Regular,Q1,February,Northern
SWE,2015,3,2598.818,669.911,1928.907,3257.887,2598.818,2015-03-01,Europe,0.0,None,Regular,Q1,March,Northern
SWE,2015,4,2767.361,640.906,2126.455,3401.939,2767.361,2015-04-01,Europe,3.0,"Good Friday, Easter Sunday, Easter Monday",Spring_Holidays,Q2,April,Northern
SWE,2015,5,3060.472,675.39,2385.082,3737.988,3060.472,2015-05-01,Europe,4.0,"Mother's Day, May 1st, Ascension Day",Regular,Q2,May,Northern
SWE,2015,6,3289.8,635.044,2654.756,3935.739,3289.8,2015-06-01,Europe,2.0,"National day, Midsummer Day",Regular,Q2,June,Northern
SWE,2015,7,3282.679,459.563,2823.116,3758.88,3282.679,2015-07-01,Europe,0.0,None,Regular,Q3,July,Northern
SWE,2015,8,3211.651,578.437,2633.214,3800.056,3211.651,2015-08-01,Europe,0.0,None,Regular,Q3,August,Northern
SWE,2015,9,3232.347,716.848,2515.499,3957.854,3232.347,2015-09-01,Europe,0.0,None,Regular,Q3,September,Northern
SWE,2015,10,3118.744,714.459,2404.285,3832.173,3118.744,2015-10-01,Europe,1.0,All Saints' Day,Regular,Q4,October,Northern
SWE,2015,11,2626.889,712.134,1914.755,3331.942,2626.889,2015-11-01,Europe,1.0,Father's Day,Regular,Q4,November,Northern
SWE,2015,12,2415.712,569.799,1845.913,2978.765,2415.712,2015-12-01,Europe,2.0,"Christmas Day, Boxing Day",Winter_Holidays,Q4,December,Northern
SWE,2016,1,2327.305,523.972,1803.333,2846.618,2327.305,2016-01-01,Europe,1.0,Epiphany,Winter_Holidays,Q1,January,Northern
SWE,2016,2,2426.724,614.077,1812.647,3030.996,2426.724,2016-02-01,Europe,1.0,Valentine's Day,Regular,Q1,February,Northern
SWE,2016,3,2824.061,669.809,2154.252,3485.122,2824.061,2016-03-01,Europe,3.0,"Good Friday, Easter Sunday, Easter Monday",Spring_Holidays,Q1,March,Northern
SWE,2016,4,2857.043,690.817,2166.226,3534.72,2857.043,2016-04-01,Europe,0.0,None,Regular,Q2,April,Northern
SWE,2016,5,3248.608,712.881,2535.727,3958.111,3248.608,2016-05-01,Europe,4.0,"Mother's Day, May 1st, Ascension Day",Regular,Q2,May,Northern
SWE,2016,6,3379.659,615.244,2764.415,4001.225,3379.659,2016-06-01,Europe,2.0,"National day, Midsummer Day",Regular,Q2,June,Northern
SWE,2016,7,3482.287,490.362,2991.925,3990.51,3482.287,2016-07-01,Europe,0.0,None,Regular,Q3,July,Northern
SWE,2016,8,3355.74,589.035,2766.705,3952.347,3355.74,2016-08-01,Europe,0.0,None,Regular,Q3,August,Northern
SWE,2016,9,3361.783,732.609,2629.174,4096.795,3361.783,2016-09-01,Europe,0.0,None,Regular,Q3,September,Northern
SWE,2016,10,3227.602,735.701,2491.901,3958.709,3227.602,2016-10-01,Europe,0.0,None,Regular,Q4,October,Northern
SWE,2016,11,2799.992,711.81,2088.182,3507.321,2799.992,2016-11-01,Europe,2.0,"Father's Day, All Saints' Day",Regular,Q4,November,Northern
SWE,2016,12,2661.754,615.289,2046.465,3276.963,2661.754,2016-12-01,Europe,2.0,"Christmas Day, Boxing Day",Winter_Holidays,Q4,December,Northern
SWE,2017,1,2548.194,564.502,1983.692,3104.786,2548.194,2017-01-01,Europe,1.0,Epiphany,Winter_Holidays,Q1,January,Northern
SWE,2017,2,2516.505,609.54,1906.965,3113.492,2516.505,2017-02-01,Europe,1.0,Valentine's Day,Regular,Q1,February,Northern
SWE,2017,3,2960.279,723.294,2236.985,3669.282,2960.279,2017-03-01,Europe,0.0,None,Regular,Q1,March,Northern
SWE,2017,4,3124.891,638.226,2486.665,3780.192,3124.891,2017-04-01,Europe,3.0,"Good Friday, Easter Sunday, Easter Monday",Spring_Holidays,Q2,April,Northern
SWE,2017,5,3553.039,741.344,2811.695,4279.427,3553.039,2017-05-01,Europe,3.0,"Mother's Day, May 1st, Ascension Day",Regular,Q2,May,Northern
SWE,2017,6,3681.663,638.762,3042.901,4372.196,3681.663,2017-06-01,Europe,3.0,"Whit Sunday, National day, Midsummer Day",Regular,Q2,June,Northern
SWE,2017,7,3790.568,522.499,3268.069,4329.312,3790.568,2017-07-01,Europe,0.0,None,Regular,Q3,July,Northern
SWE,2017,8,3637.417,617.4,3020.017,4261.857,3637.417,2017-08-01,Europe,0.0,None,Regular,Q3,August,Northern
SWE,2017,9,3557.4,727.001,2830.399,4289.127,3557.4,2017-09-01,Europe,0.0,None,Regular,Q3,September,Northern
SWE,2017,10,3423.537,759.065,2664.472,4177.062,3423.537,2017-10-01,Europe,0.0,None,Regular,Q4,October,Northern
SWE,2017,11,2929.925,724.019,2205.906,3644.23,2929.925,2017-11-01,Europe,2.0,"Father's Day, All Saints' Day",Regular,Q4,November,Northern
SWE,2017,12,2732.795,593.718,2139.077,3321.225,2732.795,2017-12-01,Europe,2.0,"Christmas Day, Boxing Day",Winter_Holidays,Q4,December,Northern
SWE,2018,1,2645.161,567.594,2077.567,,2645.161,2018-01-01,Europe,1.0,Epiphany,Winter_Holidays,Q1,January,Northern
SWE,2018,2,2603.039,596.902,2006.137,,2603.039,2018-02-01,Europe,1.0,Valentine's Day,Regular,Q1,February,Northern
SWE,2018,3,3142.067,685.707,2456.36,,3142.067,2018-03-01,Europe,1.0,Good Friday,Spring_Holidays,Q1,March,Northern
SWE,2018,4,3235.259,670.78,2564.479,,3235.259,2018-04-01,Europe,2.0,"Easter Sunday, Easter Monday",Spring_Holidays,Q2,April,Northern
SWE,2018,5,3540.823,732.058,2808.765,,3540.823,2018-05-01,Europe,4.0,"Mother's Day, May 1st, Ascension Day",Regular,Q2,May,Northern
SWE,2018,6,3731.574,615.852,3115.722,,3731.574,2018-06-01,Europe,2.0,"National day, Midsummer Day",Regular,Q2,June,Northern
SWE,2018,7,3837.942,521.131,3316.811,,3837.942,2018-07-01,Europe,0.0,None,Regular,Q3,July,Northern
SWE,2018,8,3671.69,608.948,3062.742,,3671.69,2018-08-01,Europe,0.0,None,Regular,Q3,August,Northern
SWE,2018,9,3523.997,670.419,2853.578,,3523.997,2018-09-01,Europe,0.0,None,Regular,Q3,September,Northern
SWE,2018,10,3399.993,728.146,2671.847,,3399.993,2018-10-01,Europe,0.0,None,Regular,Q4,October,Northern
SWE,2018,11,2898.917,685.674,2213.243,,2898.917,2018-11-01,Europe,2.0,"Father's Day, All Saints' Day",Regular,Q4,November,Northern
SWE,2018,12,2714.634,556.808,2157.826,,2714.634,2018-12-01,Europe,2.0,"Christmas Day, Boxing Day",Winter_Holidays,Q4,December,Northern
THA,2010,1,5740.736,2197.544,3543.192,,5740.736,2010-01-01,Other,2.0,"National Children's Day, Teachers' Day",Winter_Holidays,Q1,January,Northern
THA,2010,2,5345.134,2005.93,3339.204,,5345.134,2010-02-01,Other,5.0,"Chinese Lunar New Year's Day, Valentine's Day, Second day of Chinese Lunar New Year",Regular,Q1,February,Northern
THA,2010,3,5438.72,2028.256,3410.464,,5438.72,2010-03-01,Other,1.0,Makha Bucha observed,Spring_Holidays,Q1,March,Northern
THA,2010,4,4590.318,1736.617,2853.701,,4590.318,2010-04-01,Other,4.0,"Chakri Day, Songkran",Spring_Holidays,Q2,April,Northern
THA,2010,5,3615.066,1392.546,2222.52,,3615.066,2010-05-01,Other,5.0,"Labor Day, Labor Day observed, Coronation Day",Regular,Q2,May,Northern
THA,2010,6,3616.398,1311.317,2305.081,,3616.398,2010-06-01,Other,0.0,None,Regular,Q2,June,Northern
THA,2010,7,4680.015,1692.133,2987.882,,4680.015,2010-07-01,Other,3.0,"Mid Year Bank Holiday, Asalha Bucha, Buddhist Lent Day",Summer_Holidays,Q3,July,Northern
THA,2010,8,4767.335,1746.394,3020.941,,4767.335,2010-08-01,Other,1.0,The Queen's Birthday,Summer_Holidays,Q3,August,Northern
THA,2010,9,4338.717,1558.458,2780.259,,4338.717,2010-09-01,Other,0.0,None,Regular,Q3,September,Northern
THA,2010,10,4821.515,1908.782,2912.733,,4821.515,2010-10-01,Other,2.0,"Chulalongkorn Day, Chulalongkorn Day observed",Regular,Q4,October,Northern
THA,2010,11,4935.484,1894.016,3041.468,,4935.484,2010-11-01,Other,1.0,Loy Krathong,Regular,Q4,November,Northern
THA,2010,12,5535.646,2122.748,3412.898,,5535.646,2010-12-01,Other,8.0,"Christmas Eve, Christmas Day, King Bhumibol's Birthday",Winter_Holidays,Q4,December,Northern
THA,2011,1,6156.793,2274.232,3882.561,,6156.793,2011-01-01,Other,3.0,"National Children's Day, Teachers' Day, New Year's Day observed",Winter_Holidays,Q1,January,Northern
THA,2011,2,5854.798,2139.462,3715.336,,5854.798,2011-02-01,Other,5.0,"Chinese Lunar New Year's Day, Second day of Chinese Lunar New Year, Third day of Chinese Lunar New Year",Regular,Q1,February,Northern
THA,2011,3,6027.218,2184.701,3842.517,,6027.218,2011-03-01,Other,0.0,None,Regular,Q1,March,Northern
THA,2011,4,5596.506,2076.724,3519.782,,5596.506,2011-04-01,Other,4.0,"Chakri Day, Songkran",Spring_Holidays,Q2,April,Northern
THA,2011,5,5026.279,1821.425,3204.854,,5026.279,2011-05-01,Other,5.0,"Labor Day, Labor Day observed, Coronation Day",Regular,Q2,May,Northern
THA,2011,6,4836.024,1706.725,3129.299,,4836.024,2011-06-01,Other,0.0,None,Regular,Q2,June,Northern
THA,2011,7,5773.555,2103.913,3669.642,,5773.555,2011-07-01,Other,2.0,"Mid Year Bank Holiday, Asalha Bucha",Summer_Holidays,Q3,July,Northern
THA,2011,8,5756.842,2123.902,3632.94,,5756.842,2011-08-01,Other,1.0,The Queen's Birthday,Summer_Holidays,Q3,August,Northern
THA,2011,9,5165.499,1878.663,3286.836,,5165.499,2011-09-01,Other,0.0,None,Regular,Q3,September,Northern
THA,2011,10,5088.081,1878.35,3209.731,,5088.081,2011-10-01,Other,2.0,"Chulalongkorn Day, Chulalongkorn Day observed",Regular,Q4,October,Northern
THA,2011,11,5194.525,1879.776,3314.749,,5194.525,2011-11-01,Other,1.0,Loy Krathong,Regular,Q4,November,Northern
THA,2011,12,5824.546,2121.987,3702.559,,5824.546,2011-12-01,Other,7.0,"Christmas Eve, Christmas Day, King Bhumibol's Birthday",Winter_Holidays,Q4,December,Northern
THA,2012,1,6717.806,2610.72,4107.086,,6717.806,2012-01-01,Other,7.0,"National Children's Day, Teachers' Day, Chinese Lunar New Year's Day",Winter_Holidays,Q1,January,Northern
THA,2012,2,6295.787,2403.789,3891.998,,6295.787,2012-02-01,Other,1.0,Valentine's Day,Regular,Q1,February,Northern
THA,2012,3,6608.807,2460.604,4148.203,,6608.807,2012-03-01,Other,1.0,Makha Bucha,Spring_Holidays,Q1,March,Northern
THA,2012,4,6334.758,2397.372,3937.386,,6334.758,2012-04-01,Other,6.0,"Chakri Day, Songkran, Songkran observed",Spring_Holidays,Q2,April,Northern
THA,2012,5,5609.089,2098.54,3510.549,,5609.089,2012-05-01,Other,4.0,"Labor Day, Coronation Day, Coronation Day observed",Regular,Q2,May,Northern
THA,2012,6,5473.106,1991.105,3482.001,,5473.106,2012-06-01,Other,1.0,Visakha Bucha,Regular,Q2,June,Northern
THA,2012,7,6173.35,2260.805,3912.545,,6173.35,2012-07-01,Other,2.0,"Mid Year Bank Holiday, Mid Year Bank Holiday observed",Summer_Holidays,Q3,July,Northern
THA,2012,8,6501.871,2467.533,4034.338,,6501.871,2012-08-01,Other,3.0,"Asalha Bucha, The Queen's Birthday, The Queen's Birthday observed",Summer_Holidays,Q3,August,Northern
THA,2012,9,5629.117,2056.979,3572.138,,5629.117,2012-09-01,Other,0.0,None,Regular,Q3,September,Northern
THA,2012,10,5525.993,2119.487,3406.506,,5525.993,2012-10-01,Other,1.0,Chulalongkorn Day,Regular,Q4,October,Northern
THA,2012,11,4728.922,1973.498,2755.424,,4728.922,2012-11-01,Other,1.0,Loy Krathong,Regular,Q4,November,Northern
THA,2012,12,5922.698,2362.963,3559.735,,5922.698,2012-12-01,Other,6.0,"Christmas Eve, Christmas Day, King Bhumibol's Birthday",Winter_Holidays,Q4,December,Northern
THA,2013,1,7665.428,2856.271,4809.157,,7665.428,2013-01-01,Other,2.0,"National Children's Day, Teachers' Day",Winter_Holidays,Q1,January,Northern
THA,2013,2,7396.492,2728.097,4668.395,,7396.492,2013-02-01,Other,5.0,"Chinese Lunar New Year's Day, Second day of Chinese Lunar New Year, Third day of Chinese Lunar New Year",Regular,Q1,February,Northern
THA,2013,3,7987.04,2968.293,5018.747,,7987.04,2013-03-01,Other,0.0,None,Regular,Q1,March,Northern
THA,2013,4,7340.021,2726.065,4613.956,,7340.021,2013-04-01,Other,7.0,"Chakri Day observed, Chakri Day, Songkran",Spring_Holidays,Q2,April,Northern
THA,2013,5,6761.358,2544.196,4217.162,,6761.358,2013-05-01,Other,5.0,"Labor Day, Coronation Day, Coronation Day observed",Regular,Q2,May,Northern
THA,2013,6,6538.892,2313.412,4225.48,,6538.892,2013-06-01,Other,0.0,None,Regular,Q2,June,Northern
THA,2013,7,7149.21,2619.616,4529.594,,7149.21,2013-07-01,Other,2.0,"Mid Year Bank Holiday, Asalha Bucha",Summer_Holidays,Q3,July,Northern
THA,2013,8,7676.874,2858.723,4818.151,,7676.874,2013-08-01,Other,1.0,The Queen's Birthday,Summer_Holidays,Q3,August,Northern
THA,2013,9,6831.067,2565.602,4265.465,,6831.067,2013-09-01,Other,0.0,None,Regular,Q3,September,Northern
THA,2013,10,6434.123,2442.937,3991.186,,6434.123,2013-10-01,Other,1.0,Chulalongkorn Day,Regular,Q4,October,Northern
THA,2013,11,6866.558,2493.063,4373.495,,6866.558,2013-11-01,Other,1.0,Loy Krathong,Regular,Q4,November,Northern
THA,2013,12,7487.899,2754.11,4733.789,,7487.899,2013-12-01,Other,7.0,"Christmas Eve, Christmas Day, December Public Service Holiday",Winter_Holidays,Q4,December,Northern
THA,2014,1,8089.911,3282.039,4807.872,8089.911,8089.911,2014-01-01,Other,3.0,"National Children's Day, Teachers' Day, Chinese Lunar New Year's Day",Winter_Holidays,Q1,January,Northern
THA,2014,2,7295.372,3011.982,4283.39,7295.372,7295.372,2014-02-01,Other,4.0,"Second day of Chinese Lunar New Year, Third day of Chinese Lunar New Year, Valentine's Day",Regular,Q1,February,Northern
THA,2014,3,7737.756,3268.214,4469.542,7737.756,7737.756,2014-03-01,Other,0.0,None,Regular,Q1,March,Northern
THA,2014,4,7610.519,3267.183,4343.336,7610.519,7610.519,2014-04-01,Other,6.0,"Chakri Day, Chakri Day observed, Songkran",Spring_Holidays,Q2,April,Northern
THA,2014,5,6664.287,2872.392,3791.895,6664.287,6664.287,2014-05-01,Other,4.0,"Labor Day, Coronation Day, Royal Ploughing Ceremony Day",Regular,Q2,May,Northern
THA,2014,6,5838.276,2558.325,3279.951,5838.276,5838.276,2014-06-01,Other,0.0,None,Regular,Q2,June,Northern
THA,2014,7,6936.275,3045.698,3890.577,6936.275,6936.275,2014-07-01,Other,2.0,"Mid Year Bank Holiday, Asalha Bucha",Summer_Holidays,Q3,July,Northern
THA,2014,8,7749.707,3362.081,4387.626,7749.707,7749.707,2014-08-01,Other,2.0,"The Queen's Birthday holiday, The Queen's Birthday",Summer_Holidays,Q3,August,Northern
THA,2014,9,6705.882,2825.766,3880.116,6705.882,6705.882,2014-09-01,Other,0.0,None,Regular,Q3,September,Northern
THA,2014,10,7336.947,2867.98,4468.967,8160.7,7336.947,2014-10-01,Other,1.0,Chulalongkorn Day,Regular,Q4,October,Northern
THA,2014,11,7571.452,2865.23,4706.222,8379.967,7571.452,2014-11-01,Other,1.0,Loy Krathong,Regular,Q4,November,Northern
THA,2014,12,8036.049,3150.053,4885.996,9359.693,8036.049,2014-12-01,Other,6.0,"Christmas Eve, Christmas Day, King Bhumibol's Birthday",Winter_Holidays,Q4,December,Northern
THA,2015,1,9519.564,4053.382,5466.182,9519.561,9519.564,2015-01-01,Other,3.0,"National Children's Day, Teachers' Day, Bridge Public Holiday",Winter_Holidays,Q1,January,Northern
THA,2015,2,9180.195,3838.976,5341.219,9180.195,9180.195,2015-02-01,Other,4.0,"Valentine's Day, Chinese Lunar New Year's Day, Second day of Chinese Lunar New Year",Regular,Q1,February,Northern
THA,2015,3,9723.763,4100.073,5623.69,9723.762,9723.763,2015-03-01,Other,1.0,Makha Bucha,Spring_Holidays,Q1,March,Northern
THA,2015,4,9229.329,3918.863,5310.466,9229.329,9229.329,2015-04-01,Other,4.0,"Chakri Day, Songkran",Spring_Holidays,Q2,April,Northern
THA,2015,5,8605.741,3686.001,4919.74,8605.741,8605.741,2015-05-01,Other,4.0,"Labor Day, Bridge Public Holiday, Coronation Day",Regular,Q2,May,Northern
THA,2015,6,8044.421,3381.199,4663.222,8044.412,8044.421,2015-06-01,Other,1.0,Visakha Bucha,Regular,Q2,June,Northern
THA,2015,7,9272.962,3974.227,5298.735,9272.962,9272.962,2015-07-01,Other,3.0,"Mid Year Bank Holiday, Asalha Bucha, Buddhist Lent Day",Summer_Holidays,Q3,July,Northern
THA,2015,8,9592.841,4138.377,5454.464,9592.836,9592.841,2015-08-01,Other,1.0,The Queen's Birthday,Summer_Holidays,Q3,August,Northern
THA,2015,9,7720.738,3457.9,4262.838,7720.738,7720.738,2015-09-01,Other,0.0,None,Regular,Q3,September,Northern
THA,2015,10,8160.7,3574.568,4586.132,9097.094,8160.7,2015-10-01,Other,1.0,Chulalongkorn Day,Regular,Q4,October,Northern
THA,2015,11,8379.967,3435.984,4943.983,9476.683,8379.967,2015-11-01,Other,1.0,Loy Krathong,Regular,Q4,November,Northern
THA,2015,12,9359.693,3893.304,5466.389,10353.665,9359.693,2015-12-01,Other,8.0,"Christmas Eve, Christmas Day, King Bhumibol's Birthday",Winter_Holidays,Q4,December,Northern
THA,2016,1,10919.106,4696.301,6222.805,10919.106,10919.106,2016-01-01,Other,2.0,"National Children's Day, Teachers' Day",Winter_Holidays,Q1,January,Northern
THA,2016,2,10686.642,4498.84,6187.802,10686.642,10686.642,2016-02-01,Other,5.0,"Chinese Lunar New Year's Day, Second day of Chinese Lunar New Year, Third day of Chinese Lunar New Year",Regular,Q1,February,Northern
THA,2016,3,10719.026,4449.571,6269.455,10719.026,10719.026,2016-03-01,Other,0.0,None,Regular,Q1,March,Northern
THA,2016,4,10239.61,4334.646,5904.964,10239.61,10239.61,2016-04-01,Other,4.0,"Chakri Day, Songkran",Spring_Holidays,Q2,April,Northern
THA,2016,5,9633.787,4246.889,5386.898,9633.787,9633.787,2016-05-01,Other,6.0,"Labor Day, Labor Day observed, Coronation Day",Regular,Q2,May,Northern
THA,2016,6,8874.089,3860.278,5013.811,8874.089,8874.089,2016-06-01,Other,0.0,None,Regular,Q2,June,Northern
THA,2016,7,10562.337,4578.636,5983.701,10562.337,10562.337,2016-07-01,Other,4.0,"Mid Year Bank Holiday, Extra holiday, Asalha Bucha",Summer_Holidays,Q3,July,Northern
THA,2016,8,10473.197,4528.854,5944.343,10473.197,10473.197,2016-08-01,Other,1.0,The Queen's Birthday,Summer_Holidays,Q3,August,Northern
THA,2016,9,8888.754,3908.608,4980.146,8888.754,8888.754,2016-09-01,Other,0.0,None,Regular,Q3,September,Northern
THA,2016,10,9097.094,4178.103,4918.991,9654.65,9097.094,2016-10-01,Other,3.0,"Halloween, Chulalongkorn Day, Chulalongkorn Day observed",Regular,Q4,October,Northern
THA,2016,11,9476.683,4172.057,5304.626,9768.324,9476.683,2016-11-01,Other,0.0,None,Regular,Q4,November,Northern
THA,2016,12,10353.673,4404.514,5949.159,11273.057,10353.673,2016-12-01,Other,7.0,"Christmas Eve, Christmas Day, King Bhumibol's Birthday",Winter_Holidays,Q4,December,Northern
THA,2017,1,12089.976,5425.08,6664.896,12090.013,12089.976,2017-01-01,Other,6.0,"National Children's Day, Teachers' Day, Chinese Lunar New Year's Day",Winter_Holidays,Q1,January,Northern
THA,2017,2,11177.333,4835.749,6341.584,11177.347,11177.333,2017-02-01,Other,2.0,"Valentine's Day, Makha Bucha",Regular,Q1,February,Northern
THA,2017,3,11627.808,5040.725,6587.083,11627.49,11627.808,2017-03-01,Other,0.0,None,Regular,Q1,March,Northern
THA,2017,4,11133.376,4782.017,6351.359,11133.135,11133.376,2017-04-01,Other,5.0,"Chakri Day, Songkran, Songkran observed",Spring_Holidays,Q2,April,Northern
THA,2017,5,10196.045,4416.666,5779.379,10196.045,10196.045,2017-05-01,Other,3.0,"Labor Day, Visakha Bucha, Royal Ploughing Ceremony Day",Regular,Q2,May,Northern
THA,2017,6,9826.108,4203.164,5622.944,9826.11,9826.108,2017-06-01,Other,0.0,None,Regular,Q2,June,Northern
THA,2017,7,11184.018,4713.718,6470.3,11183.999,11184.018,2017-07-01,Other,3.0,"Buddhist Lent Day, Asalha Bucha, King Vajiralongkorn's Birthday",Summer_Holidays,Q3,July,Northern
THA,2017,8,11400.918,4832.571,6568.347,11400.96,11400.918,2017-08-01,Other,2.0,"The Queen's Birthday, The Queen's Birthday observed",Summer_Holidays,Q3,August,Northern
THA,2017,9,9844.193,4216.343,5627.85,9844.197,9844.193,2017-09-01,Other,0.0,None,Regular,Q3,September,Northern
THA,2017,10,9676.856,4547.981,5128.875,10851.529,9676.856,2017-10-01,Other,4.0,"Halloween, Anniversary of the Death of King Bhumibol, Chulalongkorn Day",Regular,Q4,October,Northern
THA,2017,11,9768.942,4549.494,5219.448,11330.033,9768.942,2017-11-01,Other,1.0,Loy Krathong,Regular,Q4,November,Northern
THA,2017,12,11273.828,5095.953,6177.875,12455.384,11273.828,2017-12-01,Other,6.0,"Christmas Eve, Christmas Day, King Bhumibol's Birthday",Winter_Holidays,Q4,December,Northern
THA,2018,1,12791.556,5440.504,7351.052,,12791.556,2018-01-01,Other,3.0,"National Children's Day, Teachers' Day, Bridge Public Holiday",Winter_Holidays,Q1,January,Northern
THA,2018,2,12125.07,4991.169,7133.901,,12125.07,2018-02-01,Other,4.0,"Valentine's Day, Chinese Lunar New Year's Day, Second day of Chinese Lunar New Year",Regular,Q1,February,Northern
THA,2018,3,12838.308,5296.297,7542.011,,12838.308,2018-03-01,Other,1.0,Makha Bucha,Spring_Holidays,Q1,March,Northern
THA,2018,4,12138.066,5128.094,7009.972,,12138.066,2018-04-01,Other,6.0,"Chakri Day, Songkran observed, Songkran",Spring_Holidays,Q2,April,Northern
THA,2018,5,11005.978,4791.013,6214.965,,11005.978,2018-05-01,Other,3.0,"Labor Day, Royal Ploughing Ceremony Day, Visakha Bucha",Regular,Q2,May,Northern
THA,2018,6,10672.217,4459.425,6212.792,,10672.217,2018-06-01,Other,0.0,None,Regular,Q2,June,Northern
THA,2018,7,11684.349,4895.884,6788.465,,11684.349,2018-07-01,Other,4.0,"Asalha Bucha, Buddhist Lent Day, King Vajiralongkorn's Birthday",Summer_Holidays,Q3,July,Northern
THA,2018,8,11728.824,4938.164,6790.66,,11728.824,2018-08-01,Other,2.0,"The Queen's Birthday, The Queen's Birthday observed",Summer_Holidays,Q3,August,Northern
THA,2018,9,9897.229,4217.348,5679.881,,9897.229,2018-09-01,Other,0.0,None,Regular,Q3,September,Northern
THA,2018,10,10851.525,4764.029,6087.496,,10851.525,2018-10-01,Other,4.0,"Halloween, Anniversary of the Death of King Bhumibol, Anniversary of the Death of King Bhumibol observed",Regular,Q4,October,Northern
THA,2018,11,11330.047,4844.084,6485.963,,11330.047,2018-11-01,Other,1.0,Loy Krathong,Regular,Q4,November,Northern
THA,2018,12,12455.319,5262.946,7192.373,,12455.319,2018-12-01,Other,5.0,"Christmas Eve, Christmas Day, King Bhumibol's Birthday",Winter_Holidays,Q4,December,Northern
TUR,2010,1,,,,5144.656,5144.656,2010-01-01,Other,0.0,None,Regular,Q1,January,Northern
TUR,2010,2,,,,5018.51,5018.51,2010-02-01,Other,0.0,None,Regular,Q1,February,Northern
TUR,2010,3,,,,5917.141,5917.141,2010-03-01,Other,0.0,None,Regular,Q1,March,Northern
TUR,2010,4,,,,6367.832,6367.832,2010-04-01,Other,1.0,National Sovereignty and Children's Day,Spring_Holidays,Q2,April,Northern
TUR,2010,5,,,,8825.846,8825.846,2010-05-01,Other,2.0,"Labor and Solidarity Day, Commemoration of Atat??rk, Youth and Sports Day",Regular,Q2,May,Northern
TUR,2010,6,,,,9789.216,9789.216,2010-06-01,Other,0.0,None,Regular,Q2,June,Northern
TUR,2010,7,,,,11568.65,11568.65,2010-07-01,Other,0.0,None,Regular,Q3,July,Northern
TUR,2010,8,,,,11194.102,11194.102,2010-08-01,Other,1.0,Victory Day,Summer_Holidays,Q3,August,Northern
TUR,2010,9,,,,10122.376,10122.376,2010-09-01,Other,4.0,"Ramadan Feast Eve, Ramadan Feast, Ramadan Feast Day 2",Regular,Q3,September,Northern
TUR,2010,10,,,,9180.777,9180.777,2010-10-01,Other,2.0,"Republic Day Eve, Republic Day",Regular,Q4,October,Northern
TUR,2010,11,,,,6490.348,6490.348,2010-11-01,Other,6.0,"Sacrifice Feast Eve, Ataturk Memorial Day, Sacrifice Feast",Regular,Q4,November,Northern
TUR,2010,12,,,,5944.162,5944.162,2010-12-01,Other,1.0,New Year's Eve,Winter_Holidays,Q4,December,Northern
TUR,2011,1,,,,5725.061,5725.061,2011-01-01,Other,0.0,None,Regular,Q1,January,Northern
TUR,2011,2,,,,5863.271,5863.271,2011-02-01,Other,0.0,None,Regular,Q1,February,Northern
TUR,2011,3,,,,6688.345,6688.345,2011-03-01,Other,0.0,None,Regular,Q1,March,Northern
TUR,2011,4,,,,7967.175,7967.175,2011-04-01,Other,1.0,National Sovereignty and Children's Day,Spring_Holidays,Q2,April,Northern
TUR,2011,5,,,,10117.06,10117.06,2011-05-01,Other,2.0,"Labor and Solidarity Day, Commemoration of Atat??rk, Youth and Sports Day",Regular,Q2,May,Northern
TUR,2011,6,,,,11257.947,11257.947,2011-06-01,Other,0.0,None,Regular,Q2,June,Northern
TUR,2011,7,,,,13153.865,13153.865,2011-07-01,Other,0.0,None,Regular,Q3,July,Northern
TUR,2011,8,,,,12120.645,12120.645,2011-08-01,Other,4.0,"Ramadan Feast Eve, Ramadan Feast, Victory Day",Summer_Holidays,Q3,August,Northern
TUR,2011,9,,,,12124.676,12124.676,2011-09-01,Other,1.0,Ramadan Feast Day 3,Regular,Q3,September,Northern
TUR,2011,10,,,,10202.235,10202.235,2011-10-01,Other,2.0,"Republic Day Eve, Republic Day",Regular,Q4,October,Northern
TUR,2011,11,,,,7487.235,7487.235,2011-11-01,Other,6.0,"Sacrifice Feast Eve, Ataturk Memorial Day, Sacrifice Feast",Regular,Q4,November,Northern
TUR,2011,12,,,,6488.238,6488.238,2011-12-01,Other,1.0,New Year's Eve,Winter_Holidays,Q4,December,Northern
TUR,2012,1,,,,6797.573,6797.573,2012-01-01,Other,0.0,None,Regular,Q1,January,Northern
TUR,2012,2,,,,6410.746,6410.746,2012-02-01,Other,0.0,None,Regular,Q1,February,Northern
TUR,2012,3,,,,7664.606,7664.606,2012-03-01,Other,0.0,None,Regular,Q1,March,Northern
TUR,2012,4,,,,8917.754,8917.754,2012-04-01,Other,1.0,National Sovereignty and Children's Day,Spring_Holidays,Q2,April,Northern
TUR,2012,5,,,,10748.821,10748.821,2012-05-01,Other,2.0,"Labor and Solidarity Day, Commemoration of Atat??rk, Youth and Sports Day",Regular,Q2,May,Northern
TUR,2012,6,,,,12305.625,12305.625,2012-06-01,Other,0.0,None,Regular,Q2,June,Northern
TUR,2012,7,,,,13803.952,13803.952,2012-07-01,Other,0.0,None,Regular,Q3,July,Northern
TUR,2012,8,,,,13814.868,13814.868,2012-08-01,Other,5.0,"Ramadan Feast Eve, Ramadan Feast, Ramadan Feast Day 2",Summer_Holidays,Q3,August,Northern
TUR,2012,9,,,,13146.036,13146.036,2012-09-01,Other,0.0,None,Regular,Q3,September,Northern
TUR,2012,10,,,,11380.75,11380.75,2012-10-01,Other,7.0,"Sacrifice Feast Eve, Republic Day Eve, Sacrifice Feast",Regular,Q4,October,Northern
TUR,2012,11,,,,8149.913,8149.913,2012-11-01,Other,1.0,Ataturk Memorial Day,Regular,Q4,November,Northern
TUR,2012,12,,,,7496.546,7496.546,2012-12-01,Other,1.0,New Year's Eve,Winter_Holidays,Q4,December,Northern
TUR,2013,1,,,,7811.233,7811.233,2013-01-01,Other,0.0,None,Regular,Q1,January,Northern
TUR,2013,2,,,,7873.97,7873.97,2013-02-01,Other,0.0,None,Regular,Q1,February,Northern
TUR,2013,3,,,,9162.528,9162.528,2013-03-01,Other,0.0,None,Regular,Q1,March,Northern
TUR,2013,4,,,,10198.209,10198.209,2013-04-01,Other,1.0,National Sovereignty and Children's Day,Spring_Holidays,Q2,April,Northern
TUR,2013,5,,,,12913.371,12913.371,2013-05-01,Other,2.0,"Labor and Solidarity Day, Commemoration of Atat??rk, Youth and Sports Day",Regular,Q2,May,Northern
TUR,2013,6,,,,14292.728,14292.728,2013-06-01,Other,0.0,None,Regular,Q2,June,Northern
TUR,2013,7,,,,14878.565,14878.565,2013-07-01,Other,0.0,None,Regular,Q3,July,Northern
TUR,2013,8,,,,16171.904,16171.904,2013-08-01,Other,5.0,"Ramadan Feast Eve, Ramadan Feast, Ramadan Feast Day 2",Summer_Holidays,Q3,August,Northern
TUR,2013,9,,,,15138.807,15138.807,2013-09-01,Other,0.0,None,Regular,Q3,September,Northern
TUR,2013,10,,,,13440.451,13440.451,2013-10-01,Other,7.0,"Sacrifice Feast Eve, Republic Day Eve, Sacrifice Feast",Regular,Q4,October,Northern
TUR,2013,11,,,,9663.234,9663.234,2013-11-01,Other,1.0,Ataturk Memorial Day,Regular,Q4,November,Northern
TUR,2013,12,,,,8912.88,8912.88,2013-12-01,Other,1.0,New Year's Eve,Winter_Holidays,Q4,December,Northern
TUR,2014,1,,,,10133.917,10133.917,2014-01-01,Other,0.0,None,Regular,Q1,January,Northern
TUR,2014,2,,,,9758.416,9758.416,2014-02-01,Other,0.0,None,Regular,Q1,February,Northern
TUR,2014,3,,,,10904.312,10904.312,2014-03-01,Other,0.0,None,Regular,Q1,March,Northern
TUR,2014,4,,,,12649.2,12649.2,2014-04-01,Other,1.0,National Sovereignty and Children's Day,Spring_Holidays,Q2,April,Northern
TUR,2014,5,,,,14911.994,14911.994,2014-05-01,Other,2.0,"Labor and Solidarity Day, Commemoration of Atat??rk, Youth and Sports Day",Regular,Q2,May,Northern
TUR,2014,6,,,,16563.648,16563.648,2014-06-01,Other,0.0,None,Regular,Q2,June,Northern
TUR,2014,7,,,,16833.301,16833.301,2014-07-01,Other,4.0,"Ramadan Feast Eve, Ramadan Feast, Ramadan Feast Day 2",Summer_Holidays,Q3,July,Northern
TUR,2014,8,,,,18938.711,18938.711,2014-08-01,Other,1.0,Victory Day,Summer_Holidays,Q3,August,Northern
TUR,2014,9,,,,16729.26,16729.26,2014-09-01,Other,0.0,None,Regular,Q3,September,Northern
TUR,2014,10,,,,15108.95,15108.95,2014-10-01,Other,7.0,"Sacrifice Feast Eve, Republic Day Eve, Sacrifice Feast",Regular,Q4,October,Northern
TUR,2014,11,,,,11413.228,11413.228,2014-11-01,Other,1.0,Ataturk Memorial Day,Regular,Q4,November,Northern
TUR,2014,12,,,,10819.249,10819.249,2014-12-01,Other,1.0,New Year's Eve,Winter_Holidays,Q4,December,Northern
TUR,2015,1,,,,11121.392,11121.392,2015-01-01,Other,1.0,Day of Mourning for King Abdullah,Winter_Holidays,Q1,January,Northern
TUR,2015,2,,,,10204.844,10204.844,2015-02-01,Other,0.0,None,Regular,Q1,February,Northern
TUR,2015,3,,,,11935.143,11935.143,2015-03-01,Other,0.0,None,Regular,Q1,March,Northern
TUR,2015,4,,,,13465.465,13465.465,2015-04-01,Other,1.0,National Sovereignty and Children's Day,Spring_Holidays,Q2,April,Northern
TUR,2015,5,,,,16442.955,16442.955,2015-05-01,Other,2.0,"Labor and Solidarity Day, Commemoration of Atat??rk, Youth and Sports Day",Regular,Q2,May,Northern
TUR,2015,6,,,,17344.776,17344.776,2015-06-01,Other,0.0,None,Regular,Q2,June,Northern
TUR,2015,7,,,,19579.213,19579.213,2015-07-01,Other,4.0,"Ramadan Feast Eve, Ramadan Feast, Ramadan Feast Day 2",Summer_Holidays,Q3,July,Northern
TUR,2015,8,,,,21106.396,21106.396,2015-08-01,Other,1.0,Victory Day,Summer_Holidays,Q3,August,Northern
TUR,2015,9,,,,18471.735,18471.735,2015-09-01,Other,5.0,"Sacrifice Feast Eve, Sacrifice Feast, Sacrifice Feast Day 2",Regular,Q3,September,Northern
TUR,2015,10,,,,16279.442,16279.442,2015-10-01,Other,2.0,"Republic Day Eve, Republic Day",Regular,Q4,October,Northern
TUR,2015,11,,,,12411.915,12411.915,2015-11-01,Other,1.0,Ataturk Memorial Day,Regular,Q4,November,Northern
TUR,2015,12,,,,11970.209,11970.209,2015-12-01,Other,1.0,New Year's Eve,Winter_Holidays,Q4,December,Northern
TUR,2016,1,,,,12046.99,12046.99,2016-01-01,Other,0.0,None,Regular,Q1,January,Northern
TUR,2016,2,,,,11661.675,11661.675,2016-02-01,Other,0.0,None,Regular,Q1,February,Northern
TUR,2016,3,,,,12650.726,12650.726,2016-03-01,Other,0.0,None,Regular,Q1,March,Northern
TUR,2016,4,,,,13709.431,13709.431,2016-04-01,Other,1.0,National Sovereignty and Children's Day,Spring_Holidays,Q2,April,Northern
TUR,2016,5,,,,15593.286,15593.286,2016-05-01,Other,2.0,"Labor and Solidarity Day, Commemoration of Atat??rk, Youth and Sports Day",Regular,Q2,May,Northern
TUR,2016,6,,,,14596.098,14596.098,2016-06-01,Other,0.0,None,Regular,Q2,June,Northern
TUR,2016,7,,,,16932.479,16932.479,2016-07-01,Other,5.0,"Ramadan Feast Eve, Ramadan Feast, Ramadan Feast Day 2",Summer_Holidays,Q3,July,Northern
TUR,2016,8,,,,18446.764,18446.764,2016-08-01,Other,1.0,Victory Day,Summer_Holidays,Q3,August,Northern
TUR,2016,9,,,,17072.748,17072.748,2016-09-01,Other,5.0,"Sacrifice Feast Eve, Sacrifice Feast, Sacrifice Feast Day 2",Regular,Q3,September,Northern
TUR,2016,10,,,,15891.202,15891.202,2016-10-01,Other,2.0,"Republic Day Eve, Republic Day",Regular,Q4,October,Northern
TUR,2016,11,,,,12374.385,12374.385,2016-11-01,Other,1.0,Ataturk Memorial Day,Regular,Q4,November,Northern
TUR,2016,12,,,,12020.397,12020.397,2016-12-01,Other,1.0,New Year's Eve,Winter_Holidays,Q4,December,Northern
TUR,2017,1,,,,11435.66,11435.66,2017-01-01,Other,0.0,None,Regular,Q1,January,Northern
TUR,2017,2,,,,11045.672,11045.672,2017-02-01,Other,0.0,None,Regular,Q1,February,Northern
TUR,2017,3,,,,12814.709,12814.709,2017-03-01,Other,0.0,None,Regular,Q1,March,Northern
TUR,2017,4,,,,14733.355,14733.355,2017-04-01,Other,1.0,National Sovereignty and Children's Day,Spring_Holidays,Q2,April,Northern
TUR,2017,5,,,,16653.99,16653.99,2017-05-01,Other,2.0,"Labor and Solidarity Day, Commemoration of Atat??rk, Youth and Sports Day",Regular,Q2,May,Northern
TUR,2017,6,,,,17082.239,17082.239,2017-06-01,Other,4.0,"Ramadan Feast Eve, Ramadan Feast, Ramadan Feast Day 2",Regular,Q2,June,Northern
TUR,2017,7,,,,21192.748,21192.748,2017-07-01,Other,1.0,Democracy and National Unity Day,Summer_Holidays,Q3,July,Northern
TUR,2017,8,,,,21524.111,21524.111,2017-08-01,Other,2.0,"Sacrifice Feast Eve, Victory Day",Summer_Holidays,Q3,August,Northern
TUR,2017,9,,,,19763.161,19763.161,2017-09-01,Other,4.0,"Sacrifice Feast, Sacrifice Feast Day 2, Sacrifice Feast Day 3",Regular,Q3,September,Northern
TUR,2017,10,,,,17691.934,17691.934,2017-10-01,Other,2.0,"Republic Day Eve, Republic Day",Regular,Q4,October,Northern
TUR,2017,11,,,,14256.813,14256.813,2017-11-01,Other,1.0,Ataturk Memorial Day,Regular,Q4,November,Northern
TUR,2017,12,,,,14144.563,14144.563,2017-12-01,Other,1.0,New Year's Eve,Winter_Holidays,Q4,December,Northern
TWN,2014,1,,,,381.848,381.848,2014-01-01,Other,2.0,"Chinese New Year's Eve, Chinese New Year's Day",Winter_Holidays,Q1,January,Northern
TWN,2014,2,,,,399.227,399.227,2014-02-01,Other,8.0,"Farmer's Day, Lantern Festival, Tourism Day",Regular,Q1,February,Northern
TWN,2014,3,,,,419.216,419.216,2014-03-01,Other,5.0,"Earth God's Birthday, International Women's Day, Arbor Day",Spring_Holidays,Q1,March,Northern
TWN,2014,4,,,,475.66,475.66,2014-04-01,Other,5.0,"God of Medicine's Birthday, Easter Sunday, Matsu's Birthday",Spring_Holidays,Q2,April,Northern
TWN,2014,5,,,,481.904,481.904,2014-05-01,Other,4.0,"Literary Day, Buddha's Birthday, Mother's Day",Regular,Q2,May,Northern
TWN,2014,6,,,,488.154,488.154,2014-06-01,Other,4.0,"Opium Suppression Movement Day, Chen Huang's Birthday, Kuan Kung's Birthday",Regular,Q2,June,Northern
TWN,2014,7,,,,551.089,551.089,2014-07-01,Other,0.0,None,Regular,Q3,July,Northern
TWN,2014,8,,,,495.006,495.006,2014-08-01,Other,3.0,"Chinese Valentine's Day, Father's Day, Hungry Ghost Festival",Summer_Holidays,Q3,August,Northern
TWN,2014,9,,,,419.568,419.568,2014-09-01,Other,3.0,"Armed Forces Day, Teachers' Day, Mid-Autumn Festival",Regular,Q3,September,Northern
TWN,2014,10,,,,4578.504,4578.504,2014-10-01,Other,5.0,"Double Ninth Day, Overseas Chinese Day, Taiwan's Retrocession Day",Regular,Q4,October,Northern
TWN,2014,11,,,,4350.672,4350.672,2014-11-01,Other,1.0,Sun Yat-sen's Birthday,Regular,Q4,November,Northern
TWN,2014,12,,,,4520.538,4520.538,2014-12-01,Other,5.0,"Special Working Day, Saisiat Festival, Dongzh?? Festival",Winter_Holidays,Q4,December,Northern
TWN,2015,1,,,,4210.604,4210.604,2015-01-01,Other,1.0,Bridge Public Holiday,Winter_Holidays,Q1,January,Northern
TWN,2015,2,,,,4572.474,4572.474,2015-02-01,Other,9.0,"Farmer's Day, Chinese New Year's Eve, Chinese New Year's Day",Regular,Q1,February,Northern
TWN,2015,3,,,,4576.487,4576.487,2015-03-01,Other,6.0,"Lantern Festival, Tourism Day, International Women's Day",Spring_Holidays,Q1,March,Northern
TWN,2015,4,,,,4829.986,4829.986,2015-04-01,Other,6.0,"Easter Sunday, Kuan Yin's Birthday, Children's Day observed",Spring_Holidays,Q2,April,Northern
TWN,2015,5,,,,4937.645,4937.645,2015-05-01,Other,6.0,"God of Medicine's Birthday, Literary Day, Mother's Day",Regular,Q2,May,Northern
TWN,2015,6,,,,4927.467,4927.467,2015-06-01,Other,5.0,"Opium Suppression Movement Day, Chen Huang's Birthday, Kuan Kung's Birthday",Regular,Q2,June,Northern
TWN,2015,7,,,,5251.109,5251.109,2015-07-01,Other,0.0,None,Regular,Q3,July,Northern
TWN,2015,8,,,,5252.613,5252.613,2015-08-01,Other,3.0,"Father's Day, Chinese Valentine's Day, Hungry Ghost Festival",Summer_Holidays,Q3,August,Northern
TWN,2015,9,,,,4625.343,4625.343,2015-09-01,Other,5.0,"Armed Forces Day, Teachers' Day, Mid-Autumn Festival holiday",Regular,Q3,September,Northern
TWN,2015,10,,,,5040.49,5040.49,2015-10-01,Other,6.0,"Double Ninth Day, Overseas Chinese Day, Taiwan's Retrocession Day",Regular,Q4,October,Northern
TWN,2015,11,,,,4815.013,4815.013,2015-11-01,Other,1.0,Sun Yat-sen's Birthday,Regular,Q4,November,Northern
TWN,2015,12,,,,4869.986,4869.986,2015-12-01,Other,3.0,"Dongzh?? Festival, Christmas Day, Constitution Day",Winter_Holidays,Q4,December,Northern
TWN,2016,1,,,,4863.934,4863.934,2016-01-01,Other,0.0,None,Regular,Q1,January,Northern
TWN,2016,2,,,,5195.484,5195.484,2016-02-01,Other,11.0,"Farmer's Day, Lantern Festival, Tourism Day",Regular,Q1,February,Northern
TWN,2016,3,,,,5094.498,5094.498,2016-03-01,Other,6.0,"International Women's Day, Earth God's Birthday, Arbor Day",Spring_Holidays,Q1,March,Northern
TWN,2016,4,,,,5281.101,5281.101,2016-04-01,Other,4.0,"God of Medicine's Birthday, Matsu's Birthday, Children's Day",Spring_Holidays,Q2,April,Northern
TWN,2016,5,,,,5362.23,5362.23,2016-05-01,Other,5.0,"Literary Day, Mother's Day, Buddha's Birthday",Regular,Q2,May,Northern
TWN,2016,6,,,,5507.454,5507.454,2016-06-01,Other,5.0,"Opium Suppression Movement Day, Chen Huang's Birthday, Kuan Kung's Birthday",Regular,Q2,June,Northern
TWN,2016,7,,,,5864.339,5864.339,2016-07-01,Other,0.0,None,Regular,Q3,July,Northern
TWN,2016,8,,,,5565.942,5565.942,2016-08-01,Other,3.0,"Father's Day, Chinese Valentine's Day, Hungry Ghost Festival",Summer_Holidays,Q3,August,Northern
TWN,2016,9,,,,4937.198,4937.198,2016-09-01,Other,3.0,"Armed Forces Day, Teachers' Day, Mid-Autumn Festival",Regular,Q3,September,Northern
TWN,2016,10,,,,5186.552,5186.552,2016-10-01,Other,5.0,"Double Ninth Day, Overseas Chinese Day, Taiwan's Retrocession Day",Regular,Q4,October,Northern
TWN,2016,11,,,,4948.23,4948.23,2016-11-01,Other,2.0,"Sun Yat-sen's Birthday, Saisiat Festival",Regular,Q4,November,Northern
TWN,2016,12,,,,5180.754,5180.754,2016-12-01,Other,3.0,"Dongzh?? Festival, Christmas Day, Constitution Day",Winter_Holidays,Q4,December,Northern
TWN,2017,1,,,,5203.157,5203.157,2017-01-01,Other,6.0,"Republic Day/New Year's Day observed, Chinese New Year's Eve, Chinese New Year's Day",Winter_Holidays,Q1,January,Northern
TWN,2017,2,,,,4942.651,4942.651,2017-02-01,Other,8.0,"Farmer's Day, Lantern Festival, Tourism Day",Regular,Q1,February,Northern
TWN,2017,3,,,,5186.336,5186.336,2017-03-01,Other,4.0,"International Women's Day, Arbor Day, Kuan Yin's Birthday",Spring_Holidays,Q1,March,Northern
TWN,2017,4,,,,5587.3,5587.3,2017-04-01,Other,5.0,"God of Medicine's Birthday, Easter Sunday, Matsu's Birthday",Spring_Holidays,Q2,April,Northern
TWN,2017,5,,,,5699.015,5699.015,2017-05-01,Other,5.0,"Buddha's Birthday, Literary Day, Mother's Day",Regular,Q2,May,Northern
TWN,2017,6,,,,5604.685,5604.685,2017-06-01,Other,3.0,"Opium Suppression Movement Day, Chen Huang's Birthday, Kuan Kung's Birthday",Regular,Q2,June,Northern
TWN,2017,7,,,,5944.748,5944.748,2017-07-01,Other,0.0,None,Regular,Q3,July,Northern
TWN,2017,8,,,,5966.32,5966.32,2017-08-01,Other,2.0,"Father's Day, Chinese Valentine's Day",Summer_Holidays,Q3,August,Northern
TWN,2017,9,,,,4983.202,4983.202,2017-09-01,Other,3.0,"Armed Forces Day, Hungry Ghost Festival, Teachers' Day",Regular,Q3,September,Northern
TWN,2017,10,,,,5674.455,5674.455,2017-10-01,Other,6.0,"Overseas Chinese Day, Taiwan's Retrocession Day, Double Ninth Day",Regular,Q4,October,Northern
TWN,2017,11,,,,5380.344,5380.344,2017-11-01,Other,1.0,Sun Yat-sen's Birthday,Regular,Q4,November,Northern
TWN,2017,12,,,,5536.856,5536.856,2017-12-01,Other,3.0,"Dongzh?? Festival, Christmas Day, Constitution Day",Winter_Holidays,Q4,December,Northern
UKR,2010,1,,,,554.659,554.659,2010-01-01,Other,4.0,"Orthodox New Year, Ukrainian Unity Day, Tatiana Day",Winter_Holidays,Q1,January,Northern
UKR,2010,2,,,,474.482,474.482,2010-02-01,Other,2.0,"Valentine's Day, Men's Day",Regular,Q1,February,Northern
UKR,2010,3,,,,597.228,597.228,2010-03-01,Other,2.0,"Cultural Workers and Folk Artists Day, International Women's Day",Spring_Holidays,Q1,March,Northern
UKR,2010,4,,,,626.854,626.854,2010-04-01,Other,3.0,"April Fools, Orthodox Easter Day, Orthodox Easter Day holiday",Spring_Holidays,Q2,April,Northern
UKR,2010,5,,,,881.789,881.789,2010-05-01,Other,9.0,"Mother's Day, Europe Day, Kiev Day",Regular,Q2,May,Northern
UKR,2010,6,,,,998.511,998.511,2010-06-01,Other,1.0,Constitution Day,Regular,Q2,June,Northern
UKR,2010,7,,,,1180.515,1180.515,2010-07-01,Other,2.0,"Kupala Night, Baptism of Kyivan Rus",Summer_Holidays,Q3,July,Northern
UKR,2010,8,,,,1241.955,1241.955,2010-08-01,Other,1.0,Independence Day,Summer_Holidays,Q3,August,Northern
UKR,2010,9,,,,1083.223,1083.223,2010-09-01,Other,0.0,None,Regular,Q3,September,Northern
UKR,2010,10,,,,880.836,880.836,2010-10-01,Other,1.0,Teacher's Day,Regular,Q4,October,Northern
UKR,2010,11,,,,705.555,705.555,2010-11-01,Other,0.0,None,Regular,Q4,November,Northern
UKR,2010,12,,,,693.965,693.965,2010-12-01,Other,2.0,"Army Day, St. Nicholas Day",Winter_Holidays,Q4,December,Northern
UKR,2011,1,,,,687.833,687.833,2011-01-01,Other,5.0,"Orthodox New Year, Ukrainian Unity Day, Tatiana Day",Winter_Holidays,Q1,January,Northern
UKR,2011,2,,,,572.972,572.972,2011-02-01,Other,2.0,"Valentine's Day, Men's Day",Regular,Q1,February,Northern
UKR,2011,3,,,,720.968,720.968,2011-03-01,Other,2.0,"Cultural Workers and Folk Artists Day, International Women's Day",Spring_Holidays,Q1,March,Northern
UKR,2011,4,,,,791.24,791.24,2011-04-01,Other,3.0,"April Fools, Orthodox Easter Day, Orthodox Easter Day holiday",Spring_Holidays,Q2,April,Northern
UKR,2011,5,,,,994.646,994.646,2011-05-01,Other,6.0,"Mother's Day, Europe Day, Kiev Day",Regular,Q2,May,Northern
UKR,2011,6,,,,1142.896,1142.896,2011-06-01,Other,3.0,"Orthodox Pentecost, Orthodox Pentecost holiday, Constitution Day",Regular,Q2,June,Northern
UKR,2011,7,,,,1359.059,1359.059,2011-07-01,Other,3.0,"Kupala Night, Family Day, Baptism of Kyivan Rus",Summer_Holidays,Q3,July,Northern
UKR,2011,8,,,,1422.347,1422.347,2011-08-01,Other,2.0,"Navy Day, Independence Day",Summer_Holidays,Q3,August,Northern
UKR,2011,9,,,,1278.016,1278.016,2011-09-01,Other,0.0,None,Regular,Q3,September,Northern
UKR,2011,10,,,,1053.604,1053.604,2011-10-01,Other,1.0,Teacher's Day,Regular,Q4,October,Northern
UKR,2011,11,,,,829.499,829.499,2011-11-01,Other,0.0,None,Regular,Q4,November,Northern
UKR,2011,12,,,,825.955,825.955,2011-12-01,Other,2.0,"Army Day, St. Nicholas Day",Winter_Holidays,Q4,December,Northern
UKR,2012,1,,,,670.648,670.648,2012-01-01,Other,6.0,"Orthodox New Year, Ukrainian Unity Day, Tatiana Day",Winter_Holidays,Q1,January,Northern
UKR,2012,2,,,,560.234,560.234,2012-02-01,Other,2.0,"Valentine's Day, Men's Day",Regular,Q1,February,Northern
UKR,2012,3,,,,672.662,672.662,2012-03-01,Other,1.0,International Women's Day,Spring_Holidays,Q1,March,Northern
UKR,2012,4,,,,747.641,747.641,2012-04-01,Other,3.0,"April Fools, Orthodox Easter Day, Orthodox Easter Day holiday",Spring_Holidays,Q2,April,Northern
UKR,2012,5,,,,893.282,893.282,2012-05-01,Other,6.0,"Mother's Day, Europe Day, Kiev Day",Regular,Q2,May,Northern
UKR,2012,6,,,,1097.982,1097.982,2012-06-01,Other,3.0,"Orthodox Pentecost, Orthodox Pentecost holiday, Constitution Day",Regular,Q2,June,Northern
UKR,2012,7,,,,1167.516,1167.516,2012-07-01,Other,4.0,"Navy Day, Kupala Night, Family Day",Summer_Holidays,Q3,July,Northern
UKR,2012,8,,,,1198.667,1198.667,2012-08-01,Other,1.0,Independence Day,Summer_Holidays,Q3,August,Northern
UKR,2012,9,,,,1098.664,1098.664,2012-09-01,Other,0.0,None,Regular,Q3,September,Northern
UKR,2012,10,,,,861.866,861.866,2012-10-01,Other,1.0,Teacher's Day,Regular,Q4,October,Northern
UKR,2012,11,,,,698.603,698.603,2012-11-01,Other,1.0,Cultural Workers and Folk Artists Day,Regular,Q4,November,Northern
UKR,2012,12,,,,663.532,663.532,2012-12-01,Other,2.0,"Army Day, St. Nicholas Day",Winter_Holidays,Q4,December,Northern
UKR,2013,1,,,,586.115,586.115,2013-01-01,Other,4.0,"Orthodox New Year, Ukrainian Unity Day, Tatiana Day",Winter_Holidays,Q1,January,Northern
UKR,2013,2,,,,459.351,459.351,2013-02-01,Other,2.0,"Valentine's Day, Men's Day",Regular,Q1,February,Northern
UKR,2013,3,,,,568.278,568.278,2013-03-01,Other,1.0,International Women's Day,Spring_Holidays,Q1,March,Northern
UKR,2013,4,,,,678.254,678.254,2013-04-01,Other,1.0,April Fools,Spring_Holidays,Q2,April,Northern
UKR,2013,5,,,,908.569,908.569,2013-05-01,Other,8.0,"Mother's Day, Europe Day, Kiev Day",Regular,Q2,May,Northern
UKR,2013,6,,,,1001.943,1001.943,2013-06-01,Other,3.0,"Orthodox Pentecost, Orthodox Pentecost holiday, Constitution Day",Regular,Q2,June,Northern
UKR,2013,7,,,,1118.847,1118.847,2013-07-01,Other,4.0,"Kupala Night, Navy Day, Family Day",Summer_Holidays,Q3,July,Northern
UKR,2013,8,,,,1193.619,1193.619,2013-08-01,Other,2.0,"Independence Day, Independence Day observed",Summer_Holidays,Q3,August,Northern
UKR,2013,9,,,,1102.473,1102.473,2013-09-01,Other,0.0,None,Regular,Q3,September,Northern
UKR,2013,10,,,,894.898,894.898,2013-10-01,Other,1.0,Teacher's Day,Regular,Q4,October,Northern
UKR,2013,11,,,,835.074,835.074,2013-11-01,Other,1.0,Cultural Workers and Folk Artists Day,Regular,Q4,November,Northern
UKR,2013,12,,,,800.245,800.245,2013-12-01,Other,2.0,"Army Day, St. Nicholas Day",Winter_Holidays,Q4,December,Northern
UKR,2014,1,,,,903.566,903.566,2014-01-01,Other,9.0,"Special Working Day, Orthodox New Year, Ukrainian Unity Day",Winter_Holidays,Q1,January,Northern
UKR,2014,2,,,,713.559,713.559,2014-02-01,Other,3.0,"Special Working Day, Valentine's Day, Men's Day",Regular,Q1,February,Northern
UKR,2014,3,,,,684.977,684.977,2014-03-01,Other,2.0,"International Women's Day, International Women's Day observed",Spring_Holidays,Q1,March,Northern
UKR,2014,4,,,,705.55,705.55,2014-04-01,Other,3.0,"April Fools, Orthodox Easter Day, Orthodox Easter Day holiday",Spring_Holidays,Q2,April,Northern
UKR,2014,5,,,,849.981,849.981,2014-05-01,Other,6.0,"Mother's Day, Europe Day, Kiev Day",Regular,Q2,May,Northern
UKR,2014,6,,,,975.567,975.567,2014-06-01,Other,4.0,"Orthodox Pentecost, Orthodox Pentecost holiday, Constitution Day",Regular,Q2,June,Northern
UKR,2014,7,,,,1120.466,1120.466,2014-07-01,Other,4.0,"Navy Day, Kupala Night, Family Day",Summer_Holidays,Q3,July,Northern
UKR,2014,8,,,,1134.522,1134.522,2014-08-01,Other,2.0,"Independence Day, Independence Day observed",Summer_Holidays,Q3,August,Northern
UKR,2014,9,,,,943.497,943.497,2014-09-01,Other,0.0,None,Regular,Q3,September,Northern
UKR,2014,10,,,,821.156,821.156,2014-10-01,Other,2.0,"Teacher's Day, Defenders' Day",Regular,Q4,October,Northern
UKR,2014,11,,,,722.473,722.473,2014-11-01,Other,2.0,"Cultural Workers and Folk Artists Day, Dignity and Freedom Day",Regular,Q4,November,Northern
UKR,2014,12,,,,742.692,742.692,2014-12-01,Other,2.0,"Army Day, St. Nicholas Day",Winter_Holidays,Q4,December,Northern
UKR,2015,1,,,,726.482,726.482,2015-01-01,Other,9.0,"Special Working Day, Orthodox New Year, Ukrainian Unity Day",Winter_Holidays,Q1,January,Northern
UKR,2015,2,,,,581.697,581.697,2015-02-01,Other,2.0,"Special Working Day, Valentine's Day",Regular,Q1,February,Northern
UKR,2015,3,,,,663.613,663.613,2015-03-01,Other,2.0,"International Women's Day, International Women's Day observed",Spring_Holidays,Q1,March,Northern
UKR,2015,4,,,,743.414,743.414,2015-04-01,Other,3.0,"April Fools, Orthodox Easter Day, Orthodox Easter Day holiday",Spring_Holidays,Q2,April,Northern
UKR,2015,5,,,,884.771,884.771,2015-05-01,Other,8.0,"Mother's Day, Europe Day, Kiev Day",Regular,Q2,May,Northern
UKR,2015,6,,,,1012.711,1012.711,2015-06-01,Other,3.0,"Orthodox Pentecost holiday, Constitution Day, Constitution Day observed",Regular,Q2,June,Northern
UKR,2015,7,,,,1162.286,1162.286,2015-07-01,Other,4.0,"Navy Day, Kupala Night, Family Day",Summer_Holidays,Q3,July,Northern
UKR,2015,8,,,,1212.71,1212.71,2015-08-01,Other,1.0,Independence Day,Summer_Holidays,Q3,August,Northern
UKR,2015,9,,,,1001.497,1001.497,2015-09-01,Other,0.0,None,Regular,Q3,September,Northern
UKR,2015,10,,,,854.603,854.603,2015-10-01,Other,2.0,"Teacher's Day, Defenders' Day",Regular,Q4,October,Northern
UKR,2015,11,,,,667.643,667.643,2015-11-01,Other,2.0,"Cultural Workers and Folk Artists Day, Dignity and Freedom Day",Regular,Q4,November,Northern
UKR,2015,12,,,,670.672,670.672,2015-12-01,Other,2.0,"Army Day, St. Nicholas Day",Winter_Holidays,Q4,December,Northern
UKR,2016,1,,,,668.301,668.301,2016-01-01,Other,6.0,"Special Working Day, Orthodox New Year, Ukrainian Unity Day",Winter_Holidays,Q1,January,Northern
UKR,2016,2,,,,598.986,598.986,2016-02-01,Other,1.0,Valentine's Day,Regular,Q1,February,Northern
UKR,2016,3,,,,683.876,683.876,2016-03-01,Other,1.0,International Women's Day,Spring_Holidays,Q1,March,Northern
UKR,2016,4,,,,759.713,759.713,2016-04-01,Other,1.0,April Fools,Spring_Holidays,Q2,April,Northern
UKR,2016,5,,,,851.959,851.959,2016-05-01,Other,8.0,"Mother's Day, Europe Day, Kiev Day",Regular,Q2,May,Northern
UKR,2016,6,,,,984.317,984.317,2016-06-01,Other,3.0,"Orthodox Pentecost, Orthodox Pentecost holiday, Constitution Day",Regular,Q2,June,Northern
UKR,2016,7,,,,1070.666,1070.666,2016-07-01,Other,4.0,"Navy Day, Kupala Night, Family Day",Summer_Holidays,Q3,July,Northern
UKR,2016,8,,,,1102.977,1102.977,2016-08-01,Other,1.0,Independence Day,Summer_Holidays,Q3,August,Northern
UKR,2016,9,,,,1072.482,1072.482,2016-09-01,Other,0.0,None,Regular,Q3,September,Northern
UKR,2016,10,,,,1037.67,1037.67,2016-10-01,Other,2.0,"Teacher's Day, Defenders' Day",Regular,Q4,October,Northern
UKR,2016,11,,,,204.88,204.88,2016-11-01,Other,2.0,"Cultural Workers and Folk Artists Day, Dignity and Freedom Day",Regular,Q4,November,Northern
UKR,2016,12,,,,932.762,932.762,2016-12-01,Other,2.0,"Army Day, St. Nicholas Day",Winter_Holidays,Q4,December,Northern
UKR,2017,1,,,,909.753,909.753,2017-01-01,Other,7.0,"Orthodox New Year, Ukrainian Unity Day, Tatiana Day",Winter_Holidays,Q1,January,Northern
UKR,2017,2,,,,769.683,769.683,2017-02-01,Other,1.0,Valentine's Day,Regular,Q1,February,Northern
UKR,2017,3,,,,891.856,891.856,2017-03-01,Other,1.0,International Women's Day,Spring_Holidays,Q1,March,Northern
UKR,2017,4,,,,1017.165,1017.165,2017-04-01,Other,3.0,"April Fools, Orthodox Easter Day, Orthodox Easter Day holiday",Spring_Holidays,Q2,April,Northern
UKR,2017,5,,,,1116.721,1116.721,2017-05-01,Other,6.0,"Mother's Day, Europe Day, Kiev Day",Regular,Q2,May,Northern
UKR,2017,6,,,,1125.571,1125.571,2017-06-01,Other,3.0,"Orthodox Pentecost, Orthodox Pentecost holiday, Constitution Day",Regular,Q2,June,Northern
UKR,2017,7,,,,1403.232,1403.232,2017-07-01,Other,4.0,"Navy Day, Kupala Night, Family Day",Summer_Holidays,Q3,July,Northern
UKR,2017,8,,,,1255.367,1255.367,2017-08-01,Other,1.0,Independence Day,Summer_Holidays,Q3,August,Northern
UKR,2017,9,,,,1179.95,1179.95,2017-09-01,Other,0.0,None,Regular,Q3,September,Northern
UKR,2017,10,,,,1148.587,1148.587,2017-10-01,Other,2.0,"Teacher's Day, Defenders' Day",Regular,Q4,October,Northern
UKR,2017,11,,,,913.503,913.503,2017-11-01,Other,2.0,"Cultural Workers and Folk Artists Day, Dignity and Freedom Day",Regular,Q4,November,Northern
UKR,2017,12,,,,955.303,955.303,2017-12-01,Other,3.0,"Army Day, St. Nicholas Day, Catholic Christmas Day",Winter_Holidays,Q4,December,Northern
URY,2010,1,,,,234.323,234.323,2010-01-01,Latin America,0.0,None,Regular,Q1,January,Southern
URY,2010,2,,,,186.204,186.204,2010-02-01,Latin America,0.0,None,Regular,Q1,February,Southern
URY,2010,3,,,,166.588,166.588,2010-03-01,Latin America,0.0,None,Regular,Q1,March,Southern
URY,2010,4,,,,160.028,160.028,2010-04-01,Latin America,0.0,None,Regular,Q2,April,Southern
URY,2010,5,,,,145.953,145.953,2010-05-01,Latin America,2.0,"Battle of Las Piedras, Labor Day / May Day",Regular,Q2,May,Southern
URY,2010,6,,,,165.027,165.027,2010-06-01,Latin America,0.0,None,Regular,Q2,June,Southern
URY,2010,7,,,,181.493,181.493,2010-07-01,Latin America,1.0,Constitution Day,Summer_Holidays,Q3,July,Southern
URY,2010,8,,,,166.763,166.763,2010-08-01,Latin America,1.0,Independence Day,Summer_Holidays,Q3,August,Southern
URY,2010,9,,,,176.672,176.672,2010-09-01,Latin America,0.0,None,Regular,Q3,September,Southern
URY,2010,10,,,,199.545,199.545,2010-10-01,Latin America,0.0,None,Regular,Q4,October,Southern
URY,2010,11,,,,175.589,175.589,2010-11-01,Latin America,0.0,None,Regular,Q4,November,Southern
URY,2010,12,,,,203.068,203.068,2010-12-01,Latin America,2.0,"New Year's Eve, Christmas Day",Winter_Holidays,Q4,December,Southern
URY,2011,1,,,,311.447,311.447,2011-01-01,Latin America,0.0,None,Regular,Q1,January,Southern
URY,2011,2,,,,262.788,262.788,2011-02-01,Latin America,0.0,None,Regular,Q1,February,Southern
URY,2011,3,,,,229.932,229.932,2011-03-01,Latin America,0.0,None,Regular,Q1,March,Southern
URY,2011,4,,,,202.077,202.077,2011-04-01,Latin America,0.0,None,Regular,Q2,April,Southern
URY,2011,5,,,,194.616,194.616,2011-05-01,Latin America,2.0,"Battle of Las Piedras, Labor Day / May Day",Regular,Q2,May,Southern
URY,2011,6,,,,153.437,153.437,2011-06-01,Latin America,0.0,None,Regular,Q2,June,Southern
URY,2011,7,,,,211.108,211.108,2011-07-01,Latin America,1.0,Constitution Day,Summer_Holidays,Q3,July,Southern
URY,2011,8,,,,204.868,204.868,2011-08-01,Latin America,1.0,Independence Day,Summer_Holidays,Q3,August,Southern
URY,2011,9,,,,201.99,201.99,2011-09-01,Latin America,0.0,None,Regular,Q3,September,Southern
URY,2011,10,,,,201.183,201.183,2011-10-01,Latin America,0.0,None,Regular,Q4,October,Southern
URY,2011,11,,,,205.528,205.528,2011-11-01,Latin America,0.0,None,Regular,Q4,November,Southern
URY,2011,12,,,,226.625,226.625,2011-12-01,Latin America,2.0,"New Year's Eve, Christmas Day",Winter_Holidays,Q4,December,Southern
URY,2012,1,,,,258.039,258.039,2012-01-01,Latin America,0.0,None,Regular,Q1,January,Southern
URY,2012,2,,,,259.681,259.681,2012-02-01,Latin America,0.0,None,Regular,Q1,February,Southern
URY,2012,3,,,,239.177,239.177,2012-03-01,Latin America,0.0,None,Regular,Q1,March,Southern
URY,2012,4,,,,219.287,219.287,2012-04-01,Latin America,0.0,None,Regular,Q2,April,Southern
URY,2012,5,,,,192.868,192.868,2012-05-01,Latin America,2.0,"Battle of Las Piedras, Labor Day / May Day",Regular,Q2,May,Southern
URY,2012,6,,,,76.672,76.672,2012-06-01,Latin America,0.0,None,Regular,Q2,June,Southern
URY,2012,7,,,,110.182,110.182,2012-07-01,Latin America,1.0,Constitution Day,Summer_Holidays,Q3,July,Southern
URY,2012,8,,,,110.062,110.062,2012-08-01,Latin America,1.0,Independence Day,Summer_Holidays,Q3,August,Southern
URY,2012,9,,,,91.454,91.454,2012-09-01,Latin America,0.0,None,Regular,Q3,September,Southern
URY,2012,10,,,,90.977,90.977,2012-10-01,Latin America,0.0,None,Regular,Q4,October,Southern
USA,2010,1,53043.0,45720.0,7323.0,95385.98334,53043.0,2010-01-01,North America,3.0,"Stephen Foster Memorial Day, Kansas Day, Martin Luther King Jr. Day",Winter_Holidays,Q1,January,Northern
USA,2010,2,49091.0,42634.0,6456.0,87789.55647,49091.0,2010-02-01,North America,11.0,"Rosa Parks Day, Statehood Day, Susan B. Anthony's Birthday",Regular,Q1,February,Northern
USA,2010,3,62735.0,54673.0,8062.0,111729.6089,62735.0,2010-03-01,North America,4.0,"Casimir Pulaski Day, Maryland Day, Read Across America Day",Spring_Holidays,Q1,March,Northern
USA,2010,4,60145.0,52738.0,7407.0,108069.15,60145.0,2010-04-01,North America,9.0,"National Library Workers' Day, Take our Daughters and Sons to Work Day, Pascua Florida Day",Spring_Holidays,Q2,April,Northern
USA,2010,5,61941.0,54078.0,7863.0,111643.1055,61941.0,2010-05-01,North America,18.0,"Lei Day, Kent State Shootings Remembrance, Rhode Island Independence Day",Regular,Q2,May,Northern
USA,2010,6,65515.0,56939.0,8576.0,117370.3649,65515.0,2010-06-01,North America,9.0,"Statehood Day, Jefferson Davis' Birthday, Bunker Hill Day",Regular,Q2,June,Northern
USA,2010,7,69078.0,59417.0,9662.0,123363.848,69078.0,2010-07-01,North America,6.0,"Nathan Bedford Forrest Day, Bastille Day, Parents' Day",Summer_Holidays,Q3,July,Northern
USA,2010,8,66814.0,57645.0,9170.0,119523.491,66814.0,2010-08-01,North America,6.0,"Colorado Day, Coast Guard Birthday, Purple Heart Day",Summer_Holidays,Q3,August,Northern
USA,2010,9,57842.0,50601.0,7241.0,104497.052,57842.0,2010-09-01,North America,11.0,"California Admission Day, Emancipation Day, Native American Day",Regular,Q3,September,Northern
USA,2010,10,62648.0,55146.0,7501.0,113177.638,62648.0,2010-10-01,North America,9.0,"Indigenous People's Day, Native Americans' Day, Child Health Day",Regular,Q4,October,Northern
USA,2010,11,58653.0,51719.0,6934.0,105820.322,58653.0,2010-11-01,North America,6.0,"Diwali/Deepavali, Marine Corps Birthday, Black Friday",Regular,Q4,November,Northern
USA,2010,12,59040.0,51330.0,7711.0,106451.632,59040.0,2010-12-01,North America,12.0,"Rosa Parks Day, St Nicholas Day, Pearl Harbor Remembrance Day",Winter_Holidays,Q4,December,Northern
USA,2011,1,54179.0,46542.0,7636.0,98398.146,54179.0,2011-01-01,North America,3.0,"Stephen Foster Memorial Day, Kansas Day, Martin Luther King Jr. Day",Winter_Holidays,Q1,January,Northern
USA,2011,2,50554.0,43882.0,6672.0,90962.878,50554.0,2011-02-01,North America,11.0,"Rosa Parks Day, Statehood Day, Susan B. Anthony's Birthday",Regular,Q1,February,Northern
USA,2011,3,64164.0,55948.0,8216.0,115608.226,64164.0,2011-03-01,North America,4.0,"Casimir Pulaski Day, Maryland Day, Read Across America Day",Spring_Holidays,Q1,March,Northern
USA,2011,4,61033.0,53110.0,7924.0,111450.931,61033.0,2011-04-01,North America,10.0,"National Library Workers' Day, Take our Daughters and Sons to Work Day, Pascua Florida Day observed",Spring_Holidays,Q2,April,Northern
USA,2011,5,64348.0,56225.0,8123.0,117691.731,64348.0,2011-05-01,North America,19.0,"Lei Day, Kent State Shootings Remembrance, Rhode Island Independence Day",Regular,Q2,May,Northern
USA,2011,6,66777.0,58041.0,8736.0,121268.441,66777.0,2011-06-01,North America,9.0,"Statehood Day, Jefferson Davis' Birthday, Bunker Hill Day",Regular,Q2,June,Northern
USA,2011,7,70590.0,60596.0,9993.0,127023.415,70590.0,2011-07-01,North America,5.0,"Nathan Bedford Forrest Day, Bastille Day, Parents' Day",Summer_Holidays,Q3,July,Northern
USA,2011,8,66953.0,57720.0,9233.0,121357.938,66953.0,2011-08-01,North America,6.0,"Colorado Day, Coast Guard Birthday, Purple Heart Day",Summer_Holidays,Q3,August,Northern
USA,2011,9,58629.0,51320.0,7309.0,107700.594,58629.0,2011-09-01,North America,12.0,"California Admission Day, Emancipation Day, Native American Day",Regular,Q3,September,Northern
USA,2011,10,61750.0,54451.0,7299.0,113386.779,61750.0,2011-10-01,North America,10.0,"Indigenous People's Day, Native Americans' Day, Child Health Day",Regular,Q4,October,Northern
USA,2011,11,58822.0,51961.0,6861.0,107318.256,58822.0,2011-11-01,North America,5.0,"Marine Corps Birthday, Black Friday, Cyber Monday",Regular,Q4,November,Northern
USA,2011,12,59594.0,51779.0,7815.0,108081.871,59594.0,2011-12-01,North America,11.0,"Rosa Parks Day, St Nicholas Day, Pearl Harbor Remembrance Day",Winter_Holidays,Q4,December,Northern
USA,2012,1,54929.0,47291.0,7638.0,99688.135,54929.0,2012-01-01,North America,5.0,"Stephen Foster Memorial Day, Chinese New Year, Kansas Day",Winter_Holidays,Q1,January,Northern
USA,2012,2,53576.0,46624.0,6952.0,97230.042,53576.0,2012-02-01,North America,10.0,"Rosa Parks Day, Statehood Day, Susan B. Anthony's Birthday",Regular,Q1,February,Northern
USA,2012,3,65008.0,56458.0,8549.0,117293.49,65008.0,2012-03-01,North America,6.0,"Casimir Pulaski Day, Maryland Day, Maryland Day observed",Spring_Holidays,Q1,March,Northern
USA,2012,4,61992.0,53912.0,8080.0,113628.104,61992.0,2012-04-01,North America,9.0,"National Library Workers' Day, Take our Daughters and Sons to Work Day, Pascua Florida Day",Spring_Holidays,Q2,April,Northern
USA,2012,5,64126.0,55951.0,8175.0,117710.019,64126.0,2012-05-01,North America,19.0,"Lei Day, Kent State Shootings Remembrance, Rhode Island Independence Day",Regular,Q2,May,Northern
USA,2012,6,67144.0,58136.0,9007.0,122529.382,67144.0,2012-06-01,North America,9.0,"Statehood Day, Jefferson Davis' Birthday, Bunker Hill Day",Regular,Q2,June,Northern
USA,2012,7,69802.0,59909.0,9892.0,126497.23,69802.0,2012-07-01,North America,5.0,"Nathan Bedford Forrest Day, Bastille Day, Parents' Day",Summer_Holidays,Q3,July,Northern
USA,2012,8,68366.0,58923.0,9441.0,124301.749,68366.0,2012-08-01,North America,6.0,"Colorado Day, Coast Guard Birthday, Purple Heart Day",Summer_Holidays,Q3,August,Northern
USA,2012,9,57935.0,50429.0,7507.0,106811.818,57935.0,2012-09-01,North America,11.0,"California Admission Day, Emancipation Day, Native American Day",Regular,Q3,September,Northern
USA,2012,10,61412.0,54062.0,7351.0,112695.797,61412.0,2012-10-01,North America,9.0,"Indigenous People's Day, Native Americans' Day, Child Health Day",Regular,Q4,October,Northern
USA,2012,11,59208.0,52099.0,7108.0,108648.615,59208.0,2012-11-01,North America,7.0,"Election Day, Marine Corps Birthday, Diwali/Deepavali",Regular,Q4,November,Northern
USA,2012,12,59324.0,51347.0,7977.0,108226.975,59324.0,2012-12-01,North America,10.0,"Rosa Parks Day, St Nicholas Day, Pearl Harbor Remembrance Day",Winter_Holidays,Q4,December,Northern
USA,2013,1,55797.0,48011.0,7786.0,101821.282,55797.0,2013-01-01,North America,3.0,"Stephen Foster Memorial Day, Kansas Day, Martin Luther King Jr. Day",Winter_Holidays,Q1,January,Northern
USA,2013,2,52891.0,45908.0,6982.0,95393.059,52891.0,2013-02-01,North America,11.0,"Rosa Parks Day, Statehood Day, Susan B. Anthony's Birthday",Regular,Q1,February,Northern
USA,2013,3,65540.0,56764.0,8776.0,119326.253,65540.0,2013-03-01,North America,4.0,"Casimir Pulaski Day, Maryland Day, Employee Appreciation Day",Spring_Holidays,Q1,March,Northern
USA,2013,4,61418.0,53423.0,7995.0,112837.389,61418.0,2013-04-01,North America,9.0,"National Library Workers' Day, Take our Daughters and Sons to Work Day, Pascua Florida Day",Spring_Holidays,Q2,April,Northern
USA,2013,5,65208.0,56760.0,8448.0,119482.586,65208.0,2013-05-01,North America,19.0,"Lei Day, Kent State Shootings Remembrance, Rhode Island Independence Day",Regular,Q2,May,Northern
USA,2013,6,67517.0,58186.0,9330.0,123048.86,67517.0,2013-06-01,North America,9.0,"Statehood Day, Jefferson Davis' Birthday, Bunker Hill Day",Regular,Q2,June,Northern
USA,2013,7,69726.0,59509.0,10218.0,126842.247,69726.0,2013-07-01,North America,5.0,"Nathan Bedford Forrest Day, Bastille Day, National Korean War Veterans Armistice Day",Summer_Holidays,Q3,July,Northern
USA,2013,8,68231.0,58373.0,9858.0,124646.02,68231.0,2013-08-01,North America,6.0,"Colorado Day, Coast Guard Birthday, Purple Heart Day",Summer_Holidays,Q3,August,Northern
USA,2013,9,58648.0,51037.0,7611.0,107683.7,58648.0,2013-09-01,North America,11.0,"California Admission Day, Emancipation Day, Native American Day",Regular,Q3,September,Northern
USA,2013,10,62622.0,54961.0,7661.0,115801.571,62622.0,2013-10-01,North America,9.0,"Indigenous People's Day, Native Americans' Day, Child Health Day",Regular,Q4,October,Northern
USA,2013,11,58020.0,50766.0,7255.0,106699.242,58020.0,2013-11-01,North America,5.0,"Diwali/Deepavali, Marine Corps Birthday, Black Friday",Regular,Q4,November,Northern
USA,2013,12,62919.0,54551.0,8368.0,115791.42,62919.0,2013-12-01,North America,11.0,"Rosa Parks Day, Cyber Monday, St Nicholas Day",Winter_Holidays,Q4,December,Northern
USA,2014,1,56265.0,48165.0,8100.0,102996.103,56265.0,2014-01-01,North America,4.0,"Stephen Foster Memorial Day, Kansas Day, Chinese New Year",Winter_Holidays,Q1,January,Northern
USA,2014,2,52843.0,45693.0,7150.0,96106.557,52843.0,2014-02-01,North America,11.0,"Rosa Parks Day, Lincoln's Birthday, Statehood Day",Regular,Q1,February,Northern
USA,2014,3,66911.0,57998.0,8913.0,121321.942,66911.0,2014-03-01,North America,4.0,"Casimir Pulaski Day, Maryland Day, Read Across America Day",Spring_Holidays,Q1,March,Northern
USA,2014,4,63883.0,55443.0,8442.0,117667.928,63883.0,2014-04-01,North America,10.0,"National Library Workers' Day, Take our Daughters and Sons to Work Day, Pascua Florida Day",Spring_Holidays,Q2,April,Northern
USA,2014,5,66912.0,58075.0,8836.0,122835.841,66912.0,2014-05-01,North America,21.0,"Lei Day, Kent State Shootings Remembrance, Rhode Island Independence Day",Regular,Q2,May,Northern
USA,2014,6,69069.0,59490.0,9579.0,125813.755,69069.0,2014-06-01,North America,9.0,"Statehood Day, Jefferson Davis' Birthday, Bunker Hill Day",Regular,Q2,June,Northern
USA,2014,7,72422.0,61958.0,10464.0,131168.267,72422.0,2014-07-01,North America,5.0,"Nathan Bedford Forrest Day, Bastille Day, National Korean War Veterans Armistice Day",Summer_Holidays,Q3,July,Northern
USA,2014,8,70057.0,60007.0,10050.0,128173.826,70057.0,2014-08-01,North America,6.0,"Colorado Day, Coast Guard Birthday, Purple Heart Day",Summer_Holidays,Q3,August,Northern
USA,2014,9,60444.0,52785.0,7659.0,111278.129,60444.0,2014-09-01,North America,11.0,"California Admission Day, Emancipation Day, Native American Day",Regular,Q3,September,Northern
USA,2014,10,64978.0,57359.0,7619.0,119926.253,64978.0,2014-10-01,North America,11.0,"Columbus Day, Indigenous People's Day, Native Americans' Day",Regular,Q4,October,Northern
USA,2014,11,60158.0,52824.0,7334.0,111327.141,60158.0,2014-11-01,North America,4.0,"Marine Corps Birthday, Black Friday, Veterans Day",Regular,Q4,November,Northern
USA,2014,12,64177.0,55691.0,8486.0,120260.888,64177.0,2014-12-01,North America,11.0,"Rosa Parks Day, Cyber Monday, St Nicholas Day",Winter_Holidays,Q4,December,Northern
USA,2015,1,58229.0,49917.0,8314.0,106296.95,58229.0,2015-01-01,North America,3.0,"Stephen Foster Memorial Day, Kansas Day, Martin Luther King Jr. Day",Winter_Holidays,Q1,January,Northern
USA,2015,2,54572.0,47337.0,7235.0,99599.885,54572.0,2015-02-01,North America,12.0,"Rosa Parks Day, Lincoln's Birthday, Statehood Day",Regular,Q1,February,Northern
USA,2015,3,68640.0,59753.0,8888.0,125402.715,68640.0,2015-03-01,North America,4.0,"Casimir Pulaski Day, Maryland Day, Read Across America Day",Spring_Holidays,Q1,March,Northern
USA,2015,4,66343.0,57882.0,8461.0,122461.244,66343.0,2015-04-01,North America,11.0,"National Library Workers' Day, Take our Daughters and Sons to Work Day, Pascua Florida Day",Spring_Holidays,Q2,April,Northern
USA,2015,5,69353.0,60449.0,8904.0,128811.239,69353.0,2015-05-01,North America,21.0,"Lei Day, Kent State Shootings Remembrance, Rhode Island Independence Day",Regular,Q2,May,Northern
USA,2015,6,71710.0,62011.0,9700.0,132841.587,71710.0,2015-06-01,North America,9.0,"Statehood Day, Jefferson Davis' Birthday, Bunker Hill Day",Regular,Q2,June,Northern
USA,2015,7,76191.0,65324.0,10866.0,140329.058,76191.0,2015-07-01,North America,6.0,"Nathan Bedford Forrest Day, Bastille Day, Parents' Day",Summer_Holidays,Q3,July,Northern
USA,2015,8,73366.0,62978.0,10388.0,135691.714,73366.0,2015-08-01,North America,6.0,"Colorado Day, Coast Guard Birthday, Purple Heart Day",Summer_Holidays,Q3,August,Northern
USA,2015,9,64189.0,56239.0,7951.0,119637.057,64189.0,2015-09-01,North America,11.0,"California Admission Day, Emancipation Day, Native American Day",Regular,Q3,September,Northern
USA,2015,10,69207.0,61157.0,8050.0,128590.933,69207.0,2015-10-01,North America,10.0,"Columbus Day, Indigenous People's Day, Native Americans' Day",Regular,Q4,October,Northern
USA,2015,11,64974.0,57366.0,7608.0,120680.679,64974.0,2015-11-01,North America,6.0,"Diwali/Deepavali, Marine Corps Birthday, Black Friday",Regular,Q4,November,Northern
USA,2015,12,66801.0,58041.0,8760.0,122907.624,66801.0,2015-12-01,North America,11.0,"Rosa Parks Day, St Nicholas Day, Pearl Harbor Remembrance Day",Winter_Holidays,Q4,December,Northern
USA,2016,1,61202.0,52642.0,8559.0,114394.533,61202.0,2016-01-01,North America,3.0,"Stephen Foster Memorial Day, Kansas Day, Martin Luther King Jr. Day",Winter_Holidays,Q1,January,Northern
USA,2016,2,58836.0,51265.0,7571.0,109807.277,58836.0,2016-02-01,North America,12.0,"Rosa Parks Day, Lincoln's Birthday, Statehood Day",Regular,Q1,February,Northern
USA,2016,3,70927.0,61763.0,9164.0,132326.38,70927.0,2016-03-01,North America,4.0,"Casimir Pulaski Day, Maryland Day, Read Across America Day",Spring_Holidays,Q1,March,Northern
USA,2016,4,67603.0,59045.0,8558.0,127403.668,67603.0,2016-04-01,North America,11.0,"National Library Workers' Day, Take our Daughters and Sons to Work Day, Pascua Florida Day observed",Spring_Holidays,Q2,April,Northern
USA,2016,5,71873.0,62909.0,8965.0,135959.523,71873.0,2016-05-01,North America,21.0,"Lei Day, Kent State Shootings Remembrance, Rhode Island Independence Day",Regular,Q2,May,Northern
USA,2016,6,74886.0,64923.0,9962.0,140430.217,74886.0,2016-06-01,North America,9.0,"Statehood Day, Jefferson Davis' Birthday, Bunker Hill Day",Regular,Q2,June,Northern
USA,2016,7,77423.0,66299.0,11125.0,144653.172,77423.0,2016-07-01,North America,5.0,"Nathan Bedford Forrest Day, Bastille Day, Parents' Day",Summer_Holidays,Q3,July,Northern
USA,2016,8,73908.0,63686.0,10222.0,139427.402,73908.0,2016-08-01,North America,6.0,"Colorado Day, Coast Guard Birthday, Purple Heart Day",Summer_Holidays,Q3,August,Northern
USA,2016,9,66882.0,58882.0,8001.0,127668.875,66882.0,2016-09-01,North America,12.0,"California Admission Day, Emancipation Day, Native American Day",Regular,Q3,September,Northern
USA,2016,10,69986.0,61987.0,7999.0,132866.017,69986.0,2016-10-01,North America,11.0,"Columbus Day, Indigenous People's Day, Native Americans' Day",Regular,Q4,October,Northern
USA,2016,11,66963.0,59502.0,7461.0,126632.666,66963.0,2016-11-01,North America,6.0,"Election Day, Marine Corps Birthday, Black Friday",Regular,Q4,November,Northern
USA,2016,12,68272.0,59350.0,8922.0,128260.553,68272.0,2016-12-01,North America,11.0,"Rosa Parks Day, St Nicholas Day, Pearl Harbor Remembrance Day",Winter_Holidays,Q4,December,Northern
USA,2017,1,62949.0,54297.0,8652.0,117968.055,62949.0,2017-01-01,North America,6.0,"Stephen Foster Memorial Day, Chinese New Year, Kansas Day",Winter_Holidays,Q1,January,Northern
USA,2017,2,58667.0,51252.0,7415.0,109592.856,58667.0,2017-02-01,North America,11.0,"Rosa Parks Day, Lincoln's Birthday, Statehood Day",Regular,Q1,February,Northern
USA,2017,3,73321.0,64181.0,9140.0,136189.894,73321.0,2017-03-01,North America,5.0,"Casimir Pulaski Day, Maryland Day, Read Across America Day",Spring_Holidays,Q1,March,Northern
USA,2017,4,70606.0,61292.0,9314.0,132670.5,70606.0,2017-04-01,North America,11.0,"National Library Workers' Day, Take our Daughters and Sons to Work Day, Pascua Florida Day",Spring_Holidays,Q2,April,Northern
USA,2017,5,74011.0,64635.0,9376.0,139282.436,74011.0,2017-05-01,North America,21.0,"Lei Day, Kent State Shootings Remembrance, Rhode Island Independence Day",Regular,Q2,May,Northern
USA,2017,6,77369.0,66926.0,10442.0,145140.001,77369.0,2017-06-01,North America,9.0,"Statehood Day, Jefferson Davis' Birthday, Bunker Hill Day",Regular,Q2,June,Northern
USA,2017,7,80255.0,68725.0,11531.0,150581.215,80255.0,2017-07-01,North America,5.0,"Nathan Bedford Forrest Day, Bastille Day, Parents' Day",Summer_Holidays,Q3,July,Northern
USA,2017,8,77563.0,66856.0,10708.0,144966.412,77563.0,2017-08-01,North America,6.0,"Colorado Day, Coast Guard Birthday, Purple Heart Day",Summer_Holidays,Q3,August,Northern
USA,2017,9,65316.0,57405.0,7913.0,123563.734,65316.0,2017-09-01,North America,13.0,"California Admission Day, Emancipation Day, Native American Day",Regular,Q3,September,Northern
USA,2017,10,73143.0,64908.0,8235.0,138308.935,73143.0,2017-10-01,North America,11.0,"Columbus Day, Indigenous People's Day, Native Americans' Day",Regular,Q4,October,Northern
USA,2017,11,70018.0,62162.0,7856.0,131553.688,70018.0,2017-11-01,North America,6.0,"Marine Corps Birthday, Black Friday, Cyber Monday",Regular,Q4,November,Northern
USA,2017,12,70666.0,61577.0,9089.0,132184.624,70666.0,2017-12-01,North America,10.0,"Rosa Parks Day, St Nicholas Day, Pearl Harbor Remembrance Day",Winter_Holidays,Q4,December,Northern
USA,2018,1,64786.0,55998.0,8787.0,,64786.0,2018-01-01,North America,3.0,"Stephen Foster Memorial Day, Kansas Day, Martin Luther King Jr. Day",Winter_Holidays,Q1,January,Northern
USA,2018,2,62068.0,54261.0,7807.0,,62068.0,2018-02-01,North America,12.0,"Rosa Parks Day, Lincoln's Birthday, Statehood Day",Regular,Q1,February,Northern
USA,2018,3,76706.0,66856.0,9850.0,,76706.0,2018-03-01,North America,4.0,"Casimir Pulaski Day, Employee Appreciation Day, Read Across America Day",Spring_Holidays,Q1,March,Northern
USA,2018,4,74018.0,64744.0,9274.0,,74018.0,2018-04-01,North America,11.0,"National Library Workers' Day, Take our Daughters and Sons to Work Day, Pascua Florida Day",Spring_Holidays,Q2,April,Northern
USA,2018,5,77706.0,68024.0,9681.0,,77706.0,2018-05-01,North America,21.0,"Lei Day, Kent State Shootings Remembrance, Rhode Island Independence Day",Regular,Q2,May,Northern
USA,2018,6,81334.0,70460.0,10874.0,,81334.0,2018-06-01,North America,9.0,"Statehood Day, Jefferson Davis' Birthday, Bunker Hill Day",Regular,Q2,June,Northern
USA,2018,7,84373.0,72697.0,11675.0,,84373.0,2018-07-01,North America,5.0,"Nathan Bedford Forrest Day, Bastille Day, Parents' Day",Summer_Holidays,Q3,July,Northern
USA,2018,8,81318.0,70523.0,10795.0,,81318.0,2018-08-01,North America,6.0,"Colorado Day, Coast Guard Birthday, Purple Heart Day",Summer_Holidays,Q3,August,Northern
USA,2018,9,69027.0,60696.0,8331.0,,69027.0,2018-09-01,North America,12.0,"California Admission Day, Emancipation Day, Native American Day",Regular,Q3,September,Northern
USA,2018,10,75880.0,67332.0,8550.0,,75880.0,2018-10-01,North America,10.0,"Columbus Day, Indigenous People's Day, Native Americans' Day",Regular,Q4,October,Northern
USA,2018,11,73165.0,64922.0,8244.0,,73165.0,2018-11-01,North America,7.0,"Diwali/Deepavali, Marine Corps Birthday, Black Friday",Regular,Q4,November,Northern
USA,2018,12,73113.0,63800.0,9313.0,,73113.0,2018-12-01,North America,11.0,"Rosa Parks Day, St Nicholas Day, Pearl Harbor Remembrance Day",Winter_Holidays,Q4,December,Northern
ZAF,2014,1,,,,2827.882,2827.882,2014-01-01,Other,0.0,None,Regular,Q1,January,Southern
ZAF,2014,2,,,,2742.206,2742.206,2014-02-01,Other,0.0,None,Regular,Q1,February,Southern
ZAF,2014,3,,,,3040.172,3040.172,2014-03-01,Other,1.0,Human Rights Day,Spring_Holidays,Q1,March,Southern
ZAF,2014,4,,,,2976.201,2976.201,2014-04-01,Other,9.0,"Holy Saturday, Easter Sunday, School holiday",Spring_Holidays,Q2,April,Southern
ZAF,2014,5,,,,2692.628,2692.628,2014-05-01,Other,5.0,"Workers' Day, School holiday, Mother's Day",Regular,Q2,May,Southern
ZAF,2014,6,,,,2702.066,2702.066,2014-06-01,Other,3.0,"Pentecost, Father's Day, Youth Day",Regular,Q2,June,Southern
ZAF,2014,7,,,,2940.447,2940.447,2014-07-01,Other,1.0,Nelson Mandela Day,Summer_Holidays,Q3,July,Southern
ZAF,2014,8,,,,3013.26,3013.26,2014-08-01,Other,1.0,National Women's Day,Summer_Holidays,Q3,August,Southern
ZAF,2014,9,,,,2897.821,2897.821,2014-09-01,Other,1.0,Heritage Day,Regular,Q3,September,Southern
ZAF,2014,10,,,,3168.769,3168.769,2014-10-01,Other,0.0,None,Regular,Q4,October,Southern
ZAF,2014,11,,,,3005.084,3005.084,2014-11-01,Other,1.0,All Saints' Day,Regular,Q4,November,Southern
ZAF,2014,12,,,,3213.208,3213.208,2014-12-01,Other,5.0,"Christmas Eve, New Year's Eve, Day of Reconciliation",Winter_Holidays,Q4,December,Southern
ZAF,2015,1,,,,2848.893,2848.893,2015-01-01,Other,0.0,None,Regular,Q1,January,Southern
ZAF,2015,2,,,,2775.862,2775.862,2015-02-01,Other,0.0,None,Regular,Q1,February,Southern
ZAF,2015,3,,,,3310.401,3310.401,2015-03-01,Other,1.0,Human Rights Day,Spring_Holidays,Q1,March,Southern
ZAF,2015,4,,,,3135.401,3135.401,2015-04-01,Other,5.0,"Holy Saturday, Easter Sunday, Good Friday",Spring_Holidays,Q2,April,Southern
ZAF,2015,5,,,,2897.01,2897.01,2015-05-01,Other,4.0,"Workers' Day, Mother's Day, Ascension Day",Regular,Q2,May,Southern
ZAF,2015,6,,,,2793.207,2793.207,2015-06-01,Other,3.0,"School holiday, Father's Day, Youth Day",Regular,Q2,June,Southern
ZAF,2015,7,,,,3194.28,3194.28,2015-07-01,Other,1.0,Nelson Mandela Day,Summer_Holidays,Q3,July,Southern
ZAF,2015,8,,,,3208.076,3208.076,2015-08-01,Other,3.0,"School holiday, National Women's Day, National Women's Day observed",Summer_Holidays,Q3,August,Southern
ZAF,2015,9,,,,3157.441,3157.441,2015-09-01,Other,2.0,"School holiday, Heritage Day",Regular,Q3,September,Southern
ZAF,2015,10,,,,3434.041,3434.041,2015-10-01,Other,0.0,None,Regular,Q4,October,Southern
ZAF,2015,11,,,,3333.501,3333.501,2015-11-01,Other,1.0,All Saints' Day,Regular,Q4,November,Southern
ZAF,2015,12,,,,3584.925,3584.925,2015-12-01,Other,5.0,"Christmas Eve, New Year's Eve, Day of Reconciliation",Winter_Holidays,Q4,December,Southern
ZAF,2016,1,,,,3183.022,3183.022,2016-01-01,Other,0.0,None,Regular,Q1,January,Southern
ZAF,2016,2,,,,3133.721,3133.721,2016-02-01,Other,0.0,None,Regular,Q1,February,Southern
ZAF,2016,3,,,,3519.859,3519.859,2016-03-01,Other,5.0,"Holy Saturday, Easter Sunday, Human Rights Day",Spring_Holidays,Q1,March,Southern
ZAF,2016,4,,,,3261.574,3261.574,2016-04-01,Other,1.0,Freedom Day,Spring_Holidays,Q2,April,Southern
ZAF,2016,5,,,,3063.518,3063.518,2016-05-01,Other,5.0,"Workers' Day, Workers' Day observed, Ascension Day",Regular,Q2,May,Southern
ZAF,2016,6,,,,2917.681,2917.681,2016-06-01,Other,2.0,"Father's Day, Youth Day",Regular,Q2,June,Southern
ZAF,2016,7,,,,3355.671,3355.671,2016-07-01,Other,1.0,Nelson Mandela Day,Summer_Holidays,Q3,July,Southern
ZAF,2016,8,,,,3280.047,3280.047,2016-08-01,Other,3.0,"Election Day, Municipal Elections, National Women's Day",Summer_Holidays,Q3,August,Southern
ZAF,2016,9,,,,3343.754,3343.754,2016-09-01,Other,1.0,Heritage Day,Regular,Q3,September,Southern
ZAF,2016,10,,,,3586.918,3586.918,2016-10-01,Other,0.0,None,Regular,Q4,October,Southern
ZAF,2016,11,,,,3338.275,3338.275,2016-11-01,Other,1.0,All Saints' Day,Regular,Q4,November,Southern
ZAF,2016,12,,,,3695.519,3695.519,2016-12-01,Other,6.0,"Christmas Eve, New Year's Eve, Day of Reconciliation",Winter_Holidays,Q4,December,Southern
ZAF,2017,1,,,,3250.12,3250.12,2017-01-01,Other,1.0,New Year's Day observed,Winter_Holidays,Q1,January,Southern
ZAF,2017,2,,,,3118.05,3118.05,2017-02-01,Other,0.0,None,Regular,Q1,February,Southern
ZAF,2017,3,,,,3572.336,3572.336,2017-03-01,Other,1.0,Human Rights Day,Spring_Holidays,Q1,March,Southern
ZAF,2017,4,,,,3563.907,3563.907,2017-04-01,Other,5.0,"Holy Saturday, Easter Sunday, Good Friday",Spring_Holidays,Q2,April,Southern
ZAF,2017,5,,,,3242.267,3242.267,2017-05-01,Other,3.0,"Workers' Day, Mother's Day, Ascension Day",Regular,Q2,May,Southern
ZAF,2017,6,,,,3038.16,3038.16,2017-06-01,Other,3.0,"Pentecost, Father's Day, Youth Day",Regular,Q2,June,Southern
ZAF,2017,7,,,,3546.321,3546.321,2017-07-01,Other,1.0,Nelson Mandela Day,Summer_Holidays,Q3,July,Southern
ZAF,2017,8,,,,3425.617,3425.617,2017-08-01,Other,1.0,National Women's Day,Summer_Holidays,Q3,August,Southern
ZAF,2017,9,,,,3454.075,3454.075,2017-09-01,Other,2.0,"Heritage Day, Heritage Day observed",Regular,Q3,September,Southern
ZAF,2017,10,,,,3678.78,3678.78,2017-10-01,Other,0.0,None,Regular,Q4,October,Southern
ZAF,2017,11,,,,3482.341,3482.341,2017-11-01,Other,1.0,All Saints' Day,Regular,Q4,November,Southern
ZAF,2017,12,,,,3812.322,3812.322,2017-12-01,Other,5.0,"Christmas Eve, New Year's Eve, Day of Reconciliation",Winter_Holidays,Q4,December,Southern
